Player ID,Player,Pos,Team,Opp,Week,PPR Pts,Std Pts,Carries,Rush Yds,Rush TD,Targets,Rec,Rec Yds,Rec TD,Att,Pass Yds,Pass TD,INT,Wk Pos Rank
00-0035676,A.J. Brown,WR,PHI,DAL,1,1.8,0.8,0,0,0,1,1,8,0,0,0,0,0,73.0
00-0035676,A.J. Brown,WR,PHI,KC,2,7.7,2.7,0,0,0,8,5,27,0,0,0,0,0,56.0
00-0035676,A.J. Brown,WR,PHI,LA,3,22.9,16.9,0,0,0,10,6,109,1,0,0,0,0,4.0
00-0035676,A.J. Brown,WR,PHI,TB,4,2.7,0.7,0,0,0,9,2,7,0,0,0,0,0,72.0
00-0035676,A.J. Brown,WR,PHI,DEN,5,9.3,4.3,0,0,0,8,5,43,0,0,0,0,0,44.0
00-0035676,A.J. Brown,WR,PHI,NYG,6,14.0,8.0,0,0,0,9,6,80,0,0,0,0,0,18.0
00-0035676,A.J. Brown,WR,PHI,MIN,7,28.1,24.1,0,0,0,6,4,121,2,0,0,0,0,4.0
00-0035676,A.J. Brown,WR,PHI,GB,10,3.3,1.3,0,0,0,3,2,13,0,0,0,0,0,59.0
00-0035676,A.J. Brown,WR,PHI,DET,11,11.9,4.9,0,0,0,11,7,49,0,0,0,0,0,20.0
00-0035676,A.J. Brown,WR,PHI,DAL,12,25.0,17.0,0,0,0,10,8,110,1,0,0,0,0,5.0
00-0035676,A.J. Brown,WR,PHI,CHI,13,35.2,25.2,0,0,0,12,10,132,2,0,0,0,0,1.0
00-0035676,A.J. Brown,WR,PHI,LAC,14,16.0,10.0,0,0,0,13,6,100,0,0,0,0,0,16.0
00-0035676,A.J. Brown,WR,PHI,LV,15,12.1,10.1,0,0,0,2,2,41,1,0,0,0,0,26.0
00-0035676,A.J. Brown,WR,PHI,WAS,16,18.5,9.5,0,0,0,12,9,95,0,0,0,0,0,15.0
00-0035676,A.J. Brown,WR,PHI,BUF,17,11.8,6.8,0,0,0,7,5,68,0,0,0,0,0,24.0
00-0039793,AJ Barner,TE,SEA,SF,1,1.2,0.2,1,2,0,2,1,0,0,0,0,0,0,37.0
00-0039793,AJ Barner,TE,SEA,PIT,2,10.8,8.8,1,2,0,3,2,26,1,0,0,0,0,7.0
00-0039793,AJ Barner,TE,SEA,NO,3,3.3,2.3,0,0,0,1,1,23,0,0,0,0,0,30.0
00-0039793,AJ Barner,TE,SEA,ARI,4,12.2,9.2,0,0,0,3,3,32,1,0,0,0,0,8.0
00-0039793,AJ Barner,TE,SEA,TB,5,24.3,17.3,0,0,0,7,7,53,2,0,0,0,0,1.0
00-0039793,AJ Barner,TE,SEA,JAX,6,10.1,7.1,0,0,0,3,3,71,0,0,0,0,0,15.0
00-0039793,AJ Barner,TE,SEA,HOU,7,1.9,0.9,1,2,0,3,1,7,0,0,0,0,0,31.0
00-0039793,AJ Barner,TE,SEA,WAS,9,11.5,8.5,1,1,1,4,3,24,0,0,0,0,0,13.0
00-0039793,AJ Barner,TE,SEA,ARI,10,0.3,0.3,2,3,0,0,0,0,0,0,0,0,0,35.0
00-0039793,AJ Barner,TE,SEA,LA,11,17.1,7.1,2,1,0,11,10,70,0,0,0,0,0,4.0
00-0039793,AJ Barner,TE,SEA,TEN,12,3.8,1.8,0,0,0,4,2,18,0,0,0,0,0,27.0
00-0039793,AJ Barner,TE,SEA,MIN,13,7.7,3.7,1,2,0,5,4,35,0,0,0,0,0,20.0
00-0039793,AJ Barner,TE,SEA,ATL,14,5.7,2.7,0,0,0,4,3,27,0,0,0,0,0,19.0
00-0039793,AJ Barner,TE,SEA,IND,15,5.7,2.7,0,0,0,6,3,27,0,0,0,0,0,24.0
00-0039793,AJ Barner,TE,SEA,LA,16,15.0,11.0,1,1,0,6,4,49,1,0,0,0,0,7.0
00-0039793,AJ Barner,TE,SEA,CAR,17,13.3,10.3,0,0,0,3,3,43,1,0,0,0,0,9.0
00-0039793,AJ Barner,TE,SEA,SF,18,3.4,1.4,0,0,0,3,2,14,0,0,0,0,0,25.0
00-0033293,Aaron Jones,RB,MIN,CHI,1,15.7,12.7,8,23,0,3,3,44,1,0,0,0,0,12.0
00-0033293,Aaron Jones,RB,MIN,ATL,2,2.3,2.3,5,23,0,1,0,0,0,0,0,0,0,47.0
00-0033293,Aaron Jones,RB,MIN,LAC,8,5.0,3.0,5,15,0,4,2,15,0,0,0,0,0,38.0
00-0033293,Aaron Jones,RB,MIN,DET,9,11.8,9.8,9,78,0,2,2,20,0,0,0,0,0,18.0
00-0033293,Aaron Jones,RB,MIN,BAL,10,15.9,12.9,9,47,1,6,3,22,0,0,0,0,0,12.0
00-0033293,Aaron Jones,RB,MIN,CHI,11,11.1,8.1,16,70,0,6,3,11,0,0,0,0,0,22.0
00-0033293,Aaron Jones,RB,MIN,GB,12,8.7,5.7,9,41,0,4,3,16,0,0,0,0,0,27.0
00-0033293,Aaron Jones,RB,MIN,SEA,13,4.5,0.5,6,3,0,4,4,22,0,0,0,0,0,51.0
00-0033293,Aaron Jones,RB,MIN,WAS,14,7.6,7.6,14,76,0,1,0,0,0,0,0,0,0,33.0
00-0033293,Aaron Jones,RB,MIN,DAL,15,9.5,6.5,12,34,0,3,3,31,0,0,0,0,0,27.0
00-0033293,Aaron Jones,RB,MIN,NYG,16,11.3,9.3,21,85,0,3,2,8,0,0,0,0,0,26.0
00-0033293,Aaron Jones,RB,MIN,DET,17,15.3,12.3,18,53,1,4,3,10,0,0,0,0,0,15.0
00-0023459,Aaron Rodgers,QB,PIT,NYJ,1,25.66,25.66,1,-1,0,0,0,0,0,30,244,4,0,7.0
00-0023459,Aaron Rodgers,QB,PIT,SEA,2,10.42,10.42,1,3,0,0,0,0,0,33,203,1,2,24.0
00-0023459,Aaron Rodgers,QB,PIT,NE,3,11.66,11.66,4,1,0,0,0,0,0,23,139,2,1,24.0
00-0023459,Aaron Rodgers,QB,PIT,MIN,4,12.8,12.8,3,8,0,0,0,0,0,22,200,1,0,21.0
00-0023459,Aaron Rodgers,QB,PIT,CLE,6,17.5,17.5,1,1,0,0,0,0,0,30,235,2,0,16.0
00-0023459,Aaron Rodgers,QB,PIT,CIN,7,22.56,22.56,1,6,0,0,0,0,0,34,249,4,2,10.0
00-0023459,Aaron Rodgers,QB,PIT,GB,8,16.76,16.76,0,0,0,0,0,0,0,36,219,2,0,15.0
00-0023459,Aaron Rodgers,QB,PIT,IND,9,12.12,12.12,2,0,0,0,0,0,0,35,203,1,0,21.0
00-0023459,Aaron Rodgers,QB,PIT,LAC,10,6.44,6.44,0,0,0,0,0,0,0,31,161,1,2,24.0
00-0023459,Aaron Rodgers,QB,PIT,CIN,11,9.44,9.44,1,8,0,0,0,0,0,15,116,1,0,22.0
00-0023459,Aaron Rodgers,QB,PIT,BUF,13,2.68,2.68,1,0,0,0,0,0,0,21,117,0,0,31.0
00-0023459,Aaron Rodgers,QB,PIT,BAL,14,21.46,20.46,2,0,1,1,1,-9,0,34,284,1,0,6.0
00-0023459,Aaron Rodgers,QB,PIT,MIA,15,16.96,16.96,0,0,0,0,0,0,0,27,224,2,0,17.0
00-0023459,Aaron Rodgers,QB,PIT,DET,16,15.54,15.54,2,9,0,0,0,0,0,41,266,1,0,16.0
00-0023459,Aaron Rodgers,QB,PIT,CLE,17,7.32,7.32,1,6,0,0,0,0,0,39,168,0,0,21.0
00-0023459,Aaron Rodgers,QB,PIT,BAL,18,17.76,17.76,1,20,0,0,0,0,0,47,294,1,0,7.0
00-0039890,Adonai Mitchell,WR,IND,MIA,1,4.1,2.1,0,0,0,2,2,21,0,0,0,0,0,62.0
00-0039890,Adonai Mitchell,WR,IND,DEN,2,4.0,2.0,0,0,0,4,2,20,0,0,0,0,0,69.0
00-0039890,Adonai Mitchell,WR,IND,TEN,3,0.0,0.0,0,0,0,2,0,0,0,0,0,0,0,82.0
00-0039890,Adonai Mitchell,WR,IND,LA,4,10.6,7.6,0,0,0,4,3,96,0,0,0,0,0,28.0
00-0039890,Adonai Mitchell,WR,IND,LV,5,0.0,0.0,0,0,0,1,0,0,0,0,0,0,0,69.0
00-0039890,Adonai Mitchell,WR,IND,LAC,7,1.8,0.8,0,0,0,1,1,8,0,0,0,0,0,70.0
00-0039890,Adonai Mitchell,WR,IND,TEN,8,0.0,0.0,0,0,0,1,0,0,0,0,0,0,0,65.0
00-0039890,Adonai Mitchell,WR,IND,PIT,9,1.7,0.7,0,0,0,1,1,7,0,0,0,0,0,68.0
00-0039890,Adonai Mitchell,WR,NYJ,NE,11,2.0,1.0,0,0,0,6,1,10,0,0,0,0,0,68.0
00-0039890,Adonai Mitchell,WR,NYJ,BAL,12,6.2,4.2,0,0,0,7,2,42,0,0,0,0,0,39.0
00-0039890,Adonai Mitchell,WR,NYJ,ATL,13,24.2,16.2,0,0,0,12,8,102,1,0,0,0,0,5.0
00-0039890,Adonai Mitchell,WR,NYJ,MIA,14,3.4,2.4,0,0,0,6,1,24,0,0,0,0,0,61.0
00-0039890,Adonai Mitchell,WR,NYJ,JAX,15,17.4,11.4,1,-4,0,9,6,58,1,0,0,0,0,14.0
00-0039890,Adonai Mitchell,WR,NYJ,NO,16,7.3,4.3,0,0,0,6,3,43,0,0,0,0,0,49.0
00-0039890,Adonai Mitchell,WR,NYJ,NE,17,5.2,2.2,0,0,0,9,3,22,0,0,0,0,0,50.0
00-0039890,Adonai Mitchell,WR,NYJ,BUF,18,0.0,0.0,0,0,0,3,0,0,0,0,0,0,0,68.0
00-0037664,Alec Pierce,WR,IND,MIA,1,4.6,3.6,0,0,0,3,1,36,0,0,0,0,0,58.0
00-0037664,Alec Pierce,WR,IND,DEN,2,10.8,6.8,0,0,0,5,4,68,0,0,0,0,0,36.0
00-0037664,Alec Pierce,WR,IND,TEN,3,10.7,6.7,0,0,0,5,4,67,0,0,0,0,0,31.0
00-0037664,Alec Pierce,WR,IND,ARI,6,6.8,4.8,0,0,0,4,2,48,0,0,0,0,0,39.0
00-0037664,Alec Pierce,WR,IND,LAC,7,14.8,9.8,0,0,0,10,5,98,0,0,0,0,0,21.0
00-0037664,Alec Pierce,WR,IND,TEN,8,8.9,6.9,0,0,0,5,2,69,0,0,0,0,0,39.0
00-0037664,Alec Pierce,WR,IND,PIT,9,17.5,11.5,0,0,0,13,6,115,0,0,0,0,0,16.0
00-0037664,Alec Pierce,WR,IND,ATL,10,18.4,14.4,0,0,0,7,4,84,1,0,0,0,0,14.0
00-0037664,Alec Pierce,WR,IND,KC,12,3.6,2.6,0,0,0,2,1,26,0,0,0,0,0,53.0
00-0037664,Alec Pierce,WR,IND,HOU,13,17.8,13.8,0,0,0,5,4,78,1,0,0,0,0,14.0
00-0037664,Alec Pierce,WR,IND,JAX,14,13.0,8.0,0,0,0,8,5,80,0,0,0,0,0,20.0
00-0037664,Alec Pierce,WR,IND,SEA,15,2.6,1.6,0,0,0,1,1,16,0,0,0,0,0,72.0
00-0037664,Alec Pierce,WR,IND,SF,16,24.6,20.6,0,0,0,4,4,86,2,0,0,0,0,5.0
00-0037664,Alec Pierce,WR,IND,JAX,17,0.0,0.0,0,0,0,5,0,0,0,0,0,0,0,78.0
00-0037664,Alec Pierce,WR,IND,HOU,18,29.2,25.2,0,0,0,7,4,132,2,0,0,0,0,2.0
00-0033906,Alvin Kamara,RB,NO,ARI,1,13.7,11.7,11,45,1,2,2,12,0,0,0,0,0,20.0
00-0033906,Alvin Kamara,RB,NO,SF,2,16.0,10.0,21,99,0,6,6,21,0,0,0,0,0,15.0
00-0033906,Alvin Kamara,RB,NO,SEA,3,6.6,5.6,18,42,0,2,1,14,0,0,0,0,0,35.0
00-0033906,Alvin Kamara,RB,NO,BUF,4,11.2,7.2,15,70,0,5,4,2,0,0,0,0,0,27.0
00-0033906,Alvin Kamara,RB,NO,NYG,5,9.5,5.5,8,27,0,6,4,28,0,0,0,0,0,27.0
00-0033906,Alvin Kamara,RB,NO,NE,6,12.6,7.6,10,31,0,5,5,45,0,0,0,0,0,14.0
00-0033906,Alvin Kamara,RB,NO,CHI,7,5.9,2.9,11,28,0,3,3,1,0,0,0,0,0,36.0
00-0033906,Alvin Kamara,RB,NO,TB,8,6.5,4.5,6,21,0,2,2,24,0,0,0,0,0,31.0
00-0033906,Alvin Kamara,RB,NO,LA,9,0.7,-0.3,6,14,0,3,1,3,0,0,0,0,0,45.0
00-0033906,Alvin Kamara,RB,NO,CAR,10,14.5,11.5,22,83,0,3,3,32,0,0,0,0,0,17.0
00-0033906,Alvin Kamara,RB,NO,ATL,12,3.5,1.5,3,11,0,2,2,4,0,0,0,0,0,44.0
00-0036963,Amon-Ra St. Brown,WR,DET,GB,1,8.5,4.5,0,0,0,6,4,45,0,0,0,0,0,40.0
00-0036963,Amon-Ra St. Brown,WR,DET,CHI,2,39.2,30.2,2,7,0,11,9,115,3,0,0,0,0,1.0
00-0036963,Amon-Ra St. Brown,WR,DET,BAL,3,20.7,13.7,0,0,0,8,7,77,1,0,0,0,0,7.0
00-0036963,Amon-Ra St. Brown,WR,DET,CLE,4,26.0,19.0,0,0,0,7,7,70,2,0,0,0,0,4.0
00-0036963,Amon-Ra St. Brown,WR,DET,CIN,5,18.0,10.0,0,0,0,9,8,100,0,0,0,0,0,14.0
00-0036963,Amon-Ra St. Brown,WR,DET,KC,6,13.7,4.7,1,2,0,10,9,45,0,0,0,0,0,19.0
00-0036963,Amon-Ra St. Brown,WR,DET,TB,7,20.6,14.6,0,0,0,10,6,86,1,0,0,0,0,14.0
00-0036963,Amon-Ra St. Brown,WR,DET,MIN,9,18.7,9.7,0,0,0,13,9,97,0,0,0,0,0,11.0
00-0036963,Amon-Ra St. Brown,WR,DET,WAS,10,16.8,11.8,0,0,0,8,5,58,1,0,0,0,0,19.0
00-0036963,Amon-Ra St. Brown,WR,DET,PHI,11,6.2,4.2,0,0,0,12,2,42,0,0,0,0,0,48.0
00-0036963,Amon-Ra St. Brown,WR,DET,NYG,12,29.9,20.9,0,0,0,13,9,149,1,0,0,0,0,3.0
00-0036963,Amon-Ra St. Brown,WR,DET,GB,13,0.0,0.0,0,0,0,1,0,0,0,0,0,0,0,83.0
00-0036963,Amon-Ra St. Brown,WR,DET,DAL,14,15.2,9.2,0,0,0,9,6,92,0,0,0,0,0,17.0
00-0036963,Amon-Ra St. Brown,WR,DET,LA,15,41.4,28.4,0,0,0,18,13,164,2,0,0,0,0,1.0
00-0036963,Amon-Ra St. Brown,WR,DET,PIT,16,9.4,5.4,0,0,0,9,4,54,0,0,0,0,0,35.0
00-0036963,Amon-Ra St. Brown,WR,DET,MIN,17,14.8,6.8,0,0,0,13,8,68,0,0,0,0,0,14.0
00-0036963,Amon-Ra St. Brown,WR,DET,CHI,18,24.9,13.9,0,0,0,15,11,139,0,0,0,0,0,4.0
00-0038619,Andrei Iosivas,WR,CIN,JAX,2,2.2,1.2,0,0,0,5,1,12,0,0,0,0,0,79.0
00-0038619,Andrei Iosivas,WR,CIN,DEN,4,3.7,2.7,1,5,0,1,1,22,0,0,0,0,0,67.0
00-0038619,Andrei Iosivas,WR,CIN,DET,5,13.2,8.2,0,0,0,7,5,82,0,0,0,0,0,25.0
00-0038619,Andrei Iosivas,WR,CIN,GB,6,1.5,0.5,0,0,0,4,1,5,0,0,0,0,0,68.0
00-0038619,Andrei Iosivas,WR,CIN,PIT,7,7.9,4.9,0,0,0,4,3,49,0,0,0,0,0,41.0
00-0038619,Andrei Iosivas,WR,CIN,NYJ,8,0.0,0.0,0,0,0,3,0,0,0,0,0,0,0,65.0
00-0038619,Andrei Iosivas,WR,CIN,CHI,9,18.0,13.0,1,4,0,7,5,66,1,0,0,0,0,13.0
00-0038619,Andrei Iosivas,WR,CIN,PIT,11,5.0,2.0,0,0,0,4,3,20,0,0,0,0,0,56.0
00-0038619,Andrei Iosivas,WR,CIN,NE,12,10.6,6.6,1,5,0,7,4,61,0,0,0,0,0,28.0
00-0038619,Andrei Iosivas,WR,CIN,BAL,13,9.9,8.9,0,0,0,2,1,29,1,0,0,0,0,35.0
00-0038619,Andrei Iosivas,WR,CIN,BUF,14,3.7,1.7,0,0,0,3,2,17,0,0,0,0,0,57.0
00-0038619,Andrei Iosivas,WR,CIN,BAL,15,0.0,0.0,0,0,0,1,0,0,0,0,0,0,0,78.0
00-0038619,Andrei Iosivas,WR,CIN,MIA,16,3.1,2.1,0,0,0,1,1,21,0,0,0,0,0,70.0
00-0038619,Andrei Iosivas,WR,CIN,ARI,17,8.1,4.1,0,0,0,6,4,41,0,0,0,0,0,37.0
00-0038619,Andrei Iosivas,WR,CIN,CLE,18,3.0,1.0,0,0,0,3,2,10,0,0,0,0,0,53.0
00-0040122,Ashton Jeanty,RB,LV,NE,1,12.0,10.0,19,38,1,2,2,2,0,0,0,0,0,23.0
00-0040122,Ashton Jeanty,RB,LV,LAC,2,7.4,4.4,11,43,0,4,3,1,0,0,0,0,0,32.0
00-0040122,Ashton Jeanty,RB,LV,WAS,3,6.3,6.3,17,63,0,0,0,0,0,0,0,0,0,36.0
00-0040122,Ashton Jeanty,RB,LV,CHI,4,33.5,31.5,21,138,1,2,2,17,2,0,0,0,0,1.0
00-0040122,Ashton Jeanty,RB,LV,IND,5,15.9,10.9,14,67,0,7,5,42,0,0,0,0,0,15.0
00-0040122,Ashton Jeanty,RB,LV,TEN,6,16.6,14.6,23,75,1,4,2,11,0,0,0,0,0,12.0
00-0040122,Ashton Jeanty,RB,LV,KC,7,4.4,3.4,6,21,0,1,1,13,0,0,0,0,0,42.0
00-0040122,Ashton Jeanty,RB,LV,JAX,9,19.9,14.9,13,42,0,5,5,47,1,0,0,0,0,5.0
00-0040122,Ashton Jeanty,RB,LV,DEN,10,15.3,12.3,19,60,1,5,3,3,0,0,0,0,0,14.0
00-0040122,Ashton Jeanty,RB,LV,DAL,11,9.4,3.4,6,7,0,8,6,27,0,0,0,0,0,29.0
00-0040122,Ashton Jeanty,RB,LV,CLE,12,24.8,16.8,17,50,0,8,8,58,1,0,0,0,0,4.0
00-0040122,Ashton Jeanty,RB,LV,LAC,13,12.1,6.1,15,31,0,8,6,30,0,0,0,0,0,24.0
00-0040122,Ashton Jeanty,RB,LV,DEN,14,5.8,3.8,10,30,0,4,2,8,0,0,0,0,0,38.0
00-0040122,Ashton Jeanty,RB,LV,PHI,15,8.2,4.2,9,35,0,6,4,7,0,0,0,0,0,30.0
00-0040122,Ashton Jeanty,RB,LV,HOU,16,31.8,30.8,24,128,1,2,1,60,1,0,0,0,0,3.0
00-0040122,Ashton Jeanty,RB,LV,NYG,17,9.3,7.3,16,60,0,2,2,13,0,0,0,0,0,21.0
00-0040122,Ashton Jeanty,RB,LV,KC,18,12.4,9.4,26,87,0,5,3,7,0,0,0,0,0,14.0
00-0034855,Baker Mayfield,QB,TB,ATL,1,22.58,22.58,5,39,0,0,0,0,0,32,167,3,0,11.0
00-0034855,Baker Mayfield,QB,TB,HOU,2,19.9,19.9,3,33,0,0,0,0,0,38,215,2,0,12.0
00-0034855,Baker Mayfield,QB,TB,NYJ,3,17.72,17.72,4,44,0,0,0,0,0,29,233,1,0,8.0
00-0034855,Baker Mayfield,QB,TB,PHI,4,18.86,18.86,2,13,0,0,0,0,0,40,289,2,1,12.0
00-0034855,Baker Mayfield,QB,TB,SEA,5,26.66,26.66,5,15,0,0,0,0,0,33,379,2,0,5.0
00-0034855,Baker Mayfield,QB,TB,SF,6,19.64,19.64,3,14,0,0,0,0,0,23,256,2,0,11.0
00-0034855,Baker Mayfield,QB,TB,DET,7,11.12,11.12,0,0,0,0,0,0,0,50,228,1,1,19.0
00-0034855,Baker Mayfield,QB,TB,NO,8,4.08,4.08,0,0,0,0,0,0,0,24,152,0,0,24.0
00-0034855,Baker Mayfield,QB,TB,NE,10,22.92,22.92,0,0,0,0,0,0,0,43,273,3,0,7.0
00-0034855,Baker Mayfield,QB,TB,BUF,11,16.82,16.82,5,39,1,0,0,0,0,28,173,1,1,8.0
00-0034855,Baker Mayfield,QB,TB,LA,12,3.54,3.54,4,19,0,0,0,0,0,19,41,1,2,25.0
00-0034855,Baker Mayfield,QB,TB,ARI,13,14.46,14.46,6,27,0,0,0,0,0,28,194,1,0,18.0
00-0034855,Baker Mayfield,QB,TB,NO,14,11.08,11.08,6,42,0,0,0,0,0,30,122,1,1,20.0
00-0034855,Baker Mayfield,QB,TB,ATL,15,19.18,19.18,1,1,0,0,0,0,0,34,277,2,1,14.0
00-0034855,Baker Mayfield,QB,TB,CAR,16,12.7,12.7,4,49,0,0,0,0,0,26,145,1,1,19.0
00-0034855,Baker Mayfield,QB,TB,MIA,17,17.44,17.44,3,16,0,0,0,0,0,44,346,2,2,11.0
00-0034855,Baker Mayfield,QB,TB,CAR,18,13.22,13.22,4,31,0,0,0,0,0,22,203,1,1,14.0
00-0037157,Bam Knight,RB,ARI,CAR,2,0.0,0.0,0,0,0,0,0,0,0,0,0,0,0,55.0
00-0037157,Bam Knight,RB,ARI,SEA,4,0.0,0.0,0,0,0,0,0,0,0,0,0,0,0,55.0
00-0037157,Bam Knight,RB,ARI,TEN,5,9.4,8.4,4,11,1,1,1,13,0,0,0,0,0,28.0
00-0037157,Bam Knight,RB,ARI,IND,6,12.4,11.4,11,34,1,2,1,20,0,0,0,0,0,15.0
00-0037157,Bam Knight,RB,ARI,GB,7,9.4,6.4,14,57,0,4,3,7,0,0,0,0,0,23.0
00-0037157,Bam Knight,RB,ARI,DAL,9,6.7,4.7,9,27,0,2,2,20,0,0,0,0,0,31.0
00-0037157,Bam Knight,RB,ARI,SEA,10,4.3,3.3,10,28,0,4,1,5,0,0,0,0,0,40.0
00-0037157,Bam Knight,RB,ARI,SF,11,14.5,10.5,5,24,1,4,4,21,0,0,0,0,0,18.0
00-0037157,Bam Knight,RB,ARI,JAX,12,13.2,9.2,10,12,1,5,4,20,0,0,0,0,0,16.0
00-0037157,Bam Knight,RB,ARI,TB,13,16.8,13.8,11,62,0,3,3,36,1,0,0,0,0,14.0
00-0037157,Bam Knight,RB,ARI,LA,14,6.4,3.4,7,16,0,6,3,18,0,0,0,0,0,36.0
00-0037157,Bam Knight,RB,ARI,HOU,15,-0.2,-0.2,1,-2,0,0,0,0,0,0,0,0,0,57.0
00-0040719,Bhayshul Tuten,RB,JAX,CAR,1,1.1,1.1,3,11,0,0,0,0,0,0,0,0,0,50.0
00-0040719,Bhayshul Tuten,RB,JAX,CIN,2,15.4,13.4,8,42,0,2,2,32,1,0,0,0,0,17.0
00-0040719,Bhayshul Tuten,RB,JAX,HOU,3,8.1,8.1,6,21,1,1,0,0,0,0,0,0,0,31.0
00-0040719,Bhayshul Tuten,RB,JAX,SF,4,3.2,2.2,4,14,0,1,1,8,0,0,0,0,0,46.0
00-0040719,Bhayshul Tuten,RB,JAX,KC,5,2.1,1.1,4,6,0,1,1,5,0,0,0,0,0,44.0
00-0040719,Bhayshul Tuten,RB,JAX,SEA,6,4.8,2.8,2,14,0,3,2,14,0,0,0,0,0,40.0
00-0040719,Bhayshul Tuten,RB,JAX,LA,7,2.2,2.2,5,22,0,0,0,0,0,0,0,0,0,49.0
00-0040719,Bhayshul Tuten,RB,JAX,LV,9,9.6,8.6,9,29,1,1,1,-3,0,0,0,0,0,22.0
00-0040719,Bhayshul Tuten,RB,JAX,HOU,10,2.0,1.0,4,5,0,2,1,5,0,0,0,0,0,48.0
00-0040719,Bhayshul Tuten,RB,JAX,LAC,11,13.4,13.4,15,74,1,0,0,0,0,0,0,0,0,20.0
00-0040719,Bhayshul Tuten,RB,JAX,ARI,12,1.7,1.7,7,17,0,1,0,0,0,0,0,0,0,49.0
00-0040719,Bhayshul Tuten,RB,JAX,TEN,13,8.9,7.9,8,17,1,1,1,2,0,0,0,0,0,37.0
00-0040719,Bhayshul Tuten,RB,JAX,IND,14,-1.5,-1.5,2,5,0,0,0,0,0,0,0,0,0,52.0
00-0040719,Bhayshul Tuten,RB,JAX,NYJ,15,9.3,8.3,1,7,0,1,1,16,1,0,0,0,0,28.0
00-0040719,Bhayshul Tuten,RB,JAX,TEN,18,8.3,8.3,5,23,1,0,0,0,0,0,0,0,0,22.0
00-0038542,Bijan Robinson,RB,ATL,TB,1,24.4,18.4,12,24,0,7,6,100,1,0,0,0,0,2.0
00-0038542,Bijan Robinson,RB,ATL,MIN,2,19.8,16.8,22,143,0,5,3,25,0,0,0,0,0,7.0
00-0038542,Bijan Robinson,RB,ATL,CAR,3,16.1,11.1,13,72,0,6,5,39,0,0,0,0,0,12.0
00-0038542,Bijan Robinson,RB,ATL,WAS,4,28.1,24.1,17,75,1,5,4,106,0,0,0,0,0,5.0
00-0038542,Bijan Robinson,RB,ATL,BUF,6,35.8,29.8,19,170,1,8,6,68,0,0,0,0,0,1.0
00-0038542,Bijan Robinson,RB,ATL,SF,7,21.2,15.2,14,40,0,8,6,52,1,0,0,0,0,5.0
00-0038542,Bijan Robinson,RB,ATL,MIA,8,5.8,2.8,9,25,0,3,3,23,0,0,0,0,0,34.0
00-0038542,Bijan Robinson,RB,ATL,NE,9,17.6,9.6,12,46,0,10,8,50,0,0,0,0,0,7.0
00-0038542,Bijan Robinson,RB,ATL,IND,10,10.8,8.8,17,84,0,2,2,4,0,0,0,0,0,23.0
00-0038542,Bijan Robinson,RB,ATL,CAR,11,30.3,26.3,23,104,2,5,4,39,0,0,0,0,0,4.0
00-0038542,Bijan Robinson,RB,ATL,NO,12,14.7,12.7,14,70,0,2,2,37,0,0,0,0,0,14.0
00-0038542,Bijan Robinson,RB,ATL,NYJ,13,30.3,25.3,23,142,1,7,5,51,0,0,0,0,0,1.0
00-0038542,Bijan Robinson,RB,ATL,SEA,14,9.4,7.4,20,86,0,2,2,8,0,0,0,0,0,26.0
00-0038542,Bijan Robinson,RB,ATL,TB,15,29.5,21.5,19,93,1,11,8,82,0,0,0,0,0,4.0
00-0038542,Bijan Robinson,RB,ATL,ARI,16,29.8,22.8,16,76,0,11,7,92,1,0,0,0,0,4.0
00-0038542,Bijan Robinson,RB,ATL,LA,17,39.9,34.9,22,195,1,8,5,34,1,0,0,0,0,2.0
00-0038542,Bijan Robinson,RB,ATL,NO,18,7.3,4.3,15,33,0,3,3,10,0,0,0,0,0,26.0
00-0039738,Blake Corum,RB,LA,HOU,1,2.6,1.6,1,2,0,1,1,14,0,0,0,0,0,42.0
00-0039738,Blake Corum,RB,LA,TEN,2,10.4,10.4,5,44,1,0,0,0,0,0,0,0,0,26.0
00-0039738,Blake Corum,RB,LA,PHI,3,5.3,5.3,8,53,0,0,0,0,0,0,0,0,0,40.0
00-0039738,Blake Corum,RB,LA,IND,4,3.6,1.6,9,21,0,4,2,-5,0,0,0,0,0,45.0
00-0039738,Blake Corum,RB,LA,SF,5,1.3,1.3,1,13,0,2,0,0,0,0,0,0,0,46.0
00-0039738,Blake Corum,RB,LA,BAL,6,2.3,2.3,5,23,0,0,0,0,0,0,0,0,0,50.0
00-0039738,Blake Corum,RB,LA,JAX,7,5.3,4.3,12,37,0,1,1,6,0,0,0,0,0,39.0
00-0039738,Blake Corum,RB,LA,NO,9,5.8,5.8,13,58,0,0,0,0,0,0,0,0,0,33.0
00-0039738,Blake Corum,RB,LA,SF,10,5.6,5.6,13,56,0,0,0,0,0,0,0,0,0,38.0
00-0039738,Blake Corum,RB,LA,SEA,11,1.5,0.5,8,10,0,2,1,-5,0,0,0,0,0,51.0
00-0039738,Blake Corum,RB,LA,TB,12,2.4,2.4,7,24,0,0,0,0,0,0,0,0,0,46.0
00-0039738,Blake Corum,RB,LA,CAR,13,14.1,14.1,7,81,1,0,0,0,0,0,0,0,0,19.0
00-0039738,Blake Corum,RB,LA,ARI,14,26.1,25.1,12,128,2,1,1,3,0,0,0,0,0,3.0
00-0039738,Blake Corum,RB,LA,DET,15,13.1,13.1,11,71,1,0,0,0,0,0,0,0,0,19.0
00-0039738,Blake Corum,RB,LA,SEA,16,13.1,12.1,14,48,1,2,1,13,0,0,0,0,0,22.0
00-0039738,Blake Corum,RB,LA,ATL,17,1.8,1.8,6,18,0,0,0,0,0,0,0,0,0,49.0
00-0039738,Blake Corum,RB,LA,ARI,18,7.9,6.9,13,59,0,1,1,10,0,0,0,0,0,24.0
00-0039732,Bo Nix,QB,DEN,TEN,1,6.84,6.84,8,18,0,0,0,0,0,40,176,1,2,28.0
00-0039732,Bo Nix,QB,DEN,IND,2,20.24,20.24,3,20,0,0,0,0,0,30,206,3,1,11.0
00-0039732,Bo Nix,QB,DEN,LAC,3,13.42,13.42,8,33,0,0,0,0,0,25,153,1,0,16.0
00-0039732,Bo Nix,QB,DEN,CIN,4,25.74,25.74,6,7,1,0,0,0,0,42,326,2,1,6.0
00-0039732,Bo Nix,QB,DEN,PHI,5,17.88,17.88,3,22,0,0,0,0,0,39,242,1,0,14.0
00-0039732,Bo Nix,QB,DEN,NYJ,6,13.36,13.36,5,24,0,0,0,0,0,30,174,1,0,21.0
00-0039732,Bo Nix,QB,DEN,NYG,7,39.96,39.96,5,48,2,0,0,0,0,50,279,2,0,1.0
00-0039732,Bo Nix,QB,DEN,DAL,8,23.78,23.78,1,-1,0,0,0,0,0,29,247,4,1,7.0
00-0039732,Bo Nix,QB,DEN,HOU,9,18.52,18.52,3,36,0,0,0,0,0,37,173,2,1,15.0
00-0039732,Bo Nix,QB,DEN,LV,10,5.8,5.8,5,-2,0,0,0,0,0,28,150,1,2,25.0
00-0039732,Bo Nix,QB,DEN,KC,11,12.6,12.6,3,8,0,1,0,0,0,37,295,0,0,18.0
00-0039732,Bo Nix,QB,DEN,WAS,13,16.44,16.44,2,16,0,0,0,0,0,45,321,1,1,15.0
00-0039732,Bo Nix,QB,DEN,LV,14,15.98,15.98,3,15,1,0,0,0,0,38,212,0,0,15.0
00-0039732,Bo Nix,QB,DEN,GB,15,29.08,29.08,7,10,0,0,0,0,0,34,302,4,0,2.0
00-0039732,Bo Nix,QB,DEN,JAX,16,15.18,15.18,4,11,0,0,0,0,0,47,352,1,1,17.0
00-0039732,Bo Nix,QB,DEN,KC,17,19.48,19.48,9,42,1,0,0,0,0,38,182,1,1,10.0
00-0039732,Bo Nix,QB,DEN,LAC,18,10.54,10.54,8,49,0,0,0,0,0,23,141,0,0,15.0
00-0040078,Brashard Smith,RB,KC,LAC,1,0.0,0.0,0,0,0,0,0,0,0,0,0,0,0,57.0
00-0040078,Brashard Smith,RB,KC,PHI,2,0.2,0.2,1,2,0,1,0,0,0,0,0,0,0,54.0
00-0040078,Brashard Smith,RB,KC,NYG,3,1.3,1.3,2,13,0,1,0,0,0,0,0,0,0,51.0
00-0040078,Brashard Smith,RB,KC,BAL,4,6.6,3.6,4,9,0,4,3,27,0,0,0,0,0,39.0
00-0040078,Brashard Smith,RB,KC,JAX,5,6.6,3.6,1,4,0,3,3,32,0,0,0,0,0,32.0
00-0040078,Brashard Smith,RB,KC,DET,6,5.1,2.1,0,0,0,4,3,21,0,0,0,0,0,39.0
00-0040078,Brashard Smith,RB,KC,LV,7,13.1,8.1,14,39,0,5,5,42,0,0,0,0,0,14.0
00-0040078,Brashard Smith,RB,KC,WAS,8,0.8,0.8,3,8,0,0,0,0,0,0,0,0,0,47.0
00-0040078,Brashard Smith,RB,KC,BUF,9,0.7,0.7,3,7,0,1,0,0,0,0,0,0,0,46.0
00-0040078,Brashard Smith,RB,KC,DEN,11,2.8,0.8,0,0,0,3,2,8,0,0,0,0,0,47.0
00-0040078,Brashard Smith,RB,KC,IND,12,6.6,3.6,1,5,0,4,3,31,0,0,0,0,0,34.0
00-0040078,Brashard Smith,RB,KC,DAL,13,0.0,0.0,0,0,0,0,0,0,0,0,0,0,0,57.0
00-0040078,Brashard Smith,RB,KC,HOU,14,0.7,0.7,1,7,0,0,0,0,0,0,0,0,0,49.0
00-0040078,Brashard Smith,RB,KC,LAC,15,0.1,0.1,2,1,0,0,0,0,0,0,0,0,0,56.0
00-0040078,Brashard Smith,RB,KC,TEN,16,1.4,0.4,0,0,0,1,1,4,0,0,0,0,0,53.0
00-0040078,Brashard Smith,RB,KC,DEN,17,9.5,6.5,0,0,0,4,3,5,1,0,0,0,0,20.0
00-0040078,Brashard Smith,RB,KC,LV,18,7.8,5.8,12,56,0,4,2,2,0,0,0,0,0,25.0
00-0038120,Breece Hall,RB,NYJ,PIT,1,16.5,14.5,19,107,0,4,2,38,0,0,0,0,0,10.0
00-0038120,Breece Hall,RB,NYJ,BUF,2,5.8,3.8,10,29,0,3,2,9,0,0,0,0,0,36.0
00-0038120,Breece Hall,RB,NYJ,TB,3,9.2,5.2,9,21,0,6,4,31,0,0,0,0,0,30.0
00-0038120,Breece Hall,RB,NYJ,MIA,4,16.1,11.1,14,81,0,6,5,30,0,0,0,0,0,18.0
00-0038120,Breece Hall,RB,NYJ,DAL,5,17.5,13.5,14,113,0,5,4,42,0,0,0,0,0,12.0
00-0038120,Breece Hall,RB,NYJ,DEN,6,5.9,5.9,22,59,0,0,0,0,0,0,0,0,0,35.0
00-0038120,Breece Hall,RB,NYJ,CAR,7,7.2,5.2,11,38,0,3,2,14,0,0,0,0,0,29.0
00-0038120,Breece Hall,RB,NYJ,CIN,8,32.86,30.86,18,133,2,3,2,14,0,1,4,1,0,4.0
00-0038120,Breece Hall,RB,NYJ,CLE,10,19.5,18.5,21,83,0,1,1,42,1,0,0,0,0,7.0
00-0038120,Breece Hall,RB,NYJ,NE,11,8.4,6.4,14,58,0,2,2,6,0,0,0,0,0,32.0
00-0038120,Breece Hall,RB,NYJ,BAL,12,13.9,9.9,16,44,0,4,4,75,0,0,0,0,0,15.0
00-0038120,Breece Hall,RB,NYJ,ATL,13,15.6,13.6,19,68,1,2,2,8,0,0,0,0,0,17.0
00-0038120,Breece Hall,RB,NYJ,MIA,14,4.3,4.3,14,43,0,1,0,0,0,0,0,0,0,42.0
00-0038120,Breece Hall,RB,NYJ,JAX,15,5.7,3.7,12,23,0,2,2,14,0,0,0,0,0,37.0
00-0038120,Breece Hall,RB,NYJ,NO,16,8.3,6.3,16,54,0,3,2,9,0,0,0,0,0,33.0
00-0038120,Breece Hall,RB,NYJ,NE,17,20.9,18.9,14,111,1,3,2,18,0,0,0,0,0,9.0
00-0038935,Brenton Strange,TE,JAX,CAR,1,9.9,5.9,0,0,0,4,4,59,0,0,0,0,0,17.0
00-0038935,Brenton Strange,TE,JAX,CIN,2,4.7,1.7,0,0,0,5,3,17,0,0,0,0,0,28.0
00-0038935,Brenton Strange,TE,JAX,HOU,3,12.1,6.1,0,0,0,7,6,61,0,0,0,0,0,7.0
00-0038935,Brenton Strange,TE,JAX,SF,4,10.5,4.5,0,0,0,7,6,45,0,0,0,0,0,14.0
00-0038935,Brenton Strange,TE,JAX,KC,5,3.2,2.2,0,0,0,1,1,22,0,0,0,0,0,28.0
00-0038935,Brenton Strange,TE,JAX,ARI,12,14.3,9.3,0,0,0,5,5,93,0,0,0,0,0,4.0
00-0038935,Brenton Strange,TE,JAX,TEN,13,13.5,10.5,0,0,0,4,3,45,1,0,0,0,0,7.0
00-0038935,Brenton Strange,TE,JAX,IND,14,5.7,2.7,0,0,0,6,3,27,0,0,0,0,0,19.0
00-0038935,Brenton Strange,TE,JAX,NYJ,15,3.6,2.6,0,0,0,3,1,26,0,0,0,0,0,30.0
00-0038935,Brenton Strange,TE,JAX,DEN,16,14.9,9.9,0,0,0,7,5,39,1,0,0,0,0,8.0
00-0038935,Brenton Strange,TE,JAX,IND,17,8.4,5.4,0,0,0,5,3,54,0,0,0,0,0,17.0
00-0038935,Brenton Strange,TE,JAX,TEN,18,17.2,11.2,0,0,0,6,6,52,1,0,0,0,0,5.0
00-0037746,Brian Robinson,RB,SF,SEA,1,4.7,3.7,9,33,0,2,1,4,0,0,0,0,0,37.0
00-0037746,Brian Robinson,RB,SF,NO,2,2.9,1.9,6,20,0,1,1,-1,0,0,0,0,0,44.0
00-0037746,Brian Robinson,RB,SF,ARI,3,2.2,2.2,2,22,0,0,0,0,0,0,0,0,0,49.0
00-0037746,Brian Robinson,RB,SF,JAX,4,2.1,2.1,5,21,0,0,0,0,0,0,0,0,0,48.0
00-0037746,Brian Robinson,RB,SF,LA,5,1.2,1.2,5,12,0,0,0,0,0,0,0,0,0,47.0
00-0037746,Brian Robinson,RB,SF,TB,6,3.8,0.8,0,0,0,3,3,8,0,0,0,0,0,47.0
00-0037746,Brian Robinson,RB,SF,ATL,7,3.6,3.6,9,36,0,0,0,0,0,0,0,0,0,44.0
00-0037746,Brian Robinson,RB,SF,HOU,8,0.0,0.0,0,0,0,0,0,0,0,0,0,0,0,51.0
00-0037746,Brian Robinson,RB,SF,NYG,9,11.3,11.3,5,53,1,0,0,0,0,0,0,0,0,19.0
00-0037746,Brian Robinson,RB,SF,LA,10,11.5,10.5,8,41,1,1,1,4,0,0,0,0,0,20.0
00-0037746,Brian Robinson,RB,SF,ARI,11,2.4,2.4,8,24,0,1,0,0,0,0,0,0,0,48.0
00-0037746,Brian Robinson,RB,SF,CAR,12,5.4,4.4,7,40,0,2,1,4,0,0,0,0,0,40.0
00-0037746,Brian Robinson,RB,SF,CLE,13,2.6,2.6,8,26,0,0,0,0,0,0,0,0,0,53.0
00-0037746,Brian Robinson,RB,SF,TEN,15,2.1,2.1,9,21,0,0,0,0,0,0,0,0,0,51.0
00-0037746,Brian Robinson,RB,SF,IND,16,2.0,2.0,5,20,0,1,0,0,0,0,0,0,0,51.0
00-0037746,Brian Robinson,RB,SF,CHI,17,3.8,2.8,4,22,0,1,1,6,0,0,0,0,0,40.0
00-0037746,Brian Robinson,RB,SF,SEA,18,0.9,0.9,2,9,0,0,0,0,0,0,0,0,0,46.0
00-0039893,Brian Thomas Jr.,WR,JAX,CAR,1,9.0,8.0,1,9,1,7,1,11,0,0,0,0,0,38.0
00-0039893,Brian Thomas Jr.,WR,JAX,CIN,2,8.9,4.9,0,0,0,12,4,49,0,0,0,0,0,48.0
00-0039893,Brian Thomas Jr.,WR,JAX,HOU,3,7.5,5.5,0,0,0,6,2,55,0,0,0,0,0,46.0
00-0039893,Brian Thomas Jr.,WR,JAX,SF,4,10.6,5.6,1,7,0,7,5,49,0,0,0,0,0,28.0
00-0039893,Brian Thomas Jr.,WR,JAX,KC,5,12.0,8.0,0,0,0,6,4,80,0,0,0,0,0,29.0
00-0039893,Brian Thomas Jr.,WR,JAX,SEA,6,23.0,15.0,0,0,0,10,8,90,1,0,0,0,0,6.0
00-0039893,Brian Thomas Jr.,WR,JAX,LA,7,6.1,3.1,0,0,0,7,3,31,0,0,0,0,0,52.0
00-0039893,Brian Thomas Jr.,WR,JAX,LV,9,8.5,5.5,0,0,0,5,3,55,0,0,0,0,0,43.0
00-0039893,Brian Thomas Jr.,WR,JAX,TEN,13,4.8,2.8,0,0,0,3,2,28,0,0,0,0,0,60.0
00-0039893,Brian Thomas Jr.,WR,JAX,IND,14,11.7,8.7,0,0,0,6,3,87,0,0,0,0,0,22.0
00-0039893,Brian Thomas Jr.,WR,JAX,NYJ,15,17.1,13.1,1,5,0,7,4,66,1,0,0,0,0,15.0
00-0039893,Brian Thomas Jr.,WR,JAX,DEN,16,3.8,1.8,0,0,0,3,2,18,0,0,0,0,0,67.0
00-0039893,Brian Thomas Jr.,WR,JAX,IND,17,7.9,3.9,0,0,0,7,4,39,0,0,0,0,0,39.0
00-0039893,Brian Thomas Jr.,WR,JAX,TEN,18,7.9,4.9,0,0,0,5,3,49,0,0,0,0,0,30.0
00-0039338,Brock Bowers,TE,LV,NE,1,15.3,10.3,0,0,0,8,5,103,0,0,0,0,0,2.0
00-0039338,Brock Bowers,TE,LV,LAC,2,8.8,3.8,0,0,0,8,5,38,0,0,0,0,0,10.0
00-0039338,Brock Bowers,TE,LV,WAS,3,9.8,5.8,0,0,0,5,4,38,0,0,0,0,0,11.0
00-0039338,Brock Bowers,TE,LV,CHI,4,9.6,4.6,0,0,0,6,5,46,0,0,0,0,0,18.0
00-0039338,Brock Bowers,TE,LV,JAX,9,43.3,31.3,1,6,0,13,12,127,3,0,0,0,0,1.0
00-0039338,Brock Bowers,TE,LV,DEN,10,3.7,2.7,1,-4,0,3,1,31,0,0,0,0,0,24.0
00-0039338,Brock Bowers,TE,LV,DAL,11,14.2,7.2,0,0,0,12,7,72,0,0,0,0,0,6.0
00-0039338,Brock Bowers,TE,LV,CLE,12,11.5,5.5,0,0,0,9,6,55,0,0,0,0,0,7.0
00-0039338,Brock Bowers,TE,LV,LAC,13,22.3,18.3,0,0,0,4,4,63,2,0,0,0,0,1.0
00-0039338,Brock Bowers,TE,LV,DEN,14,14.6,10.6,0,0,0,5,4,46,1,0,0,0,0,6.0
00-0039338,Brock Bowers,TE,LV,PHI,15,8.8,2.8,0,0,0,8,6,28,0,0,0,0,0,17.0
00-0039338,Brock Bowers,TE,LV,HOU,16,14.3,9.3,0,0,0,5,5,33,1,0,0,0,0,10.0
00-0037834,Brock Purdy,QB,SF,SEA,1,16.78,16.78,5,17,0,0,0,0,0,35,277,2,2,16.0
00-0037834,Brock Purdy,QB,SF,JAX,4,17.66,17.66,2,13,0,0,0,0,0,38,309,2,2,15.0
00-0037834,Brock Purdy,QB,SF,ARI,11,19.3,19.3,1,-7,0,0,0,0,0,26,200,3,0,6.0
00-0037834,Brock Purdy,QB,SF,CAR,12,7.32,7.32,6,16,0,0,0,0,0,32,193,1,3,22.0
00-0037834,Brock Purdy,QB,SF,CLE,13,17.12,17.12,2,4,1,0,0,0,0,29,168,1,0,13.0
00-0037834,Brock Purdy,QB,SF,TEN,15,26.2,26.2,7,44,0,0,0,0,0,30,295,3,0,4.0
00-0037834,Brock Purdy,QB,SF,IND,16,30.9,30.9,2,11,0,0,0,0,0,34,295,5,1,2.0
00-0037834,Brock Purdy,QB,SF,CHI,17,36.92,36.92,6,28,2,0,0,0,0,33,303,3,1,1.0
00-0037834,Brock Purdy,QB,SF,SEA,18,5.18,5.18,2,21,0,0,0,0,0,27,127,0,1,20.0
00-0039150,Bryce Young,QB,CAR,JAX,1,8.16,8.16,5,40,0,0,0,0,0,35,154,1,2,26.0
00-0039150,Bryce Young,QB,CAR,ARI,2,21.32,21.32,2,2,0,0,0,0,0,55,328,3,1,9.0
00-0039150,Bryce Young,QB,CAR,ATL,3,11.64,11.64,2,8,1,0,0,0,0,24,121,0,0,25.0
00-0039150,Bryce Young,QB,CAR,NE,4,10.3,10.3,1,3,0,0,0,0,0,30,150,1,0,28.0
00-0039150,Bryce Young,QB,CAR,MIA,5,12.02,12.02,3,1,0,0,0,0,0,30,198,2,1,24.0
00-0039150,Bryce Young,QB,CAR,DAL,6,18.46,18.46,3,5,0,0,0,0,0,25,199,3,1,15.0
00-0039150,Bryce Young,QB,CAR,NYJ,7,10.52,10.52,2,10,0,0,0,0,0,25,138,1,0,20.0
00-0039150,Bryce Young,QB,CAR,GB,9,2.98,2.98,2,9,0,0,0,0,0,20,102,0,1,29.0
00-0039150,Bryce Young,QB,CAR,NO,10,1.56,1.56,2,6,0,0,0,0,0,25,124,0,1,28.0
00-0039150,Bryce Young,QB,CAR,ATL,11,31.82,31.82,1,-1,0,0,0,0,0,45,448,3,0,2.0
00-0039150,Bryce Young,QB,CAR,SF,12,8.26,8.26,4,15,0,0,0,0,0,29,169,1,2,19.0
00-0039150,Bryce Young,QB,CAR,LA,13,22.54,22.54,5,23,0,0,0,0,0,20,206,3,0,4.0
00-0039150,Bryce Young,QB,CAR,NO,15,15.42,15.42,7,49,0,0,0,0,0,24,163,1,0,19.0
00-0039150,Bryce Young,QB,CAR,TB,16,17.64,17.64,4,20,0,0,0,0,0,32,191,2,0,13.0
00-0039150,Bryce Young,QB,CAR,SEA,17,8.86,8.86,9,27,1,0,0,0,0,24,54,0,1,20.0
00-0039150,Bryce Young,QB,CAR,TB,18,16.54,16.54,2,-1,0,0,0,0,0,35,266,2,1,10.0
00-0039361,Bucky Irving,RB,TB,ATL,1,14.5,10.5,14,37,0,4,4,8,1,0,0,0,0,15.0
00-0039361,Bucky Irving,RB,TB,HOU,2,18.1,12.1,17,71,0,6,6,50,0,0,0,0,0,11.0
00-0039361,Bucky Irving,RB,TB,NYJ,3,13.9,9.9,25,66,0,4,4,33,0,0,0,0,0,15.0
00-0039361,Bucky Irving,RB,TB,PHI,4,25.5,20.5,15,63,0,5,5,102,1,0,0,0,0,9.0
00-0039361,Bucky Irving,RB,TB,ARI,13,16.1,14.1,17,61,1,2,2,20,0,0,0,0,0,15.0
00-0039361,Bucky Irving,RB,TB,NO,14,16.1,14.1,15,55,0,3,2,26,1,0,0,0,0,12.0
00-0039361,Bucky Irving,RB,TB,ATL,15,8.1,7.1,16,60,0,3,1,11,0,0,0,0,0,31.0
00-0039361,Bucky Irving,RB,TB,CAR,16,7.1,7.1,19,71,0,0,0,0,0,0,0,0,0,39.0
00-0039361,Bucky Irving,RB,TB,MIA,17,8.3,3.3,9,19,0,6,5,14,0,0,0,0,0,25.0
00-0039361,Bucky Irving,RB,TB,CAR,18,10.8,9.8,26,85,0,2,1,13,0,0,0,0,0,17.0
00-0039163,C.J. Stroud,QB,HOU,LA,1,8.72,8.72,5,32,0,0,0,0,0,27,188,0,1,25.0
00-0039163,C.J. Stroud,QB,HOU,TB,2,14.98,14.98,4,27,0,0,0,0,0,24,207,1,0,20.0
00-0039163,C.J. Stroud,QB,HOU,JAX,3,10.36,10.36,4,22,0,0,0,0,0,38,204,1,2,27.0
00-0039163,C.J. Stroud,QB,HOU,TEN,4,18.42,18.42,4,11,0,0,0,0,0,28,233,2,0,14.0
00-0039163,C.J. Stroud,QB,HOU,BAL,5,28.76,28.76,1,30,0,0,0,0,0,27,244,4,0,1.0
00-0039163,C.J. Stroud,QB,HOU,SEA,7,13.66,13.66,2,25,0,0,0,0,0,49,229,1,1,15.0
00-0039163,C.J. Stroud,QB,HOU,SF,8,21.72,21.72,7,30,0,0,0,0,0,39,318,2,1,11.0
00-0039163,C.J. Stroud,QB,HOU,DEN,9,4.36,4.36,2,12,0,0,0,0,0,10,79,0,0,28.0
00-0039163,C.J. Stroud,QB,HOU,IND,13,9.04,9.04,1,0,0,0,0,0,0,35,276,0,1,26.0
00-0039163,C.J. Stroud,QB,HOU,KC,14,12.62,12.62,2,5,0,0,0,0,0,31,203,1,0,17.0
00-0039163,C.J. Stroud,QB,HOU,ARI,15,23.4,23.4,6,10,0,0,0,0,0,29,260,3,0,8.0
00-0039163,C.J. Stroud,QB,HOU,LV,16,11.48,11.48,4,0,0,0,0,0,0,35,187,1,0,20.0
00-0039163,C.J. Stroud,QB,HOU,LAC,17,13.76,13.76,4,0,0,0,0,0,0,28,244,2,2,15.0
00-0039163,C.J. Stroud,QB,HOU,IND,18,17.26,17.26,2,5,1,0,0,0,0,23,169,1,0,8.0
00-0038129,Cade Otton,TE,TB,ATL,1,0.0,0.0,0,0,0,3,0,0,0,0,0,0,0,39.0
00-0038129,Cade Otton,TE,TB,HOU,2,5.5,2.5,0,0,0,4,3,25,0,0,0,0,0,24.0
00-0038129,Cade Otton,TE,TB,PHI,4,3.9,0.9,0,0,0,4,3,9,0,0,0,0,0,29.0
00-0038129,Cade Otton,TE,TB,SEA,5,12.1,8.1,0,0,0,5,4,81,0,0,0,0,0,13.0
00-0038129,Cade Otton,TE,TB,SF,6,10.1,5.1,0,0,0,6,5,51,0,0,0,0,0,15.0
00-0038129,Cade Otton,TE,TB,DET,7,13.5,6.5,0,0,0,9,7,65,0,0,0,0,0,11.0
00-0038129,Cade Otton,TE,TB,NO,8,8.0,4.0,0,0,0,5,4,40,0,0,0,0,0,14.0
00-0038129,Cade Otton,TE,TB,NE,10,17.2,8.2,0,0,0,12,9,82,0,0,0,0,0,6.0
00-0038129,Cade Otton,TE,TB,BUF,11,4.8,2.8,0,0,0,5,2,28,0,0,0,0,0,24.0
00-0038129,Cade Otton,TE,TB,LA,12,6.1,2.1,0,0,0,7,4,21,0,0,0,0,0,18.0
00-0038129,Cade Otton,TE,TB,ARI,13,2.9,0.9,0,0,0,2,2,9,0,0,0,0,0,33.0
00-0038129,Cade Otton,TE,TB,NO,14,4.9,1.9,0,0,0,4,3,19,0,0,0,0,0,22.0
00-0038129,Cade Otton,TE,TB,CAR,16,3.5,1.5,0,0,0,2,2,15,0,0,0,0,0,25.0
00-0038129,Cade Otton,TE,TB,MIA,17,7.3,3.3,0,0,0,4,4,33,0,0,0,0,0,21.0
00-0038129,Cade Otton,TE,TB,CAR,18,22.4,15.4,0,0,0,9,7,94,1,0,0,0,0,2.0
00-0039918,Caleb Williams,QB,CHI,MIN,1,24.2,24.2,6,58,1,0,0,0,0,35,210,1,0,9.0
00-0039918,Caleb Williams,QB,CHI,DET,2,16.98,16.98,5,27,0,0,0,0,0,30,207,2,1,18.0
00-0039918,Caleb Williams,QB,CHI,DAL,3,29.12,29.12,5,12,0,0,0,0,0,28,298,4,0,1.0
00-0039918,Caleb Williams,QB,CHI,LV,4,11.78,11.78,8,13,0,0,0,0,0,37,212,1,1,24.0
00-0039918,Caleb Williams,QB,CHI,WAS,6,20.38,20.38,4,3,1,0,0,0,0,29,252,1,0,9.0
00-0039918,Caleb Williams,QB,CHI,NO,7,4.68,4.68,4,-2,0,0,0,0,0,26,172,0,1,27.0
00-0039918,Caleb Williams,QB,CHI,BAL,8,11.8,11.8,3,24,0,0,0,0,0,38,285,0,1,17.0
00-0039918,Caleb Williams,QB,CHI,CIN,9,38.7,36.7,5,53,0,2,2,22,1,34,280,3,0,1.0
00-0039918,Caleb Williams,QB,CHI,NYG,10,25.1,25.1,8,63,1,0,0,0,0,36,220,1,0,4.0
00-0039918,Caleb Williams,QB,CHI,MIN,11,10.32,10.32,4,26,0,0,0,0,0,32,193,0,0,20.0
00-0039918,Caleb Williams,QB,CHI,PIT,12,21.66,21.66,4,21,0,0,0,0,0,35,239,3,0,5.0
00-0039918,Caleb Williams,QB,CHI,PHI,13,9.46,9.46,5,13,0,0,0,0,0,36,154,1,1,25.0
00-0039918,Caleb Williams,QB,CHI,GB,14,14.94,14.94,4,15,0,0,0,0,0,35,186,2,1,16.0
00-0039918,Caleb Williams,QB,CHI,CLE,15,18.98,18.98,3,13,0,0,0,0,0,28,242,2,0,15.0
00-0039918,Caleb Williams,QB,CHI,GB,16,21.0,21.0,3,30,0,0,0,0,0,34,250,2,0,8.0
00-0039918,Caleb Williams,QB,CHI,SF,17,23.0,23.0,5,18,0,0,0,0,0,42,330,2,0,6.0
00-0039918,Caleb Williams,QB,CHI,DET,18,16.58,16.58,1,1,0,0,0,0,0,33,212,2,1,9.0
00-0037837,Calvin Austin III,WR,PIT,NYJ,1,17.0,13.0,0,0,0,6,4,70,1,0,0,0,0,16.0
00-0037837,Calvin Austin III,WR,PIT,SEA,2,3.2,2.2,0,0,0,4,1,22,0,0,0,0,0,75.0
00-0037837,Calvin Austin III,WR,PIT,NE,3,12.4,9.4,0,0,0,5,3,34,1,0,0,0,0,28.0
00-0037837,Calvin Austin III,WR,PIT,MIN,4,3.3,1.3,0,0,0,2,2,13,0,0,0,0,0,69.0
00-0037837,Calvin Austin III,WR,PIT,GB,8,6.8,2.8,0,0,0,6,4,28,0,0,0,0,0,46.0
00-0037837,Calvin Austin III,WR,PIT,IND,9,10.6,5.6,0,0,0,6,5,56,0,0,0,0,0,34.0
00-0037837,Calvin Austin III,WR,PIT,LAC,10,3.4,1.4,0,0,0,7,2,14,0,0,0,0,0,57.0
00-0037837,Calvin Austin III,WR,PIT,CIN,11,1.5,0.5,0,0,0,1,1,5,0,0,0,0,0,73.0
00-0037837,Calvin Austin III,WR,PIT,CHI,12,7.6,3.6,0,0,0,5,4,36,0,0,0,0,0,37.0
00-0037837,Calvin Austin III,WR,PIT,BUF,13,0.0,0.0,0,0,0,2,0,0,0,0,0,0,0,83.0
00-0037837,Calvin Austin III,WR,PIT,BAL,14,4.1,3.1,0,0,0,2,1,31,0,0,0,0,0,53.0
00-0037837,Calvin Austin III,WR,PIT,MIA,15,0.0,0.0,0,0,0,1,0,0,0,0,0,0,0,78.0
00-0037837,Calvin Austin III,WR,PIT,DET,16,1.8,0.8,0,0,0,1,1,8,0,0,0,0,0,76.0
00-0037837,Calvin Austin III,WR,PIT,BAL,18,14.5,11.5,0,0,0,7,3,55,1,0,0,0,0,12.0
00-0040715,Cam Skattebo,RB,NYG,WAS,1,2.9,0.9,2,-3,0,2,2,12,0,0,0,0,0,41.0
00-0040715,Cam Skattebo,RB,NYG,DAL,2,13.9,11.9,11,45,1,3,2,14,0,0,0,0,0,22.0
00-0040715,Cam Skattebo,RB,NYG,KC,3,24.1,18.1,10,60,1,8,6,61,0,0,0,0,0,5.0
00-0040715,Cam Skattebo,RB,NYG,LAC,4,13.0,11.0,25,79,0,2,2,11,0,0,0,0,0,21.0
00-0040715,Cam Skattebo,RB,NYG,NO,5,14.4,8.4,15,59,0,7,6,45,0,0,0,0,0,19.0
00-0040715,Cam Skattebo,RB,NYG,PHI,6,31.0,29.0,19,98,3,2,2,12,0,0,0,0,0,4.0
00-0040715,Cam Skattebo,RB,NYG,DEN,7,18.4,15.4,16,60,0,6,3,34,1,0,0,0,0,11.0
00-0040715,Cam Skattebo,RB,NYG,PHI,8,10.0,9.0,3,12,0,2,1,18,1,0,0,0,0,22.0
00-0040676,Cam Ward,QB,TEN,DEN,1,2.48,2.48,0,0,0,0,0,0,0,28,112,0,0,31.0
00-0040676,Cam Ward,QB,TEN,LA,2,9.8,9.8,4,8,0,0,0,0,0,33,175,1,0,25.0
00-0040676,Cam Ward,QB,TEN,IND,3,11.96,11.96,3,12,0,0,0,0,0,38,219,1,1,22.0
00-0040676,Cam Ward,QB,TEN,HOU,4,4.52,4.52,2,22,0,0,0,0,0,26,108,0,1,30.0
00-0040676,Cam Ward,QB,TEN,ARI,5,8.0,8.0,5,-6,0,0,0,0,0,39,265,0,1,25.0
00-0040676,Cam Ward,QB,TEN,LV,6,6.88,6.88,0,0,0,0,0,0,0,38,222,1,1,27.0
00-0040676,Cam Ward,QB,TEN,NE,7,10.2,10.2,0,0,0,0,0,0,0,34,255,1,1,23.0
00-0040676,Cam Ward,QB,TEN,IND,8,12.76,12.76,2,4,0,0,0,0,0,38,259,1,1,16.0
00-0040676,Cam Ward,QB,TEN,LAC,9,6.4,6.4,2,6,0,0,0,0,0,21,145,0,0,26.0
00-0040676,Cam Ward,QB,TEN,HOU,11,13.06,13.06,3,33,0,0,0,0,0,37,194,1,0,16.0
00-0040676,Cam Ward,QB,TEN,SEA,12,23.94,23.94,6,37,1,0,0,0,0,42,256,1,0,3.0
00-0040676,Cam Ward,QB,TEN,JAX,13,6.34,6.34,1,7,0,0,0,0,0,38,141,0,0,28.0
00-0040676,Cam Ward,QB,TEN,CLE,14,11.08,11.08,2,4,0,0,0,0,0,28,117,2,1,19.0
00-0040676,Cam Ward,QB,TEN,SF,15,15.0,15.0,1,2,0,0,0,0,0,29,170,2,0,20.0
00-0040676,Cam Ward,QB,TEN,KC,16,18.02,18.02,4,9,0,0,0,0,0,28,228,2,0,12.0
00-0040676,Cam Ward,QB,TEN,NO,17,17.04,17.04,2,10,0,0,0,0,0,40,251,2,0,12.0
00-0040676,Cam Ward,QB,TEN,JAX,18,9.18,9.18,2,11,1,0,0,0,0,3,52,0,0,17.0
00-0032950,Carson Wentz,QB,MIN,CIN,3,15.32,15.32,2,4,0,0,0,0,0,20,173,2,0,12.0
00-0032950,Carson Wentz,QB,MIN,PIT,4,21.2,21.2,2,12,0,0,0,0,0,46,350,2,2,9.0
00-0032950,Carson Wentz,QB,MIN,CLE,5,14.74,14.74,3,13,0,0,0,0,0,34,236,1,0,21.0
00-0032950,Carson Wentz,QB,MIN,PHI,7,11.32,11.32,4,28,0,0,0,0,0,42,313,0,2,18.0
00-0032950,Carson Wentz,QB,MIN,LAC,8,7.76,7.76,0,0,0,0,0,0,0,27,144,1,1,20.0
00-0038979,Cedric Tillman,WR,CLE,CIN,1,16.2,11.2,0,0,0,8,5,52,1,0,0,0,0,18.0
00-0038979,Cedric Tillman,WR,CLE,BAL,2,10.2,8.2,0,0,0,7,2,22,1,0,0,0,0,39.0
00-0038979,Cedric Tillman,WR,CLE,GB,3,5.6,2.6,0,0,0,3,3,26,0,0,0,0,0,55.0
00-0038979,Cedric Tillman,WR,CLE,DET,4,1.6,0.6,0,0,0,2,1,6,0,0,0,0,0,78.0
00-0038979,Cedric Tillman,WR,CLE,NYJ,10,3.1,1.1,0,0,0,4,2,11,0,0,0,0,0,60.0
00-0038979,Cedric Tillman,WR,CLE,BAL,11,8.2,5.2,0,0,0,4,3,52,0,0,0,0,0,37.0
00-0038979,Cedric Tillman,WR,CLE,LV,12,1.5,0.5,0,0,0,3,1,5,0,0,0,0,0,66.0
00-0038979,Cedric Tillman,WR,CLE,SF,13,0.0,0.0,0,0,0,1,0,0,0,0,0,0,0,83.0
00-0038979,Cedric Tillman,WR,CLE,TEN,14,3.3,2.3,0,0,0,3,1,23,0,0,0,0,0,62.0
00-0038979,Cedric Tillman,WR,CLE,BUF,16,1.8,0.8,0,0,0,1,1,8,0,0,0,0,0,76.0
00-0038979,Cedric Tillman,WR,CLE,PIT,17,5.2,4.2,0,0,0,1,1,42,0,0,0,0,0,50.0
00-0038979,Cedric Tillman,WR,CLE,CIN,18,3.3,2.3,0,0,0,2,1,23,0,0,0,0,0,49.0
00-0036358,CeeDee Lamb,WR,DAL,PHI,1,18.0,11.0,0,0,0,13,7,110,0,0,0,0,0,14.0
00-0036358,CeeDee Lamb,WR,DAL,NYG,2,20.2,11.2,0,0,0,11,9,112,0,0,0,0,0,8.0
00-0036358,CeeDee Lamb,WR,DAL,WAS,7,22.0,17.0,0,0,0,8,5,110,1,0,0,0,0,10.0
00-0036358,CeeDee Lamb,WR,DAL,DEN,8,14.6,7.6,1,2,0,10,7,74,0,0,0,0,0,16.0
00-0036358,CeeDee Lamb,WR,DAL,ARI,9,15.5,8.5,0,0,0,12,7,85,0,0,0,0,0,22.0
00-0036358,CeeDee Lamb,WR,DAL,LV,11,17.6,12.6,0,0,0,7,5,66,1,0,0,0,0,13.0
00-0036358,CeeDee Lamb,WR,DAL,PHI,12,11.5,7.5,0,0,0,11,4,75,0,0,0,0,0,26.0
00-0036358,CeeDee Lamb,WR,DAL,KC,13,24.2,17.2,0,0,0,9,7,112,1,0,0,0,0,5.0
00-0036358,CeeDee Lamb,WR,DAL,DET,14,18.1,12.1,0,0,0,8,6,121,0,0,0,0,0,9.0
00-0036358,CeeDee Lamb,WR,DAL,MIN,15,17.1,11.1,0,0,0,10,6,111,0,0,0,0,0,15.0
00-0036358,CeeDee Lamb,WR,DAL,LAC,16,11.1,5.1,0,0,0,7,6,51,0,0,0,0,0,30.0
00-0036358,CeeDee Lamb,WR,DAL,WAS,17,9.6,4.6,0,0,0,10,5,46,0,0,0,0,0,32.0
00-0036358,CeeDee Lamb,WR,DAL,NYG,18,1.4,0.4,0,0,0,1,1,4,0,0,0,0,0,65.0
00-0038597,Chase Brown,RB,CIN,CLE,1,13.1,11.1,21,43,1,3,2,8,0,0,0,0,0,21.0
00-0038597,Chase Brown,RB,CIN,JAX,2,8.5,6.5,16,47,0,3,2,18,0,0,0,0,0,31.0
00-0038597,Chase Brown,RB,CIN,MIN,3,6.0,2.0,10,3,0,5,4,17,0,0,0,0,0,37.0
00-0038597,Chase Brown,RB,CIN,DEN,4,10.1,7.1,10,40,0,3,3,31,0,0,0,0,0,33.0
00-0038597,Chase Brown,RB,CIN,DET,5,11.8,4.8,8,27,0,8,7,21,0,0,0,0,0,24.0
00-0038597,Chase Brown,RB,CIN,GB,6,8.9,6.9,9,42,0,2,2,7,0,0,0,0,0,22.0
00-0038597,Chase Brown,RB,CIN,PIT,7,12.0,10.0,11,108,0,4,2,-8,0,0,0,0,0,19.0
00-0038597,Chase Brown,RB,CIN,NYJ,8,25.5,22.5,12,73,1,3,3,32,1,0,0,0,0,5.0
00-0038597,Chase Brown,RB,CIN,CHI,9,19.2,11.2,11,37,0,14,8,75,0,0,0,0,0,6.0
00-0038597,Chase Brown,RB,CIN,PIT,11,18.7,12.7,18,99,0,8,6,28,0,0,0,0,0,12.0
00-0038597,Chase Brown,RB,CIN,NE,12,15.0,13.0,19,107,0,4,2,23,0,0,0,0,0,13.0
00-0038597,Chase Brown,RB,CIN,BAL,13,18.3,11.3,15,78,0,7,7,35,0,0,0,0,0,10.0
00-0038597,Chase Brown,RB,CIN,BUF,14,18.5,15.5,12,23,1,4,3,12,1,0,0,0,0,6.0
00-0038597,Chase Brown,RB,CIN,BAL,15,16.0,9.0,13,53,0,7,7,37,0,0,0,0,0,13.0
00-0038597,Chase Brown,RB,CIN,MIA,16,32.9,28.9,12,66,1,4,4,43,2,0,0,0,0,1.0
00-0038597,Chase Brown,RB,CIN,ARI,17,29.1,26.1,22,101,2,3,3,40,0,0,0,0,0,3.0
00-0038597,Chase Brown,RB,CIN,CLE,18,19.0,15.0,13,72,0,6,4,18,1,0,0,0,0,7.0
00-0037809,Chig Okonkwo,TE,TEN,DEN,1,4.9,1.9,0,0,0,4,3,19,0,0,0,0,0,26.0
00-0037809,Chig Okonkwo,TE,TEN,LA,2,7.5,3.5,0,0,0,6,4,35,0,0,0,0,0,16.0
00-0037809,Chig Okonkwo,TE,TEN,IND,3,11.6,6.6,0,0,0,6,5,66,0,0,0,0,0,8.0
00-0037809,Chig Okonkwo,TE,TEN,HOU,4,1.4,0.4,0,0,0,3,1,4,0,0,0,0,0,37.0
00-0037809,Chig Okonkwo,TE,TEN,ARI,5,8.8,4.8,0,0,0,5,4,48,0,0,0,0,0,20.0
00-0037809,Chig Okonkwo,TE,TEN,LV,6,10.6,4.6,0,0,0,6,6,46,0,0,0,0,0,14.0
00-0037809,Chig Okonkwo,TE,TEN,NE,7,0.0,0.0,0,0,0,2,0,0,0,0,0,0,0,34.0
00-0037809,Chig Okonkwo,TE,TEN,IND,8,9.3,5.3,0,0,0,5,4,53,0,0,0,0,0,12.0
00-0037809,Chig Okonkwo,TE,TEN,LAC,9,3.0,1.0,0,0,0,2,2,10,0,0,0,0,0,31.0
00-0037809,Chig Okonkwo,TE,TEN,HOU,11,8.6,5.6,0,0,0,3,3,56,0,0,0,0,0,12.0
00-0037809,Chig Okonkwo,TE,TEN,SEA,12,7.0,4.0,0,0,0,4,3,40,0,0,0,0,0,17.0
00-0037809,Chig Okonkwo,TE,TEN,JAX,13,6.9,2.9,0,0,0,5,4,29,0,0,0,0,0,21.0
00-0037809,Chig Okonkwo,TE,TEN,CLE,14,4.0,2.0,0,0,0,2,2,20,0,0,0,0,0,24.0
00-0037809,Chig Okonkwo,TE,TEN,SF,15,7.3,3.3,0,0,0,6,4,33,0,0,0,0,0,19.0
00-0037809,Chig Okonkwo,TE,TEN,KC,16,16.4,10.4,0,0,0,8,6,44,1,0,0,0,0,5.0
00-0037809,Chig Okonkwo,TE,TEN,NO,17,14.5,11.5,0,0,0,7,3,55,1,0,0,0,0,6.0
00-0037809,Chig Okonkwo,TE,TEN,JAX,18,2.2,0.2,0,0,0,5,2,2,0,0,0,0,0,28.0
00-0040705,Chimere Dike,WR,TEN,DEN,1,0.9,0.9,1,9,0,1,0,0,0,0,0,0,0,77.0
00-0040705,Chimere Dike,WR,TEN,LA,2,2.8,0.8,2,9,0,5,2,-1,0,0,0,0,0,78.0
00-0040705,Chimere Dike,WR,TEN,IND,3,3.5,0.5,2,3,0,4,3,2,0,0,0,0,0,67.0
00-0040705,Chimere Dike,WR,TEN,HOU,4,-0.4,-0.4,1,-4,0,0,0,0,0,0,0,0,0,87.0
00-0040705,Chimere Dike,WR,TEN,ARI,5,3.7,1.7,0,0,0,5,2,17,0,0,0,0,0,60.0
00-0040705,Chimere Dike,WR,TEN,LV,6,2.8,0.8,0,0,0,3,2,8,0,0,0,0,0,65.0
00-0040705,Chimere Dike,WR,TEN,NE,7,16.9,12.9,1,-1,0,4,4,70,1,0,0,0,0,15.0
00-0040705,Chimere Dike,WR,TEN,IND,8,16.4,9.4,1,1,0,8,7,93,0,0,0,0,0,13.0
00-0040705,Chimere Dike,WR,TEN,LAC,9,7.5,6.5,0,0,0,3,1,5,0,0,0,0,0,48.0
00-0040705,Chimere Dike,WR,TEN,HOU,11,3.4,1.4,0,0,0,3,2,14,0,0,0,0,0,60.0
00-0040705,Chimere Dike,WR,TEN,SEA,12,21.4,16.4,0,0,0,7,5,44,1,0,0,0,0,10.0
00-0040705,Chimere Dike,WR,TEN,JAX,13,1.9,0.9,1,1,0,4,1,8,0,0,0,0,0,76.0
00-0040705,Chimere Dike,WR,TEN,CLE,14,13.4,8.4,0,0,0,8,5,24,1,0,0,0,0,19.0
00-0040705,Chimere Dike,WR,TEN,SF,15,5.0,1.0,1,-7,0,5,4,17,0,0,0,0,0,59.0
00-0040705,Chimere Dike,WR,TEN,KC,16,13.0,10.0,0,0,0,5,3,40,1,0,0,0,0,26.0
00-0040705,Chimere Dike,WR,TEN,NO,17,10.2,6.2,1,7,0,5,4,55,0,0,0,0,0,29.0
00-0040705,Chimere Dike,WR,TEN,JAX,18,5.7,2.7,0,0,0,4,3,27,0,0,0,0,0,37.0
00-0033921,Chris Godwin Jr.,WR,TB,PHI,4,5.6,2.6,0,0,0,10,3,26,0,0,0,0,0,58.0
00-0033921,Chris Godwin Jr.,WR,TB,SEA,5,5.6,2.6,0,0,0,4,3,26,0,0,0,0,0,55.0
00-0033921,Chris Godwin Jr.,WR,TB,LA,12,2.9,0.9,0,0,0,4,2,9,0,0,0,0,0,59.0
00-0033921,Chris Godwin Jr.,WR,TB,ARI,13,10.8,7.8,0,0,0,5,3,78,0,0,0,0,0,32.0
00-0033921,Chris Godwin Jr.,WR,TB,NO,14,10.5,5.5,0,0,0,8,5,55,0,0,0,0,0,25.0
00-0033921,Chris Godwin Jr.,WR,TB,ATL,15,14.0,10.0,0,0,0,5,4,20,1,0,0,0,0,24.0
00-0033921,Chris Godwin Jr.,WR,TB,CAR,16,8.0,3.0,0,0,0,6,5,30,0,0,0,0,0,46.0
00-0033921,Chris Godwin Jr.,WR,TB,MIA,17,23.8,16.8,0,0,0,8,7,108,1,0,0,0,0,4.0
00-0033921,Chris Godwin Jr.,WR,TB,CAR,18,1.8,0.8,0,0,0,1,1,8,0,0,0,0,0,59.0
00-0037239,Chris Olave,WR,NO,ARI,1,12.4,5.4,0,0,0,13,7,54,0,0,0,0,0,25.0
00-0037239,Chris Olave,WR,NO,SF,2,11.4,5.4,0,0,0,10,6,54,0,0,0,0,0,31.0
00-0037239,Chris Olave,WR,NO,SEA,3,15.7,5.7,0,0,0,14,10,57,0,0,0,0,0,17.0
00-0037239,Chris Olave,WR,NO,BUF,4,9.0,6.0,0,0,0,6,3,20,1,1,0,0,1,37.0
00-0037239,Chris Olave,WR,NO,NYG,5,12.9,5.9,0,0,0,11,7,59,0,0,0,0,0,26.0
00-0037239,Chris Olave,WR,NO,NE,6,15.8,9.8,0,0,0,10,6,98,0,0,0,0,0,17.0
00-0037239,Chris Olave,WR,NO,CHI,7,26.8,21.8,0,0,0,7,5,98,2,0,0,0,0,5.0
00-0037239,Chris Olave,WR,NO,TB,8,14.0,6.0,1,-3,0,12,8,63,0,0,0,0,0,22.0
00-0037239,Chris Olave,WR,NO,LA,9,8.7,5.7,0,0,0,4,3,57,0,0,0,0,0,41.0
00-0037239,Chris Olave,WR,NO,CAR,10,21.4,16.4,0,0,0,8,5,104,1,0,0,0,0,6.0
00-0037239,Chris Olave,WR,NO,ATL,12,16.0,7.0,0,0,0,13,9,70,0,0,0,0,0,17.0
00-0037239,Chris Olave,WR,NO,MIA,13,14.7,10.7,0,0,0,7,4,47,1,0,0,0,0,18.0
00-0037239,Chris Olave,WR,NO,TB,14,6.0,3.0,0,0,0,5,3,30,0,0,0,0,0,47.0
00-0037239,Chris Olave,WR,NO,CAR,15,20.5,14.5,0,0,0,9,6,85,1,0,0,0,0,9.0
00-0037239,Chris Olave,WR,NO,NYJ,16,36.8,26.8,0,0,0,16,10,148,2,0,0,0,0,2.0
00-0037239,Chris Olave,WR,NO,TEN,17,25.9,17.9,0,0,0,11,8,119,1,0,0,0,0,2.0
00-0038611,Chris Rodriguez Jr.,RB,WAS,LV,3,3.9,3.9,11,39,0,0,0,0,0,0,0,0,0,44.0
00-0038611,Chris Rodriguez Jr.,RB,WAS,ATL,4,5.9,5.9,7,59,0,0,0,0,0,0,0,0,0,40.0
00-0038611,Chris Rodriguez Jr.,RB,WAS,LAC,5,0.7,0.7,5,7,0,0,0,0,0,0,0,0,0,50.0
00-0038611,Chris Rodriguez Jr.,RB,WAS,DAL,7,7.2,7.2,3,12,1,0,0,0,0,0,0,0,0,29.0
00-0038611,Chris Rodriguez Jr.,RB,WAS,KC,8,0.2,0.2,1,2,0,0,0,0,0,0,0,0,0,49.0
00-0038611,Chris Rodriguez Jr.,RB,WAS,SEA,9,12.5,12.5,12,65,1,0,0,0,0,0,0,0,0,16.0
00-0038611,Chris Rodriguez Jr.,RB,WAS,DET,10,7.6,7.6,6,16,1,0,0,0,0,0,0,0,0,34.0
00-0038611,Chris Rodriguez Jr.,RB,WAS,MIA,11,9.5,8.5,15,79,0,1,1,6,0,0,0,0,0,28.0
00-0038611,Chris Rodriguez Jr.,RB,WAS,DEN,13,10.1,10.1,11,41,1,1,0,0,0,0,0,0,0,31.0
00-0038611,Chris Rodriguez Jr.,RB,WAS,MIN,14,5.2,5.2,10,52,0,0,0,0,0,0,0,0,0,39.0
00-0038611,Chris Rodriguez Jr.,RB,WAS,PHI,16,13.9,12.9,15,63,1,1,1,6,0,0,0,0,0,20.0
00-0038611,Chris Rodriguez Jr.,RB,WAS,PHI,18,15.3,14.3,16,65,1,1,1,18,0,0,0,0,0,11.0
00-0033280,Christian McCaffrey,RB,SF,SEA,1,23.2,14.2,22,69,0,10,9,73,0,0,0,0,0,3.0
00-0033280,Christian McCaffrey,RB,SF,NO,2,22.7,16.7,13,55,0,7,6,52,1,0,0,0,0,5.0
00-0033280,Christian McCaffrey,RB,SF,ARI,3,24.0,14.0,17,52,0,15,10,88,0,0,0,0,0,6.0
00-0033280,Christian McCaffrey,RB,SF,JAX,4,26.1,20.1,17,49,0,11,6,92,1,0,0,0,0,8.0
00-0033280,Christian McCaffrey,RB,SF,LA,5,27.9,19.9,22,57,0,9,8,82,1,0,0,0,0,4.0
00-0033280,Christian McCaffrey,RB,SF,TB,6,24.1,17.1,17,54,1,8,7,57,0,0,0,0,0,7.0
00-0033280,Christian McCaffrey,RB,SF,ATL,7,39.1,32.1,24,129,2,8,7,72,0,0,0,0,0,1.0
00-0033280,Christian McCaffrey,RB,SF,HOU,8,9.8,6.8,8,25,0,6,3,43,0,0,0,0,0,23.0
00-0033280,Christian McCaffrey,RB,SF,NYG,9,34.3,29.3,28,106,1,6,5,67,1,0,0,0,0,1.0
00-0033280,Christian McCaffrey,RB,SF,LA,10,17.6,9.6,12,30,0,10,8,66,0,0,0,0,0,10.0
00-0033280,Christian McCaffrey,RB,SF,ARI,11,35.1,30.1,13,81,2,6,5,40,1,0,0,0,0,1.0
00-0033280,Christian McCaffrey,RB,SF,CAR,12,27.2,20.2,24,89,1,7,7,53,0,0,0,0,0,2.0
00-0033280,Christian McCaffrey,RB,SF,CLE,13,17.4,13.4,20,53,1,4,4,21,0,1,0,0,0,11.0
00-0033280,Christian McCaffrey,RB,SF,TEN,15,15.7,14.7,22,73,1,1,1,14,0,0,0,0,0,14.0
00-0033280,Christian McCaffrey,RB,SF,IND,16,32.6,26.6,21,117,0,8,6,29,2,0,0,0,0,2.0
00-0033280,Christian McCaffrey,RB,SF,CHI,17,28.1,24.1,23,140,1,6,4,41,0,0,0,0,0,4.0
00-0033280,Christian McCaffrey,RB,SF,SEA,18,11.7,5.7,8,23,0,7,6,34,0,0,0,0,0,15.0
00-0038124,Christian Watson,WR,GB,PIT,8,12.5,8.5,0,0,0,4,4,85,0,0,0,0,0,26.0
00-0038124,Christian Watson,WR,GB,CAR,9,7.8,5.8,0,0,0,4,2,58,0,0,0,0,0,46.0
00-0038124,Christian Watson,WR,GB,PHI,10,6.5,4.5,0,0,0,4,2,45,0,0,0,0,0,44.0
00-0038124,Christian Watson,WR,GB,NYG,11,20.6,16.6,0,0,0,5,4,46,2,0,0,0,0,6.0
00-0038124,Christian Watson,WR,GB,MIN,12,9.9,4.9,0,0,0,7,5,49,0,0,0,0,0,30.0
00-0038124,Christian Watson,WR,GB,DET,13,18.3,14.3,1,3,0,10,4,80,1,0,0,0,0,12.0
00-0038124,Christian Watson,WR,GB,CHI,14,24.9,20.9,0,0,0,4,4,89,2,0,0,0,0,6.0
00-0038124,Christian Watson,WR,GB,DEN,15,5.9,2.9,0,0,0,5,3,29,0,0,0,0,0,52.0
00-0038124,Christian Watson,WR,GB,CHI,16,3.7,1.7,0,0,0,6,2,17,0,0,0,0,0,68.0
00-0038124,Christian Watson,WR,GB,BAL,17,22.3,17.3,0,0,0,6,5,113,1,0,0,0,0,5.0
00-0036555,Chuba Hubbard,RB,CAR,JAX,1,17.9,14.9,16,57,0,5,3,32,1,0,0,0,0,8.0
00-0036555,Chuba Hubbard,RB,CAR,ARI,2,18.7,13.7,10,38,0,6,5,39,1,0,0,0,0,10.0
00-0036555,Chuba Hubbard,RB,CAR,ATL,3,9.6,7.6,17,73,0,3,2,3,0,0,0,0,0,27.0
00-0036555,Chuba Hubbard,RB,CAR,NE,4,9.9,6.9,10,49,0,3,3,20,0,0,0,0,0,34.0
00-0036555,Chuba Hubbard,RB,CAR,NYJ,7,7.5,5.5,14,31,0,3,2,24,0,0,0,0,0,27.0
00-0036555,Chuba Hubbard,RB,CAR,BUF,8,9.4,9.4,12,34,1,1,0,0,0,0,0,0,0,24.0
00-0036555,Chuba Hubbard,RB,CAR,GB,9,1.7,1.7,5,17,0,1,0,0,0,0,0,0,0,44.0
00-0036555,Chuba Hubbard,RB,CAR,NO,10,2.5,1.5,3,14,0,1,1,1,0,0,0,0,0,45.0
00-0036555,Chuba Hubbard,RB,CAR,ATL,11,3.8,2.8,4,21,0,3,1,7,0,0,0,0,0,45.0
00-0036555,Chuba Hubbard,RB,CAR,SF,12,8.3,4.3,3,16,0,4,4,27,0,0,0,0,0,29.0
00-0036555,Chuba Hubbard,RB,CAR,LA,13,20.4,18.4,17,83,0,2,2,41,1,0,0,0,0,5.0
00-0036555,Chuba Hubbard,RB,CAR,NO,15,4.8,3.8,8,29,0,1,1,9,0,0,0,0,0,40.0
00-0036555,Chuba Hubbard,RB,CAR,TB,16,4.4,3.4,6,27,0,1,1,7,0,0,0,0,0,48.0
00-0036555,Chuba Hubbard,RB,CAR,SEA,17,2.8,-0.2,4,12,0,3,3,6,0,0,0,0,0,46.0
00-0036555,Chuba Hubbard,RB,CAR,TB,18,3.7,1.7,5,10,0,2,2,7,0,0,0,0,0,39.0
00-0036244,Colby Parkinson,TE,LA,HOU,1,-0.6,-2.6,0,0,0,2,2,-6,0,0,0,0,0,41.0
00-0036244,Colby Parkinson,TE,LA,IND,4,3.7,1.7,0,0,0,2,2,17,0,0,0,0,0,30.0
00-0036244,Colby Parkinson,TE,LA,SF,5,0.0,0.0,0,0,0,1,0,0,0,0,0,0,0,32.0
00-0036244,Colby Parkinson,TE,LA,JAX,7,7.7,4.7,0,0,0,3,3,47,0,0,0,0,0,20.0
00-0036244,Colby Parkinson,TE,LA,NO,9,3.0,1.0,0,0,0,2,2,10,0,0,0,0,0,31.0
00-0036244,Colby Parkinson,TE,LA,SF,10,14.1,10.1,0,0,0,5,4,41,1,0,0,0,0,8.0
00-0036244,Colby Parkinson,TE,LA,SEA,11,9.4,7.4,0,0,0,2,2,14,1,0,0,0,0,11.0
00-0036244,Colby Parkinson,TE,LA,TB,12,14.1,10.1,0,0,0,4,4,41,1,0,0,0,0,5.0
00-0036244,Colby Parkinson,TE,LA,CAR,13,6.7,2.7,0,0,0,5,4,27,0,0,0,0,0,22.0
00-0036244,Colby Parkinson,TE,LA,ARI,14,12.2,9.2,0,0,0,5,3,32,1,0,0,0,0,10.0
00-0036244,Colby Parkinson,TE,LA,DET,15,24.5,19.5,0,0,0,7,5,75,2,0,0,0,0,5.0
00-0036244,Colby Parkinson,TE,LA,SEA,16,4.1,2.1,0,0,0,4,2,21,0,0,0,0,0,24.0
00-0036244,Colby Parkinson,TE,LA,ATL,17,11.3,5.3,0,0,0,7,6,53,0,0,0,0,0,11.0
00-0036244,Colby Parkinson,TE,LA,ARI,18,19.6,15.6,0,0,0,7,4,36,2,0,0,0,0,4.0
00-0036290,Cole Kmet,TE,CHI,MIN,1,4.1,3.1,0,0,0,4,1,31,0,0,0,0,0,28.0
00-0036290,Cole Kmet,TE,CHI,DET,2,4.9,2.9,0,0,0,2,2,29,0,0,0,0,0,26.0
00-0036290,Cole Kmet,TE,CHI,DAL,3,8.0,7.0,0,0,0,1,1,10,1,0,0,0,0,15.0
00-0036290,Cole Kmet,TE,CHI,LV,4,7.6,4.6,0,0,0,9,3,46,0,0,0,0,0,21.0
00-0036290,Cole Kmet,TE,CHI,WAS,6,1.0,0.0,0,0,0,2,1,0,0,0,0,0,0,36.0
00-0036290,Cole Kmet,TE,CHI,NO,7,2.6,1.6,0,0,0,1,1,16,0,0,0,0,0,29.0
00-0036290,Cole Kmet,TE,CHI,CIN,9,2.0,1.0,0,0,0,2,1,10,0,1,0,0,0,34.0
00-0036290,Cole Kmet,TE,CHI,NYG,10,1.5,0.5,0,0,0,2,1,5,0,0,0,0,0,32.0
00-0036290,Cole Kmet,TE,CHI,MIN,11,9.5,4.5,0,0,0,5,5,45,0,0,0,0,0,10.0
00-0036290,Cole Kmet,TE,CHI,PIT,12,1.3,0.3,0,0,0,1,1,3,0,0,0,0,0,33.0
00-0036290,Cole Kmet,TE,CHI,PHI,13,12.6,9.6,0,0,0,3,3,36,1,0,0,0,0,8.0
00-0036290,Cole Kmet,TE,CHI,GB,14,6.2,4.2,0,0,0,3,2,42,0,0,0,0,0,18.0
00-0036290,Cole Kmet,TE,CHI,CLE,15,4.8,2.8,0,0,0,4,2,28,0,0,0,0,0,27.0
00-0036290,Cole Kmet,TE,CHI,GB,16,3.4,1.4,0,0,0,3,2,14,0,0,0,0,0,26.0
00-0036290,Cole Kmet,TE,CHI,SF,17,3.6,1.6,0,0,0,3,2,16,0,0,0,0,0,27.0
00-0036290,Cole Kmet,TE,CHI,DET,18,5.6,3.6,0,0,0,3,2,16,0,0,0,0,0,21.0
00-0040126,Colston Loveland,TE,CHI,MIN,1,3.2,1.2,0,0,0,2,2,12,0,0,0,0,0,30.0
00-0040126,Colston Loveland,TE,CHI,DET,2,0.0,0.0,0,0,0,1,0,0,0,0,0,0,0,38.0
00-0040126,Colston Loveland,TE,CHI,DAL,3,4.1,3.1,0,0,0,3,1,31,0,0,0,0,0,27.0
00-0040126,Colston Loveland,TE,CHI,WAS,6,3.1,1.1,0,0,0,3,2,11,0,0,0,0,0,30.0
00-0040126,Colston Loveland,TE,CHI,NO,7,5.4,2.4,0,0,0,4,3,24,0,0,0,0,0,25.0
00-0040126,Colston Loveland,TE,CHI,BAL,8,6.8,3.8,0,0,0,5,3,38,0,0,0,0,0,19.0
00-0040126,Colston Loveland,TE,CHI,CIN,9,29.8,23.8,0,0,0,7,6,118,2,0,0,0,0,2.0
00-0040126,Colston Loveland,TE,CHI,NYG,10,9.5,5.5,0,0,0,4,4,55,0,0,0,0,0,12.0
00-0040126,Colston Loveland,TE,CHI,MIN,11,7.0,4.0,0,0,0,4,3,40,0,0,0,0,0,16.0
00-0040126,Colston Loveland,TE,CHI,PIT,12,14.9,10.9,0,0,0,5,4,49,1,0,0,0,0,3.0
00-0040126,Colston Loveland,TE,CHI,PHI,13,5.8,2.8,0,0,0,6,3,28,0,0,0,0,0,26.0
00-0040126,Colston Loveland,TE,CHI,GB,14,12.9,8.9,0,0,0,5,4,29,1,0,0,0,0,8.0
00-0040126,Colston Loveland,TE,CHI,CLE,15,10.1,6.1,1,-2,0,5,4,63,0,0,0,0,0,15.0
00-0040126,Colston Loveland,TE,CHI,GB,16,6.0,3.0,0,0,0,5,3,30,0,0,0,0,0,15.0
00-0040126,Colston Loveland,TE,CHI,SF,17,21.4,15.4,0,0,0,10,6,94,1,0,0,0,0,2.0
00-0040126,Colston Loveland,TE,CHI,DET,18,25.1,15.1,0,0,0,13,10,91,1,0,0,0,0,1.0
00-0033908,Cooper Kupp,WR,SEA,SF,1,3.5,1.5,0,0,0,3,2,15,0,0,0,0,0,68.0
00-0033908,Cooper Kupp,WR,SEA,PIT,2,16.0,9.0,0,0,0,9,7,90,0,0,0,0,0,16.0
00-0033908,Cooper Kupp,WR,SEA,NO,3,5.1,3.1,0,0,0,3,2,31,0,0,0,0,0,58.0
00-0033908,Cooper Kupp,WR,SEA,ARI,4,6.6,2.6,0,0,0,5,4,26,0,0,0,0,0,50.0
00-0033908,Cooper Kupp,WR,SEA,TB,5,11.9,5.9,0,0,0,9,6,59,0,0,0,0,0,31.0
00-0033908,Cooper Kupp,WR,SEA,JAX,6,12.0,10.0,0,0,0,3,2,40,1,0,0,0,0,21.0
00-0033908,Cooper Kupp,WR,SEA,HOU,7,2.2,1.2,0,0,0,1,1,32,0,1,0,0,1,69.0
00-0033908,Cooper Kupp,WR,SEA,ARI,10,9.4,7.4,0,0,0,2,2,74,0,0,0,0,0,33.0
00-0033908,Cooper Kupp,WR,SEA,LA,11,5.3,2.3,0,0,0,7,3,23,0,0,0,0,0,54.0
00-0033908,Cooper Kupp,WR,SEA,TEN,12,4.4,2.4,0,0,0,4,2,24,0,0,0,0,0,48.0
00-0033908,Cooper Kupp,WR,SEA,MIN,13,5.4,2.4,0,0,0,4,3,24,0,0,0,0,0,56.0
00-0033908,Cooper Kupp,WR,SEA,ATL,14,11.5,9.5,0,0,0,3,2,35,1,0,0,0,0,23.0
00-0033908,Cooper Kupp,WR,SEA,IND,15,9.6,4.6,0,0,0,7,5,46,0,0,0,0,0,36.0
00-0033908,Cooper Kupp,WR,SEA,LA,16,6.9,3.9,0,0,0,4,3,39,0,0,0,0,0,51.0
00-0033908,Cooper Kupp,WR,SEA,CAR,17,1.6,0.6,0,0,0,3,1,6,0,0,0,0,0,70.0
00-0033908,Cooper Kupp,WR,SEA,SF,18,4.9,2.9,0,0,0,3,2,29,0,0,0,0,0,43.0
00-0034348,Courtland Sutton,WR,DEN,TEN,1,18.1,12.1,0,0,0,9,6,61,1,0,0,0,0,12.0
00-0034348,Courtland Sutton,WR,DEN,IND,2,1.6,0.6,0,0,0,4,1,6,0,0,0,0,0,83.0
00-0034348,Courtland Sutton,WR,DEN,LAC,3,23.8,17.8,0,0,0,8,6,118,1,0,0,0,0,3.0
00-0034348,Courtland Sutton,WR,DEN,CIN,4,19.1,14.1,0,0,0,6,5,81,1,0,0,0,0,13.0
00-0034348,Courtland Sutton,WR,DEN,PHI,5,17.9,9.9,0,0,0,10,8,99,0,0,0,0,0,15.0
00-0034348,Courtland Sutton,WR,DEN,NYJ,6,2.7,1.7,0,0,0,3,1,17,0,0,0,0,0,66.0
00-0034348,Courtland Sutton,WR,DEN,NYG,7,16.7,10.7,0,0,0,10,6,87,0,0,0,0,0,16.0
00-0034348,Courtland Sutton,WR,DEN,DAL,8,10.7,6.7,0,0,0,6,4,67,0,0,0,0,0,32.0
00-0034348,Courtland Sutton,WR,DEN,HOU,9,10.0,9.0,0,0,0,6,1,30,1,0,0,0,0,35.0
00-0034348,Courtland Sutton,WR,DEN,LV,10,5.4,2.4,0,0,0,4,3,24,0,0,0,0,0,50.0
00-0034348,Courtland Sutton,WR,DEN,KC,11,9.9,5.9,0,0,0,8,4,59,0,0,0,0,0,29.0
00-0034348,Courtland Sutton,WR,DEN,WAS,13,17.2,12.2,0,0,0,6,5,62,1,0,0,0,0,16.0
00-0034348,Courtland Sutton,WR,DEN,LV,14,12.2,6.2,0,0,0,10,6,62,0,0,0,0,0,21.0
00-0034348,Courtland Sutton,WR,DEN,GB,15,24.3,17.3,0,0,0,10,7,113,1,0,0,0,0,4.0
00-0034348,Courtland Sutton,WR,DEN,JAX,16,20.6,14.6,0,0,0,12,6,86,1,0,0,0,0,10.0
00-0034348,Courtland Sutton,WR,DEN,KC,17,8.0,4.0,0,0,0,10,4,40,0,0,0,0,0,38.0
00-0034348,Courtland Sutton,WR,DEN,LAC,18,1.5,0.5,0,0,0,2,1,5,0,0,0,0,0,63.0
00-0036275,D'Andre Swift,RB,CHI,MIN,1,9.5,6.5,17,53,0,5,3,12,0,0,0,0,0,26.0
00-0036275,D'Andre Swift,RB,CHI,DET,2,13.9,10.9,12,63,1,3,3,6,0,0,0,0,0,22.0
00-0036275,D'Andre Swift,RB,CHI,DAL,3,10.8,7.8,13,33,0,4,3,45,0,0,0,0,0,23.0
00-0036275,D'Andre Swift,RB,CHI,LV,4,16.0,12.0,14,38,1,6,4,22,0,0,0,0,0,19.0
00-0036275,D'Andre Swift,RB,CHI,WAS,6,25.5,23.5,14,108,0,3,2,67,1,0,0,0,0,6.0
00-0036275,D'Andre Swift,RB,CHI,NO,7,20.8,19.8,19,124,1,1,1,14,0,0,0,0,0,6.0
00-0036275,D'Andre Swift,RB,CHI,BAL,8,15.1,13.1,11,45,1,2,2,26,0,0,0,0,0,15.0
00-0036275,D'Andre Swift,RB,CHI,NYG,10,14.8,9.8,13,80,0,8,5,18,0,0,0,0,0,16.0
00-0036275,D'Andre Swift,RB,CHI,MIN,11,9.0,9.0,21,90,0,1,0,0,0,0,0,0,0,30.0
00-0036275,D'Andre Swift,RB,CHI,PIT,12,1.9,0.9,8,15,0,1,1,14,0,0,0,0,0,48.0
00-0036275,D'Andre Swift,RB,CHI,PHI,13,20.8,19.8,18,125,1,2,1,13,0,0,0,0,0,3.0
00-0036275,D'Andre Swift,RB,CHI,GB,14,11.2,8.2,13,63,0,4,3,19,0,0,0,0,0,21.0
00-0036275,D'Andre Swift,RB,CHI,CLE,15,22.6,21.6,18,98,2,1,1,-2,0,0,0,0,0,7.0
00-0036275,D'Andre Swift,RB,CHI,GB,16,9.0,7.0,13,58,0,2,2,12,0,0,0,0,0,31.0
00-0036275,D'Andre Swift,RB,CHI,SF,17,21.9,19.9,9,54,2,3,2,25,0,0,0,0,0,8.0
00-0036275,D'Andre Swift,RB,CHI,DET,18,5.8,4.8,10,40,0,2,1,8,0,0,0,0,0,35.0
00-0034827,DJ Moore,WR,CHI,MIN,1,10.6,7.6,3,8,0,5,3,68,0,0,0,0,0,33.0
00-0034827,DJ Moore,WR,CHI,DET,2,9.6,4.6,0,0,0,6,5,46,0,0,0,0,0,42.0
00-0034827,DJ Moore,WR,CHI,DAL,3,12.8,8.8,3,7,0,5,4,21,1,0,0,0,0,26.0
00-0034827,DJ Moore,WR,CHI,LV,4,7.8,3.8,0,0,0,5,4,38,0,0,0,0,0,42.0
00-0034827,DJ Moore,WR,CHI,WAS,6,8.2,5.2,2,10,0,5,3,42,0,0,0,0,0,35.0
00-0034827,DJ Moore,WR,CHI,NO,7,8.2,5.2,1,9,0,5,3,43,0,0,0,0,0,35.0
00-0034827,DJ Moore,WR,CHI,BAL,8,11.6,7.6,2,3,0,7,4,73,0,0,0,0,0,28.0
00-0034827,DJ Moore,WR,CHI,CIN,9,22.98,18.98,1,17,1,6,4,72,0,1,2,1,0,4.0
00-0034827,DJ Moore,WR,CHI,NYG,10,0.0,0.0,0,0,0,4,0,0,0,0,0,0,0,70.0
00-0034827,DJ Moore,WR,CHI,MIN,11,3.1,2.1,1,3,0,3,1,18,0,0,0,0,0,62.0
00-0034827,DJ Moore,WR,CHI,PIT,12,23.4,18.4,0,0,0,7,5,64,2,0,0,0,0,7.0
00-0034827,DJ Moore,WR,CHI,PHI,13,4.7,2.7,1,10,0,5,2,17,0,0,0,0,0,61.0
00-0034827,DJ Moore,WR,CHI,GB,14,0.6,-0.4,0,0,0,3,1,-4,0,0,0,0,0,71.0
00-0034827,DJ Moore,WR,CHI,CLE,15,22.9,18.9,0,0,0,5,4,69,2,0,0,0,0,7.0
00-0034827,DJ Moore,WR,CHI,GB,16,21.9,16.9,1,12,0,7,5,97,1,0,0,0,0,8.0
00-0034827,DJ Moore,WR,CHI,SF,17,1.7,0.7,0,0,0,4,1,7,0,0,0,0,0,67.0
00-0034827,DJ Moore,WR,CHI,DET,18,2.1,1.1,0,0,0,3,1,11,0,0,0,0,0,57.0
00-0035640,DK Metcalf,WR,PIT,NYJ,1,12.3,8.3,0,0,0,7,4,83,0,0,0,0,0,27.0
00-0035640,DK Metcalf,WR,PIT,SEA,2,11.0,8.0,0,0,0,6,3,20,1,0,0,0,0,35.0
00-0035640,DK Metcalf,WR,PIT,NE,3,12.2,9.2,0,0,0,4,3,32,1,0,0,0,0,29.0
00-0035640,DK Metcalf,WR,PIT,MIN,4,23.6,18.6,0,0,0,5,5,126,1,0,0,0,0,7.0
00-0035640,DK Metcalf,WR,PIT,CLE,6,19.5,15.5,0,0,0,9,4,95,1,0,0,0,0,10.0
00-0035640,DK Metcalf,WR,PIT,CIN,7,8.0,5.0,0,0,0,5,3,50,0,0,0,0,0,38.0
00-0035640,DK Metcalf,WR,PIT,GB,8,16.5,11.5,0,0,0,7,5,55,1,0,0,0,0,11.0
00-0035640,DK Metcalf,WR,PIT,IND,9,2.6,0.6,0,0,0,4,2,6,0,0,0,0,0,64.0
00-0035640,DK Metcalf,WR,PIT,LAC,10,6.5,3.5,0,0,0,7,3,35,0,0,0,0,0,44.0
00-0035640,DK Metcalf,WR,PIT,CIN,11,9.9,4.9,0,0,0,8,5,49,0,0,0,0,0,29.0
00-0035640,DK Metcalf,WR,PIT,CHI,12,14.4,9.4,2,12,1,8,5,22,0,0,0,0,0,21.0
00-0035640,DK Metcalf,WR,PIT,BUF,13,6.2,3.2,0,0,0,5,3,32,0,0,0,0,0,50.0
00-0035640,DK Metcalf,WR,PIT,BAL,14,21.8,14.8,0,0,0,12,7,148,0,0,0,0,0,7.0
00-0035640,DK Metcalf,WR,PIT,MIA,15,14.5,11.5,0,0,0,3,3,55,1,0,0,0,0,22.0
00-0035640,DK Metcalf,WR,PIT,DET,16,8.2,4.2,0,0,0,9,4,42,0,0,0,0,0,44.0
00-0033077,Dak Prescott,QB,DAL,PHI,1,7.82,7.82,1,3,0,0,0,0,0,34,188,0,0,27.0
00-0033077,Dak Prescott,QB,DAL,NYG,2,22.14,22.14,3,17,0,0,0,0,0,52,361,2,1,5.0
00-0033077,Dak Prescott,QB,DAL,CHI,3,12.04,12.04,0,0,0,0,0,0,0,40,251,1,2,21.0
00-0033077,Dak Prescott,QB,DAL,GB,4,30.96,30.96,1,2,1,0,0,0,0,40,319,3,0,1.0
00-0033077,Dak Prescott,QB,DAL,NYJ,5,28.28,28.28,7,28,0,0,0,0,0,29,237,4,0,2.0
00-0033077,Dak Prescott,QB,DAL,CAR,6,22.34,22.34,2,-1,0,0,0,0,0,34,261,3,0,5.0
00-0033077,Dak Prescott,QB,DAL,WAS,7,23.26,23.26,5,7,0,0,0,0,0,30,264,3,0,8.0
00-0033077,Dak Prescott,QB,DAL,DEN,8,6.62,6.62,6,31,0,0,0,0,0,31,188,0,2,22.0
00-0033077,Dak Prescott,QB,DAL,ARI,9,15.4,15.4,4,34,0,0,0,0,0,39,250,1,1,18.0
00-0033077,Dak Prescott,QB,DAL,LV,11,24.32,24.32,4,-4,0,0,0,0,0,33,268,4,0,3.0
00-0033077,Dak Prescott,QB,DAL,PHI,12,27.06,27.06,5,9,1,0,0,0,0,36,354,2,1,2.0
00-0033077,Dak Prescott,QB,DAL,KC,13,20.6,20.6,3,-2,0,0,0,0,0,39,320,2,1,8.0
00-0033077,Dak Prescott,QB,DAL,DET,14,18.44,18.44,3,14,0,0,0,0,0,47,376,1,2,13.0
00-0033077,Dak Prescott,QB,DAL,MIN,15,11.96,11.96,1,2,0,0,0,0,0,38,294,0,0,25.0
00-0033077,Dak Prescott,QB,DAL,LAC,16,19.16,19.16,2,14,0,0,0,0,0,30,244,2,0,11.0
00-0033077,Dak Prescott,QB,DAL,WAS,17,22.68,22.68,4,24,0,0,0,0,0,37,307,2,0,7.0
00-0033077,Dak Prescott,QB,DAL,NYG,18,0.7,0.7,2,-1,0,0,0,0,0,11,70,0,0,23.0
00-0034351,Dallas Goedert,TE,PHI,DAL,1,11.4,4.4,0,0,0,7,7,44,0,0,0,0,0,14.0
00-0034351,Dallas Goedert,TE,PHI,LA,3,10.3,9.3,0,0,0,2,1,33,1,0,0,0,0,10.0
00-0034351,Dallas Goedert,TE,PHI,TB,4,19.7,15.7,0,0,0,4,4,37,2,0,0,0,0,1.0
00-0034351,Dallas Goedert,TE,PHI,DEN,5,10.9,7.9,0,0,0,9,3,19,1,0,0,0,0,16.0
00-0034351,Dallas Goedert,TE,PHI,NYG,6,26.0,17.0,0,0,0,11,9,110,1,0,0,0,0,1.0
00-0034351,Dallas Goedert,TE,PHI,MIN,7,4.8,1.8,0,0,0,3,3,18,0,0,0,0,0,27.0
00-0034351,Dallas Goedert,TE,PHI,NYG,8,17.8,14.8,0,0,0,3,3,28,2,0,0,0,0,5.0
00-0034351,Dallas Goedert,TE,PHI,GB,10,8.3,4.3,0,0,0,6,4,43,0,0,0,0,0,16.0
00-0034351,Dallas Goedert,TE,PHI,DET,11,4.4,2.4,0,0,0,5,2,24,0,0,0,0,0,26.0
00-0034351,Dallas Goedert,TE,PHI,DAL,12,4.0,2.0,0,0,0,2,2,20,0,0,0,0,0,26.0
00-0034351,Dallas Goedert,TE,PHI,CHI,13,4.7,2.7,0,0,0,4,2,27,0,0,0,0,0,28.0
00-0034351,Dallas Goedert,TE,PHI,LAC,14,15.8,7.8,0,0,0,10,8,78,0,0,0,0,0,4.0
00-0034351,Dallas Goedert,TE,PHI,LV,15,25.0,19.0,0,0,0,7,6,70,2,0,0,0,0,4.0
00-0034351,Dallas Goedert,TE,PHI,WAS,16,12.2,9.2,0,0,0,3,3,32,1,0,0,0,0,12.0
00-0034351,Dallas Goedert,TE,PHI,BUF,17,9.8,6.8,0,0,0,6,3,8,1,0,0,0,0,13.0
00-0038933,Dalton Kincaid,TE,BUF,BAL,1,14.8,10.8,0,0,0,4,4,48,1,0,0,0,0,4.0
00-0038933,Dalton Kincaid,TE,BUF,NYJ,2,7.7,3.7,0,0,0,6,4,37,0,0,0,0,0,13.0
00-0038933,Dalton Kincaid,TE,BUF,MIA,3,17.6,12.6,0,0,0,6,5,66,1,0,0,0,0,4.0
00-0038933,Dalton Kincaid,TE,BUF,NO,4,9.8,8.8,0,0,0,2,1,28,1,0,0,0,0,16.0
00-0038933,Dalton Kincaid,TE,BUF,NE,5,16.8,10.8,0,0,0,6,6,108,0,0,0,0,0,10.0
00-0038933,Dalton Kincaid,TE,BUF,CAR,8,3.3,2.3,0,0,0,3,1,23,0,0,0,0,0,27.0
00-0038933,Dalton Kincaid,TE,BUF,KC,9,22.1,16.1,0,0,0,6,6,101,1,0,0,0,0,3.0
00-0038933,Dalton Kincaid,TE,BUF,MIA,10,5.7,3.7,0,0,0,3,2,37,0,0,0,0,0,21.0
00-0038933,Dalton Kincaid,TE,BUF,CIN,14,14.1,10.1,0,0,0,5,4,41,1,0,0,0,0,7.0
00-0038933,Dalton Kincaid,TE,BUF,NE,15,6.4,3.4,0,0,0,4,3,34,0,0,0,0,0,23.0
00-0038933,Dalton Kincaid,TE,BUF,CLE,16,0.0,0.0,0,0,0,1,0,0,0,0,0,0,0,36.0
00-0038933,Dalton Kincaid,TE,BUF,NYJ,18,7.8,4.8,0,0,0,3,3,48,0,0,0,0,0,15.0
00-0034383,Dalton Schultz,TE,HOU,LA,1,5.8,2.8,0,0,0,5,3,28,0,0,0,0,0,23.0
00-0034383,Dalton Schultz,TE,HOU,TB,2,5.9,2.9,0,0,0,4,3,29,0,0,0,0,0,21.0
00-0034383,Dalton Schultz,TE,HOU,JAX,3,8.9,3.9,0,0,0,6,5,39,0,0,0,0,0,14.0
00-0034383,Dalton Schultz,TE,HOU,TEN,4,8.0,3.0,0,0,0,6,5,30,0,0,0,0,0,19.0
00-0034383,Dalton Schultz,TE,HOU,BAL,5,11.0,6.0,0,0,0,6,5,60,0,0,0,0,0,15.0
00-0034383,Dalton Schultz,TE,HOU,SEA,7,18.8,9.8,0,0,0,10,9,98,0,0,0,0,0,5.0
00-0034383,Dalton Schultz,TE,HOU,SF,8,4.4,2.4,0,0,0,3,2,24,0,0,0,0,0,24.0
00-0034383,Dalton Schultz,TE,HOU,DEN,9,13.7,7.7,0,0,0,8,6,77,0,0,0,0,0,7.0
00-0034383,Dalton Schultz,TE,HOU,JAX,10,18.3,11.3,0,0,0,11,7,53,1,0,0,0,0,4.0
00-0034383,Dalton Schultz,TE,HOU,TEN,11,11.1,5.1,0,0,0,9,6,51,0,0,0,0,0,8.0
00-0034383,Dalton Schultz,TE,HOU,BUF,12,1.8,0.8,0,0,0,4,1,8,0,0,0,0,0,32.0
00-0034383,Dalton Schultz,TE,HOU,IND,13,12.5,5.5,0,0,0,8,7,55,0,0,0,0,0,9.0
00-0034383,Dalton Schultz,TE,HOU,KC,14,5.2,2.2,0,0,0,4,3,22,0,0,0,0,0,21.0
00-0034383,Dalton Schultz,TE,HOU,ARI,15,21.6,13.6,0,0,0,9,8,76,1,0,0,0,0,7.0
00-0034383,Dalton Schultz,TE,HOU,LV,16,14.5,9.5,0,0,0,5,5,35,1,0,0,0,0,9.0
00-0034383,Dalton Schultz,TE,HOU,LAC,17,4.9,1.9,0,0,0,4,3,19,0,0,0,0,0,26.0
00-0034383,Dalton Schultz,TE,HOU,IND,18,11.3,7.3,0,0,0,4,4,73,0,0,0,0,0,10.0
00-0038115,Daniel Bellinger,TE,NYG,WAS,1,2.4,1.4,0,0,0,1,1,14,0,0,0,0,0,33.0
00-0038115,Daniel Bellinger,TE,NYG,DAL,2,0.0,0.0,0,0,0,0,0,0,0,0,0,0,0,38.0
00-0038115,Daniel Bellinger,TE,NYG,KC,3,1.6,0.6,0,0,0,1,1,6,0,0,0,0,0,32.0
00-0038115,Daniel Bellinger,TE,NYG,LAC,4,2.3,1.3,0,0,0,1,1,13,0,0,0,0,0,34.0
00-0038115,Daniel Bellinger,TE,NYG,NO,5,9.2,5.2,0,0,0,4,4,52,0,0,0,0,0,18.0
00-0038115,Daniel Bellinger,TE,NYG,DEN,7,17.8,14.8,0,0,0,4,3,88,1,0,0,0,0,6.0
00-0038115,Daniel Bellinger,TE,NYG,PHI,8,3.1,2.1,0,0,0,1,1,21,0,0,0,0,0,28.0
00-0038115,Daniel Bellinger,TE,NYG,CHI,10,1.8,0.8,0,0,0,2,1,8,0,0,0,0,0,31.0
00-0038115,Daniel Bellinger,TE,NYG,GB,11,0.0,0.0,0,0,0,1,0,0,0,0,0,0,0,35.0
00-0038115,Daniel Bellinger,TE,NYG,DET,12,0.0,0.0,0,0,0,2,0,0,0,0,0,0,0,34.0
00-0038115,Daniel Bellinger,TE,NYG,WAS,15,6.5,3.5,0,0,0,4,3,35,0,0,0,0,0,22.0
00-0038115,Daniel Bellinger,TE,NYG,LV,17,3.1,1.1,0,0,0,3,2,11,0,0,0,0,0,30.0
00-0038115,Daniel Bellinger,TE,NYG,DAL,18,11.8,9.8,0,0,0,2,2,38,1,0,0,0,0,8.0
00-0035710,Daniel Jones,QB,IND,MIA,1,29.48,29.48,7,26,2,0,0,0,0,29,272,1,0,3.0
00-0035710,Daniel Jones,QB,IND,DEN,2,22.84,22.84,6,2,1,0,0,0,0,34,316,1,0,4.0
00-0035710,Daniel Jones,QB,IND,TEN,3,15.82,15.82,4,27,0,0,0,0,0,25,228,1,0,11.0
00-0035710,Daniel Jones,QB,IND,LA,4,10.38,10.38,1,-1,0,0,0,0,0,33,262,1,2,27.0
00-0035710,Daniel Jones,QB,IND,LV,5,16.68,16.68,1,2,0,0,0,0,0,29,212,2,0,16.0
00-0035710,Daniel Jones,QB,IND,ARI,6,22.48,22.48,5,20,1,0,0,0,0,30,212,2,1,4.0
00-0035710,Daniel Jones,QB,IND,LAC,7,22.22,22.22,5,7,0,0,0,0,0,34,288,2,0,11.0
00-0035710,Daniel Jones,QB,IND,TEN,8,23.18,23.18,1,3,0,0,0,0,0,29,272,3,0,9.0
00-0035710,Daniel Jones,QB,IND,PIT,9,14.08,14.08,3,4,1,0,0,0,0,50,342,1,3,20.0
00-0035710,Daniel Jones,QB,IND,ATL,10,15.5,15.5,7,53,0,0,0,0,0,26,255,1,1,15.0
00-0035710,Daniel Jones,QB,IND,KC,12,16.84,16.84,3,16,0,0,0,0,0,31,181,2,0,11.0
00-0035710,Daniel Jones,QB,IND,HOU,13,16.14,16.14,1,1,0,0,0,0,0,27,201,2,0,17.0
00-0035710,Daniel Jones,QB,IND,JAX,14,0.8,0.8,1,4,0,0,0,0,0,7,60,0,1,27.0
00-0035535,Darius Slayton,WR,NYG,WAS,1,0.0,0.0,0,0,0,1,0,0,0,0,0,0,0,80.0
00-0035535,Darius Slayton,WR,NYG,DAL,2,8.1,6.1,0,0,0,3,2,61,0,0,0,0,0,51.0
00-0035535,Darius Slayton,WR,NYG,KC,3,7.0,3.0,0,0,0,4,4,30,0,0,0,0,0,49.0
00-0035535,Darius Slayton,WR,NYG,LAC,4,7.4,4.4,0,0,0,4,3,44,0,0,0,0,0,46.0
00-0035535,Darius Slayton,WR,NYG,NO,5,4.1,1.1,0,0,0,6,3,31,0,0,0,0,0,56.0
00-0035535,Darius Slayton,WR,NYG,PHI,8,4.6,2.6,0,0,0,5,2,26,0,0,0,0,0,52.0
00-0035535,Darius Slayton,WR,NYG,SF,9,11.2,6.2,0,0,0,7,5,62,0,0,0,0,0,33.0
00-0035535,Darius Slayton,WR,NYG,CHI,10,12.9,8.9,0,0,0,4,4,89,0,0,0,0,0,26.0
00-0035535,Darius Slayton,WR,NYG,DET,12,3.3,2.3,0,0,0,2,1,23,0,0,0,0,0,55.0
00-0035535,Darius Slayton,WR,NYG,NE,13,14.1,12.1,0,0,0,3,2,41,1,0,0,0,0,19.0
00-0035535,Darius Slayton,WR,NYG,WAS,15,9.3,5.3,0,0,0,10,4,53,0,0,0,0,0,37.0
00-0035535,Darius Slayton,WR,NYG,MIN,16,1.8,0.8,0,0,0,2,1,8,0,0,0,0,0,76.0
00-0035535,Darius Slayton,WR,NYG,LV,17,5.6,3.6,0,0,0,3,2,36,0,0,0,0,0,47.0
00-0035535,Darius Slayton,WR,NYG,DAL,18,9.4,5.4,0,0,0,9,4,34,0,0,0,0,0,23.0
00-0036309,Darnell Mooney,WR,ATL,MIN,2,4.0,2.0,0,0,0,4,2,20,0,0,0,0,0,69.0
00-0036309,Darnell Mooney,WR,ATL,CAR,3,8.4,4.4,0,0,0,11,4,44,0,0,0,0,0,39.0
00-0036309,Darnell Mooney,WR,ATL,WAS,4,2.5,1.5,0,0,0,1,1,15,0,0,0,0,0,74.0
00-0036309,Darnell Mooney,WR,ATL,SF,7,9.8,6.8,0,0,0,5,3,68,0,0,0,0,0,31.0
00-0036309,Darnell Mooney,WR,ATL,MIA,8,2.1,1.1,0,0,0,4,1,11,0,0,0,0,0,57.0
00-0036309,Darnell Mooney,WR,ATL,NE,9,2.5,1.5,0,0,0,2,1,15,0,0,0,0,0,66.0
00-0036309,Darnell Mooney,WR,ATL,IND,10,2.7,1.7,0,0,0,8,1,17,0,0,0,0,0,62.0
00-0036309,Darnell Mooney,WR,ATL,CAR,11,6.4,3.4,0,0,0,7,3,34,0,0,0,0,0,46.0
00-0036309,Darnell Mooney,WR,ATL,NO,12,16.4,13.4,0,0,0,3,3,74,1,0,0,0,0,16.0
00-0036309,Darnell Mooney,WR,ATL,NYJ,13,4.5,2.5,0,0,0,5,2,25,0,0,0,0,0,62.0
00-0036309,Darnell Mooney,WR,ATL,SEA,14,1.6,0.6,0,0,0,4,1,6,0,0,0,0,0,68.0
00-0036309,Darnell Mooney,WR,ATL,TB,15,6.5,3.5,0,0,0,6,3,35,0,0,0,0,0,50.0
00-0036309,Darnell Mooney,WR,ATL,ARI,16,4.4,2.4,0,0,0,2,2,24,0,0,0,0,0,64.0
00-0036309,Darnell Mooney,WR,ATL,LA,17,5.5,3.5,0,0,0,3,2,35,0,0,0,0,0,48.0
00-0036309,Darnell Mooney,WR,ATL,NO,18,5.0,2.0,0,0,0,7,3,20,0,0,0,0,0,41.0
00-0038558,Darnell Washington,TE,PIT,SEA,2,2.0,2.0,0,0,0,1,0,0,0,0,0,0,0,34.0
00-0038558,Darnell Washington,TE,PIT,MIN,4,5.0,2.0,0,0,0,3,3,20,0,0,0,0,0,26.0
00-0038558,Darnell Washington,TE,PIT,CLE,6,9.2,6.2,0,0,0,5,3,62,0,0,0,0,0,18.0
00-0038558,Darnell Washington,TE,PIT,CIN,7,9.2,6.2,0,0,0,5,3,2,1,0,0,0,0,17.0
00-0038558,Darnell Washington,TE,PIT,IND,9,8.3,4.3,0,0,0,6,4,43,0,0,0,0,0,21.0
00-0038558,Darnell Washington,TE,PIT,LAC,10,2.5,1.5,0,0,0,1,1,15,0,0,0,0,0,29.0
00-0038558,Darnell Washington,TE,PIT,CIN,11,10.7,6.7,0,0,0,5,4,67,0,0,0,0,0,9.0
00-0038558,Darnell Washington,TE,PIT,CHI,12,4.2,2.2,0,0,0,2,2,22,0,0,0,0,0,25.0
00-0038558,Darnell Washington,TE,PIT,BUF,13,6.5,4.5,0,0,0,4,2,45,0,0,0,0,0,24.0
00-0038558,Darnell Washington,TE,PIT,BAL,14,2.2,1.2,0,0,0,1,1,12,0,0,0,0,0,30.0
00-0038558,Darnell Washington,TE,PIT,MIA,15,5.5,2.5,0,0,0,4,3,25,0,0,0,0,0,25.0
00-0038558,Darnell Washington,TE,PIT,DET,16,4.6,1.6,0,0,0,4,3,36,0,0,0,0,0,22.0
00-0038558,Darnell Washington,TE,PIT,CLE,17,3.5,1.5,0,0,0,2,2,15,0,0,0,0,0,29.0
00-0031610,Darren Waller,TE,MIA,NYJ,4,17.7,14.7,0,0,0,4,3,27,2,0,0,0,0,4.0
00-0031610,Darren Waller,TE,MIA,CAR,5,18.8,13.8,0,0,0,5,5,78,1,0,0,0,0,6.0
00-0031610,Darren Waller,TE,MIA,LAC,6,9.2,7.2,0,0,0,3,2,12,1,0,0,0,0,18.0
00-0031610,Darren Waller,TE,MIA,CLE,7,0.0,0.0,0,0,0,0,0,0,0,0,0,0,0,34.0
00-0031610,Darren Waller,TE,MIA,NO,13,6.7,4.7,0,0,0,3,2,47,0,0,0,0,0,22.0
00-0031610,Darren Waller,TE,MIA,NYJ,14,2.7,1.7,1,4,0,3,1,13,0,0,0,0,0,28.0
00-0031610,Darren Waller,TE,MIA,PIT,15,25.6,18.6,0,0,0,8,7,66,2,0,0,0,0,3.0
00-0031610,Darren Waller,TE,MIA,CIN,16,7.0,4.0,0,0,0,5,3,40,0,0,0,0,0,13.0
00-0031610,Darren Waller,TE,MIA,TB,17,1.0,0.0,0,0,0,3,1,0,0,0,0,0,0,33.0
00-0031381,Davante Adams,WR,LA,HOU,1,9.1,5.1,0,0,0,8,4,51,0,0,0,0,0,37.0
00-0031381,Davante Adams,WR,LA,TEN,2,22.6,16.6,0,0,0,13,6,106,1,0,0,0,0,7.0
00-0031381,Davante Adams,WR,LA,PHI,3,14.6,11.6,0,0,0,8,3,56,1,0,0,0,0,21.0
00-0031381,Davante Adams,WR,LA,IND,4,15.6,11.6,0,0,0,6,4,56,1,0,0,0,0,19.0
00-0031381,Davante Adams,WR,LA,SF,5,13.8,8.8,0,0,0,11,5,88,0,0,0,0,0,21.0
00-0031381,Davante Adams,WR,LA,BAL,6,7.9,3.9,0,0,0,9,4,39,0,0,0,0,0,36.0
00-0031381,Davante Adams,WR,LA,JAX,7,26.5,21.5,0,0,0,8,5,35,3,0,0,0,0,6.0
00-0031381,Davante Adams,WR,LA,NO,9,23.0,18.0,0,0,0,7,5,60,2,0,0,0,0,3.0
00-0031381,Davante Adams,WR,LA,SF,10,19.7,13.7,0,0,0,8,6,77,1,0,0,0,0,12.0
00-0031381,Davante Adams,WR,LA,SEA,11,7.1,6.1,0,0,0,8,1,1,1,0,0,0,0,45.0
00-0031381,Davante Adams,WR,LA,TB,12,23.2,18.2,0,0,0,8,5,62,2,0,0,0,0,8.0
00-0031381,Davante Adams,WR,LA,CAR,13,21.8,17.8,0,0,0,5,4,58,2,0,0,0,0,9.0
00-0031381,Davante Adams,WR,LA,ARI,14,6.9,2.9,0,0,0,6,4,29,0,0,0,0,0,43.0
00-0031381,Davante Adams,WR,LA,DET,15,11.1,7.1,0,0,0,9,4,71,0,0,0,0,0,33.0
00-0035685,David Montgomery,RB,DET,GB,1,8.3,4.3,11,25,0,4,4,18,0,0,0,0,0,28.0
00-0035685,David Montgomery,RB,DET,CHI,2,13.1,12.1,11,57,1,1,1,4,0,0,0,0,0,24.0
00-0035685,David Montgomery,RB,DET,BAL,3,29.4,28.4,12,151,2,1,1,13,0,0,0,0,0,2.0
00-0035685,David Montgomery,RB,DET,CLE,4,1.2,1.2,9,12,0,1,0,0,0,0,0,0,0,51.0
00-0035685,David Montgomery,RB,DET,CIN,5,18.22,17.22,18,65,1,1,1,6,0,1,3,1,0,10.0
00-0035685,David Montgomery,RB,DET,KC,6,8.1,6.1,4,24,0,2,2,37,0,0,0,0,0,29.0
00-0035685,David Montgomery,RB,DET,TB,7,5.9,3.9,13,21,0,3,2,18,0,0,0,0,0,36.0
00-0035685,David Montgomery,RB,DET,MIN,9,11.0,9.0,11,40,1,4,2,10,0,0,0,0,0,20.0
00-0035685,David Montgomery,RB,DET,WAS,10,10.1,9.1,15,71,0,1,1,0,0,0,0,0,0,28.0
00-0035685,David Montgomery,RB,DET,PHI,11,4.7,3.7,6,27,0,1,1,10,0,0,0,0,0,42.0
00-0035685,David Montgomery,RB,DET,NYG,12,6.7,3.7,5,18,0,3,3,19,0,0,0,0,0,33.0
00-0035685,David Montgomery,RB,DET,GB,13,12.8,10.8,8,32,1,2,2,16,0,1,0,0,0,22.0
00-0035685,David Montgomery,RB,DET,DAL,14,14.3,13.3,6,60,1,1,1,13,0,0,0,0,0,18.0
00-0035685,David Montgomery,RB,DET,LA,15,9.2,9.2,7,32,1,1,0,0,0,0,0,0,0,29.0
00-0035685,David Montgomery,RB,DET,PIT,16,1.4,1.4,4,14,0,0,0,0,0,0,0,0,0,52.0
00-0035685,David Montgomery,RB,DET,MIN,17,6.0,4.0,10,25,0,2,2,15,0,0,0,0,0,37.0
00-0035685,David Montgomery,RB,DET,CHI,18,6.5,5.5,8,42,0,1,1,13,0,0,0,0,0,29.0
00-0033885,David Njoku,TE,CLE,CIN,1,6.7,3.7,0,0,0,6,3,37,0,0,0,0,0,22.0
00-0033885,David Njoku,TE,CLE,BAL,2,8.0,4.0,0,0,0,5,4,40,0,0,0,0,0,11.0
00-0033885,David Njoku,TE,CLE,GB,3,9.0,4.0,0,0,0,7,5,40,0,0,0,0,0,13.0
00-0033885,David Njoku,TE,CLE,DET,4,3.1,1.1,0,0,0,3,2,11,0,0,0,0,0,32.0
00-0033885,David Njoku,TE,CLE,MIN,5,18.7,12.7,0,0,0,9,6,67,1,0,0,0,0,7.0
00-0033885,David Njoku,TE,CLE,PIT,6,5.8,2.8,0,0,0,6,3,28,0,0,0,0,0,24.0
00-0033885,David Njoku,TE,CLE,NE,8,13.7,9.7,0,0,0,5,4,37,1,0,0,0,0,9.0
00-0033885,David Njoku,TE,CLE,NYJ,10,10.1,8.1,0,0,0,2,2,21,1,0,0,0,0,11.0
00-0033885,David Njoku,TE,CLE,BAL,11,1.7,0.7,0,0,0,2,1,7,0,0,0,0,0,34.0
00-0033885,David Njoku,TE,CLE,SF,13,2.4,0.4,0,0,0,2,2,4,0,0,0,0,0,34.0
00-0033885,David Njoku,TE,CLE,TEN,14,7.1,6.1,0,0,0,1,1,1,1,0,0,0,0,17.0
00-0039074,Davis Allen,TE,LA,HOU,1,8.3,7.3,0,0,0,2,1,13,1,0,0,0,0,19.0
00-0039074,Davis Allen,TE,LA,TEN,2,7.8,6.8,0,0,0,1,1,8,1,0,0,0,0,12.0
00-0039074,Davis Allen,TE,LA,PHI,3,1.3,0.3,0,0,0,1,1,3,0,0,0,0,0,35.0
00-0039074,Davis Allen,TE,LA,IND,4,1.0,0.0,0,0,0,1,1,0,0,0,0,0,0,38.0
00-0039074,Davis Allen,TE,LA,SF,5,4.4,2.4,0,0,0,2,2,24,0,0,0,0,0,23.0
00-0039074,Davis Allen,TE,LA,BAL,6,1.7,0.7,0,0,0,2,1,7,0,0,0,0,0,33.0
00-0039074,Davis Allen,TE,LA,JAX,7,1.4,0.4,0,0,0,1,1,4,0,0,0,0,0,32.0
00-0039074,Davis Allen,TE,LA,NO,9,6.7,3.7,0,0,0,4,3,37,0,0,0,0,0,26.0
00-0039074,Davis Allen,TE,LA,SF,10,8.8,6.8,0,0,0,2,2,8,1,0,0,0,0,14.0
00-0039074,Davis Allen,TE,LA,TB,12,5.9,2.9,0,0,0,4,3,29,0,0,0,0,0,19.0
00-0039074,Davis Allen,TE,LA,CAR,13,1.4,0.4,0,0,0,1,1,4,0,0,0,0,0,36.0
00-0039074,Davis Allen,TE,LA,ARI,14,4.1,2.1,0,0,0,2,2,21,0,0,0,0,0,23.0
00-0039074,Davis Allen,TE,LA,DET,15,4.6,1.6,0,0,0,4,3,16,0,0,0,0,0,28.0
00-0039074,Davis Allen,TE,LA,SEA,16,5.4,3.4,0,0,0,5,2,34,0,0,0,0,0,20.0
00-0039074,Davis Allen,TE,LA,ARI,18,0.0,0.0,0,0,0,1,0,0,0,0,0,0,0,31.0
00-0036898,Davis Mills,QB,HOU,BAL,5,1.22,1.22,3,3,0,0,0,0,0,4,23,0,0,27.0
00-0036898,Davis Mills,QB,HOU,DEN,9,6.18,6.18,2,7,0,0,0,0,0,30,137,0,0,27.0
00-0036898,Davis Mills,QB,HOU,JAX,10,27.68,27.68,3,20,1,0,0,0,0,45,292,2,1,1.0
00-0036898,Davis Mills,QB,HOU,TEN,11,16.36,16.36,2,14,0,0,0,0,0,41,274,1,0,9.0
00-0036898,Davis Mills,QB,HOU,BUF,12,14.52,14.52,2,4,0,0,0,0,0,30,153,2,0,13.0
00-0036898,Davis Mills,QB,HOU,IND,18,2.64,2.64,1,12,0,0,0,0,0,9,36,0,0,22.0
00-0035689,Dawson Knox,TE,BUF,BAL,1,4.0,2.0,0,0,0,2,2,20,0,0,0,0,0,29.0
00-0035689,Dawson Knox,TE,BUF,NYJ,2,3.9,1.9,0,0,0,5,2,19,0,0,0,0,0,29.0
00-0035689,Dawson Knox,TE,BUF,NO,4,0.0,0.0,0,0,0,1,0,0,0,0,0,0,0,39.0
00-0035689,Dawson Knox,TE,BUF,NE,5,3.5,1.5,0,0,0,2,2,15,0,0,0,0,0,26.0
00-0035689,Dawson Knox,TE,BUF,ATL,6,8.9,7.9,0,0,0,2,1,19,1,0,0,0,0,20.0
00-0035689,Dawson Knox,TE,BUF,CAR,8,2.5,1.5,0,0,0,1,1,15,0,0,0,0,0,30.0
00-0035689,Dawson Knox,TE,BUF,KC,9,4.0,3.0,0,0,0,1,1,30,0,0,0,0,0,29.0
00-0035689,Dawson Knox,TE,BUF,MIA,10,6.7,3.7,0,0,0,4,3,37,0,0,0,0,0,17.0
00-0035689,Dawson Knox,TE,BUF,TB,11,3.3,2.3,0,0,0,3,1,23,0,0,0,0,0,31.0
00-0035689,Dawson Knox,TE,BUF,HOU,12,4.7,1.7,0,0,0,4,3,17,0,0,0,0,0,23.0
00-0035689,Dawson Knox,TE,BUF,PIT,13,5.8,2.8,0,0,0,4,3,28,0,0,0,0,0,26.0
00-0035689,Dawson Knox,TE,BUF,CIN,14,17.3,11.3,0,0,0,7,6,93,0,0,0,0,0,3.0
00-0035689,Dawson Knox,TE,BUF,NE,15,18.7,15.7,0,0,0,4,3,37,2,0,0,0,0,8.0
00-0035689,Dawson Knox,TE,BUF,CLE,16,2.0,1.0,0,0,0,2,1,10,0,0,0,0,0,29.0
00-0035689,Dawson Knox,TE,BUF,PHI,17,8.0,3.0,0,0,0,5,5,30,0,0,0,0,0,18.0
00-0035689,Dawson Knox,TE,BUF,NYJ,18,10.4,8.4,0,0,0,2,2,24,1,0,0,0,0,12.0
00-0039040,De'Von Achane,RB,MIA,IND,1,16.5,13.5,7,55,0,4,3,20,1,0,0,0,0,10.0
00-0039040,De'Von Achane,RB,MIA,NE,2,26.2,18.2,11,30,0,10,8,92,1,0,0,0,0,3.0
00-0039040,De'Von Achane,RB,MIA,BUF,3,16.1,9.1,12,62,0,9,7,29,0,0,0,0,0,12.0
00-0039040,De'Von Achane,RB,MIA,NYJ,4,17.1,16.1,20,99,1,2,1,2,0,0,0,0,0,17.0
00-0039040,De'Von Achane,RB,MIA,CAR,5,16.6,10.6,10,16,0,7,6,30,1,0,0,0,0,14.0
00-0039040,De'Von Achane,RB,MIA,LAC,6,31.0,27.0,16,128,2,6,4,22,0,0,0,0,0,4.0
00-0039040,De'Von Achane,RB,MIA,CLE,7,12.8,9.8,13,82,0,5,3,16,0,0,0,0,0,15.0
00-0039040,De'Von Achane,RB,MIA,ATL,8,20.1,15.1,18,67,0,7,5,24,1,0,0,0,0,7.0
00-0039040,De'Von Achane,RB,MIA,BAL,9,16.6,10.6,14,67,0,10,6,39,0,0,0,0,0,10.0
00-0039040,De'Von Achane,RB,MIA,BUF,10,40.5,34.5,22,174,2,6,6,51,0,0,0,0,0,2.0
00-0039040,De'Von Achane,RB,MIA,WAS,11,21.5,16.5,21,120,0,5,5,45,0,0,0,0,0,6.0
00-0039040,De'Von Achane,RB,MIA,NO,13,19.4,19.4,22,134,1,1,0,0,0,0,0,0,0,6.0
00-0039040,De'Von Achane,RB,MIA,NYJ,14,17.5,16.5,7,92,1,1,1,13,0,0,0,0,0,9.0
00-0039040,De'Von Achane,RB,MIA,PIT,15,18.7,12.7,12,60,0,6,6,67,0,0,0,0,0,10.0
00-0039040,De'Von Achane,RB,MIA,CIN,16,18.0,15.0,15,81,1,3,3,9,0,0,0,0,0,14.0
00-0039040,De'Von Achane,RB,MIA,TB,17,14.2,11.2,18,83,0,3,3,29,0,0,0,0,0,16.0
00-0030564,DeAndre Hopkins,WR,BAL,BUF,1,11.5,9.5,0,0,0,2,2,35,1,0,0,0,0,31.0
00-0030564,DeAndre Hopkins,WR,BAL,CLE,2,14.4,12.4,0,0,0,2,2,64,1,0,0,0,0,24.0
00-0030564,DeAndre Hopkins,WR,BAL,DET,3,2.3,1.3,0,0,0,2,1,13,0,0,0,0,0,74.0
00-0030564,DeAndre Hopkins,WR,BAL,KC,4,0.0,0.0,0,0,0,1,0,0,0,0,0,0,0,82.0
00-0030564,DeAndre Hopkins,WR,BAL,HOU,5,6.6,4.6,0,0,0,2,2,46,0,0,0,0,0,54.0
00-0030564,DeAndre Hopkins,WR,BAL,LA,6,4.0,2.0,0,0,0,4,2,20,0,0,0,0,0,60.0
00-0030564,DeAndre Hopkins,WR,BAL,CHI,8,2.4,1.4,0,0,0,1,1,14,0,0,0,0,0,56.0
00-0030564,DeAndre Hopkins,WR,BAL,MIA,9,0.0,0.0,0,0,0,1,0,0,0,0,0,0,0,72.0
00-0030564,DeAndre Hopkins,WR,BAL,MIN,10,3.6,1.6,0,0,0,4,2,16,0,0,0,0,0,56.0
00-0030564,DeAndre Hopkins,WR,BAL,CLE,11,2.1,1.1,0,0,0,4,1,11,0,0,0,0,0,67.0
00-0030564,DeAndre Hopkins,WR,BAL,NYJ,12,3.3,1.3,0,0,0,3,2,13,0,0,0,0,0,56.0
00-0030564,DeAndre Hopkins,WR,BAL,CIN,13,4.5,2.5,0,0,0,3,2,25,0,0,0,0,0,62.0
00-0030564,DeAndre Hopkins,WR,BAL,PIT,14,0.0,0.0,0,0,0,1,0,0,0,0,0,0,0,72.0
00-0030564,DeAndre Hopkins,WR,BAL,CIN,15,4.2,3.2,0,0,0,1,1,32,0,0,0,0,0,62.0
00-0030564,DeAndre Hopkins,WR,BAL,NE,16,8.1,4.1,0,0,0,5,4,41,0,0,0,0,0,45.0
00-0030564,DeAndre Hopkins,WR,BAL,GB,17,0.0,0.0,0,0,0,1,0,0,0,0,0,0,0,78.0
00-0030564,DeAndre Hopkins,WR,BAL,PIT,18,0.0,0.0,0,0,0,2,0,0,0,0,0,0,0,68.0
00-0038621,DeMario Douglas,WR,NE,LV,1,8.2,6.2,1,4,0,7,2,-2,1,0,0,0,0,43.0
00-0038621,DeMario Douglas,WR,NE,MIA,2,1.8,0.8,0,0,0,1,1,8,0,0,0,0,0,82.0
00-0038621,DeMario Douglas,WR,NE,PIT,3,2.7,0.7,0,0,0,5,2,7,0,0,0,0,0,71.0
00-0038621,DeMario Douglas,WR,NE,BUF,5,3.7,1.7,0,0,0,3,2,17,0,0,0,0,0,60.0
00-0038621,DeMario Douglas,WR,NE,NO,6,16.1,13.1,0,0,0,4,3,71,1,0,0,0,0,15.0
00-0038621,DeMario Douglas,WR,NE,TEN,7,4.7,1.7,0,0,0,3,3,17,0,0,0,0,0,57.0
00-0038621,DeMario Douglas,WR,NE,CLE,8,5.7,4.7,2,3,0,1,1,44,0,0,0,0,0,50.0
00-0038621,DeMario Douglas,WR,NE,ATL,9,20.0,16.0,0,0,0,6,4,100,1,0,0,0,0,10.0
00-0038621,DeMario Douglas,WR,NE,TB,10,5.4,3.4,1,0,0,2,2,34,0,0,0,0,0,50.0
00-0038621,DeMario Douglas,WR,NE,NYJ,11,6.1,3.1,1,-5,0,3,3,36,0,0,0,0,0,50.0
00-0038621,DeMario Douglas,WR,NE,CIN,12,6.1,5.1,1,14,0,1,1,37,0,0,0,0,0,42.0
00-0038621,DeMario Douglas,WR,NE,NYG,13,6.3,3.3,0,0,0,3,3,33,0,0,0,0,0,49.0
00-0038621,DeMario Douglas,WR,NE,BUF,15,0.5,0.5,1,5,0,0,0,0,0,0,0,0,0,77.0
00-0038621,DeMario Douglas,WR,NE,BAL,16,1.6,0.6,0,0,0,2,1,6,0,0,0,0,0,79.0
00-0038621,DeMario Douglas,WR,NE,NYJ,17,2.0,1.0,0,0,0,2,1,10,0,0,0,0,0,65.0
00-0038621,DeMario Douglas,WR,NE,MIA,18,4.9,2.9,0,0,0,3,2,29,0,0,0,0,0,43.0
00-0036912,DeVonta Smith,WR,PHI,DAL,1,4.6,1.6,0,0,0,3,3,16,0,0,0,0,0,58.0
00-0036912,DeVonta Smith,WR,PHI,KC,2,9.3,5.3,0,0,0,6,4,53,0,0,0,0,0,44.0
00-0036912,DeVonta Smith,WR,PHI,LA,3,20.0,12.0,0,0,0,9,8,60,1,0,0,0,0,9.0
00-0036912,DeVonta Smith,WR,PHI,TB,4,4.9,2.9,0,0,0,2,2,29,0,0,0,0,0,59.0
00-0036912,DeVonta Smith,WR,PHI,DEN,5,19.4,11.4,0,0,0,10,8,114,0,0,0,0,0,10.0
00-0036912,DeVonta Smith,WR,PHI,NYG,6,8.9,4.9,0,0,0,5,4,49,0,0,0,0,0,31.0
00-0036912,DeVonta Smith,WR,PHI,MIN,7,33.3,24.3,0,0,0,11,9,183,1,0,0,0,0,2.0
00-0036912,DeVonta Smith,WR,PHI,NYG,8,14.4,8.4,0,0,0,9,6,84,0,0,0,0,0,18.0
00-0036912,DeVonta Smith,WR,PHI,GB,10,16.9,12.9,0,0,0,7,4,69,1,0,0,0,0,18.0
00-0036912,DeVonta Smith,WR,PHI,DET,11,1.8,0.8,0,0,0,5,1,8,0,0,0,0,0,70.0
00-0036912,DeVonta Smith,WR,PHI,DAL,12,14.9,8.9,0,0,0,11,6,89,0,0,0,0,0,20.0
00-0036912,DeVonta Smith,WR,PHI,CHI,13,9.8,4.8,0,0,0,8,5,48,0,0,0,0,0,36.0
00-0036912,DeVonta Smith,WR,PHI,LAC,14,7.7,3.7,0,0,0,8,4,37,0,0,0,0,0,35.0
00-0036912,DeVonta Smith,WR,PHI,LV,15,7.0,5.0,0,0,0,2,2,50,0,0,0,0,0,47.0
00-0036912,DeVonta Smith,WR,PHI,WAS,16,16.2,10.2,0,0,0,8,6,42,1,0,0,0,0,17.0
00-0036912,DeVonta Smith,WR,PHI,BUF,17,4.5,2.5,0,0,0,5,2,25,0,0,0,0,0,55.0
00-0036912,DeVonta Smith,WR,PHI,WAS,18,8.2,5.2,0,0,0,4,3,52,0,0,0,0,0,27.0
00-0035719,Deebo Samuel Sr.,WR,WAS,NYG,1,22.6,15.6,1,19,1,10,7,77,0,0,0,0,0,6.0
00-0035719,Deebo Samuel Sr.,WR,WAS,GB,2,17.4,10.4,0,0,0,8,7,44,1,0,0,0,0,14.0
00-0035719,Deebo Samuel Sr.,WR,WAS,LV,3,4.9,2.9,3,18,0,3,2,11,0,0,0,0,0,60.0
00-0035719,Deebo Samuel Sr.,WR,WAS,ATL,4,20.1,14.1,3,9,0,6,6,72,1,0,0,0,0,11.0
00-0035719,Deebo Samuel Sr.,WR,WAS,LAC,5,23.6,15.6,0,0,0,11,8,96,1,0,0,0,0,7.0
00-0035719,Deebo Samuel Sr.,WR,WAS,CHI,6,5.4,1.4,1,-1,0,5,4,15,0,0,0,0,0,48.0
00-0035719,Deebo Samuel Sr.,WR,WAS,KC,8,4.2,1.2,1,1,0,6,3,11,0,0,0,0,0,53.0
00-0035719,Deebo Samuel Sr.,WR,WAS,SEA,9,9.4,4.4,1,3,0,6,5,41,0,0,0,0,0,37.0
00-0035719,Deebo Samuel Sr.,WR,WAS,DET,10,12.9,8.9,0,0,0,5,4,29,1,0,0,0,0,26.0
00-0035719,Deebo Samuel Sr.,WR,WAS,MIA,11,20.7,13.7,1,3,0,8,7,74,1,0,0,0,0,5.0
00-0035719,Deebo Samuel Sr.,WR,WAS,DEN,13,11.1,6.1,2,-3,0,7,5,64,0,0,0,0,0,31.0
00-0035719,Deebo Samuel Sr.,WR,WAS,MIN,14,6.7,2.7,0,0,0,6,4,27,0,0,0,0,0,44.0
00-0035719,Deebo Samuel Sr.,WR,WAS,NYG,15,7.3,4.3,0,0,0,5,3,43,0,0,0,0,0,46.0
00-0035719,Deebo Samuel Sr.,WR,WAS,PHI,16,6.5,3.5,0,0,0,4,3,35,0,0,0,0,0,52.0
00-0035719,Deebo Samuel Sr.,WR,WAS,DAL,17,11.3,9.3,2,25,0,4,2,68,0,0,0,0,0,26.0
00-0035719,Deebo Samuel Sr.,WR,WAS,PHI,18,4.1,2.1,2,1,0,5,2,20,0,0,0,0,0,48.0
00-0032764,Derrick Henry,RB,BAL,BUF,1,29.2,28.2,18,169,2,1,1,13,0,0,0,0,0,1.0
00-0032764,Derrick Henry,RB,BAL,CLE,2,2.3,2.3,11,23,0,0,0,0,0,0,0,0,0,47.0
00-0032764,Derrick Henry,RB,BAL,DET,3,10.7,9.7,12,50,1,1,1,7,0,1,0,0,0,25.0
00-0032764,Derrick Henry,RB,BAL,KC,4,7.8,5.8,8,42,0,3,2,16,0,0,0,0,0,37.0
00-0032764,Derrick Henry,RB,BAL,HOU,5,9.3,9.3,15,33,1,1,0,0,0,0,0,0,0,29.0
00-0032764,Derrick Henry,RB,BAL,LA,6,14.0,13.0,24,122,0,2,1,8,0,0,0,0,0,13.0
00-0032764,Derrick Henry,RB,BAL,CHI,8,19.1,19.1,21,71,2,1,0,0,0,0,0,0,0,9.0
00-0032764,Derrick Henry,RB,BAL,MIA,9,13.1,12.1,19,119,0,1,1,2,0,0,0,0,0,14.0
00-0032764,Derrick Henry,RB,BAL,MIN,10,11.4,8.4,20,75,0,3,3,9,0,0,0,0,0,21.0
00-0032764,Derrick Henry,RB,BAL,CLE,11,20.2,18.2,18,103,1,2,2,19,0,0,0,0,0,8.0
00-0032764,Derrick Henry,RB,BAL,NYJ,12,22.8,20.8,21,64,2,2,2,24,0,0,0,0,0,5.0
00-0032764,Derrick Henry,RB,BAL,CIN,13,17.4,16.4,10,60,1,1,1,44,0,0,0,0,0,11.0
00-0032764,Derrick Henry,RB,BAL,PIT,14,11.2,10.2,25,94,0,2,1,8,0,0,0,0,0,21.0
00-0032764,Derrick Henry,RB,BAL,CIN,15,10.0,10.0,11,100,0,0,0,0,0,0,0,0,0,25.0
00-0032764,Derrick Henry,RB,BAL,NE,16,22.8,22.8,18,128,2,0,0,0,0,0,0,0,0,9.0
00-0032764,Derrick Henry,RB,BAL,GB,17,45.6,45.6,36,216,4,0,0,0,0,0,0,0,0,1.0
00-0032764,Derrick Henry,RB,BAL,PIT,18,12.6,12.6,20,126,0,1,0,0,0,0,0,0,0,13.0
00-0039424,Devaughn Vele,WR,NO,ARI,1,2.3,1.3,0,0,0,2,1,13,0,0,0,0,0,71.0
00-0039424,Devaughn Vele,WR,NO,SF,2,7.3,6.3,0,0,0,1,1,3,1,0,0,0,0,58.0
00-0039424,Devaughn Vele,WR,NO,NYG,5,3.3,1.3,0,0,0,2,2,13,0,0,0,0,0,65.0
00-0039424,Devaughn Vele,WR,NO,TB,8,2.0,1.0,0,0,0,5,1,10,0,0,0,0,0,58.0
00-0039424,Devaughn Vele,WR,NO,CAR,10,2.5,1.5,0,0,0,3,1,15,0,0,0,0,0,63.0
00-0039424,Devaughn Vele,WR,NO,ATL,12,6.7,3.7,0,0,0,7,3,37,0,0,0,0,0,38.0
00-0039424,Devaughn Vele,WR,NO,MIA,13,23.3,15.3,0,0,0,8,8,93,1,0,0,0,0,7.0
00-0039424,Devaughn Vele,WR,NO,TB,14,7.0,4.0,0,0,0,5,3,40,0,0,0,0,0,42.0
00-0039424,Devaughn Vele,WR,NO,CAR,15,11.9,6.9,0,0,0,6,5,69,0,0,0,0,0,30.0
00-0040202,Devin Neal,RB,NO,ARI,1,0.9,0.9,2,9,0,0,0,0,0,0,0,0,0,52.0
00-0040202,Devin Neal,RB,NO,CHI,7,0.1,0.1,1,1,0,0,0,0,0,0,0,0,0,56.0
00-0040202,Devin Neal,RB,NO,TB,8,4.1,1.1,0,0,0,3,3,11,0,0,0,0,0,40.0
00-0040202,Devin Neal,RB,NO,LA,9,2.2,1.2,3,11,0,1,1,1,0,0,0,0,0,43.0
00-0040202,Devin Neal,RB,NO,CAR,10,6.1,3.1,4,22,0,3,3,9,0,0,0,0,0,37.0
00-0040202,Devin Neal,RB,NO,ATL,12,11.1,6.1,7,18,0,7,5,43,0,0,0,0,0,22.0
00-0040202,Devin Neal,RB,NO,MIA,13,9.9,6.9,14,47,0,3,3,22,0,0,0,0,0,33.0
00-0040202,Devin Neal,RB,NO,TB,14,15.4,14.4,19,70,1,1,1,14,0,0,0,0,0,14.0
00-0040202,Devin Neal,RB,NO,CAR,15,10.2,9.2,7,28,1,1,1,4,0,0,0,0,0,24.0
00-0035250,Devin Singletary,RB,NYG,WAS,1,0.9,0.9,3,9,0,0,0,0,0,0,0,0,0,52.0
00-0035250,Devin Singletary,RB,NYG,DAL,2,1.0,0.0,1,4,0,1,1,-4,0,0,0,0,0,51.0
00-0035250,Devin Singletary,RB,NYG,KC,3,1.1,1.1,4,11,0,0,0,0,0,0,0,0,0,52.0
00-0035250,Devin Singletary,RB,NYG,LAC,4,2.8,2.8,7,28,0,0,0,0,0,0,0,0,0,47.0
00-0035250,Devin Singletary,RB,NYG,NO,5,3.4,2.4,6,20,0,2,1,4,0,0,0,0,0,38.0
00-0035250,Devin Singletary,RB,NYG,PHI,6,1.0,1.0,3,10,0,0,0,0,0,0,0,0,0,54.0
00-0035250,Devin Singletary,RB,NYG,DEN,7,0.2,0.2,2,2,0,0,0,0,0,0,0,0,0,55.0
00-0035250,Devin Singletary,RB,NYG,PHI,8,3.8,2.8,2,0,0,1,1,28,0,0,0,0,0,41.0
00-0035250,Devin Singletary,RB,NYG,SF,9,7.1,5.1,8,43,0,2,2,8,0,0,0,0,0,29.0
00-0035250,Devin Singletary,RB,NYG,CHI,10,10.3,7.3,8,20,0,3,3,53,0,0,0,0,0,27.0
00-0035250,Devin Singletary,RB,NYG,GB,11,17.7,16.7,16,44,2,1,1,3,0,0,0,0,0,14.0
00-0035250,Devin Singletary,RB,NYG,DET,12,4.7,4.7,14,47,0,0,0,0,0,0,0,0,0,42.0
00-0035250,Devin Singletary,RB,NYG,NE,13,19.2,16.2,12,68,1,3,3,34,0,0,0,0,0,7.0
00-0035250,Devin Singletary,RB,NYG,WAS,15,2.4,1.4,5,13,0,1,1,1,0,0,0,0,0,49.0
00-0035250,Devin Singletary,RB,NYG,MIN,16,5.6,4.6,11,47,0,1,1,-1,0,0,0,0,0,43.0
00-0035250,Devin Singletary,RB,NYG,LV,17,17.0,13.0,8,45,1,4,4,25,0,0,0,0,0,13.0
00-0035250,Devin Singletary,RB,NYG,DAL,18,10.6,10.6,9,26,1,0,0,0,0,0,0,0,0,18.0
00-0040704,Dillon Gabriel,QB,CLE,BAL,2,4.76,4.76,0,0,0,0,0,0,0,3,19,1,0,30.0
00-0040704,Dillon Gabriel,QB,CLE,DET,4,0.0,0.0,0,0,0,0,0,0,0,1,0,0,0,32.0
00-0040704,Dillon Gabriel,QB,CLE,MIN,5,16.1,16.1,2,5,0,0,0,0,0,33,190,2,0,17.0
00-0040704,Dillon Gabriel,QB,CLE,PIT,6,8.84,8.84,0,0,0,0,0,0,0,52,221,0,0,25.0
00-0040704,Dillon Gabriel,QB,CLE,MIA,7,5.84,5.84,4,12,0,0,0,0,0,18,116,0,0,25.0
00-0040704,Dillon Gabriel,QB,CLE,NE,8,11.54,11.54,1,13,0,0,0,0,0,35,156,2,2,18.0
00-0040704,Dillon Gabriel,QB,CLE,NYJ,10,20.08,20.08,5,54,0,0,0,0,0,32,167,2,0,8.0
00-0040704,Dillon Gabriel,QB,CLE,BAL,11,2.92,2.92,2,2,0,0,0,0,0,10,68,0,0,29.0
00-0040704,Dillon Gabriel,QB,CLE,SF,13,0.0,0.0,0,0,0,0,0,0,0,1,0,0,0,33.0
00-0040704,Dillon Gabriel,QB,CLE,BUF,16,0.0,0.0,0,0,0,0,0,0,0,0,0,0,0,30.0
00-0038393,Dontayvion Wicks,WR,GB,DET,1,5.0,3.0,0,0,0,2,2,30,0,0,0,0,0,54.0
00-0038393,Dontayvion Wicks,WR,GB,WAS,2,8.4,4.4,0,0,0,6,4,44,0,0,0,0,0,50.0
00-0038393,Dontayvion Wicks,WR,GB,CLE,3,4.1,2.1,0,0,0,4,2,21,0,0,0,0,0,64.0
00-0038393,Dontayvion Wicks,WR,GB,DAL,4,3.9,1.9,0,0,0,4,2,19,0,0,0,0,0,66.0
00-0038393,Dontayvion Wicks,WR,GB,CIN,6,3.5,1.5,0,0,0,2,2,15,0,0,0,0,0,62.0
00-0038393,Dontayvion Wicks,WR,GB,ARI,7,1.5,0.5,0,0,0,2,1,5,0,0,0,0,0,72.0
00-0038393,Dontayvion Wicks,WR,GB,PHI,10,7.8,3.8,0,0,0,8,4,38,0,0,0,0,0,38.0
00-0038393,Dontayvion Wicks,WR,GB,NYG,11,1.9,0.9,0,0,0,2,1,9,0,0,0,0,0,69.0
00-0038393,Dontayvion Wicks,WR,GB,MIN,12,5.2,3.2,0,0,0,4,2,32,0,0,0,0,0,45.0
00-0038393,Dontayvion Wicks,WR,GB,DET,13,28.0,22.0,1,6,0,7,6,94,2,0,0,0,0,3.0
00-0038393,Dontayvion Wicks,WR,GB,DEN,15,1.6,0.6,0,0,0,2,1,6,0,0,0,0,0,75.0
00-0038393,Dontayvion Wicks,WR,GB,CHI,16,3.2,1.2,0,0,0,2,2,12,0,0,0,0,0,69.0
00-0038393,Dontayvion Wicks,WR,GB,BAL,17,1.7,0.7,0,0,0,1,1,7,0,0,0,0,0,67.0
00-0037238,Drake London,WR,ATL,TB,1,13.5,5.5,0,0,0,15,8,55,0,0,0,0,0,22.0
00-0037238,Drake London,WR,ATL,MIN,2,5.9,2.9,0,0,0,4,3,49,0,0,0,0,0,62.0
00-0037238,Drake London,WR,ATL,CAR,3,10.5,5.5,0,0,0,8,5,55,0,0,0,0,0,32.0
00-0037238,Drake London,WR,ATL,WAS,4,25.0,17.0,0,0,0,10,8,110,1,0,0,0,0,5.0
00-0037238,Drake London,WR,ATL,BUF,6,31.8,21.8,0,0,0,16,10,158,1,0,0,0,0,1.0
00-0037238,Drake London,WR,ATL,SF,7,8.2,4.2,0,0,0,10,4,42,0,0,0,0,0,35.0
00-0037238,Drake London,WR,ATL,NE,9,38.8,29.8,0,0,0,14,9,118,3,0,0,0,0,1.0
00-0037238,Drake London,WR,ATL,IND,10,24.4,18.4,0,0,0,8,6,104,1,0,0,0,0,1.0
00-0037238,Drake London,WR,ATL,CAR,11,18.9,11.9,0,0,0,9,7,119,0,0,0,0,0,10.0
00-0037238,Drake London,WR,ATL,ARI,16,5.7,2.7,0,0,0,8,3,27,0,0,0,0,0,56.0
00-0037238,Drake London,WR,ATL,LA,17,1.4,0.4,0,0,0,2,1,4,0,0,0,0,0,74.0
00-0037238,Drake London,WR,ATL,NO,18,17.8,13.8,0,0,0,8,4,78,1,0,0,0,0,10.0
00-0039851,Drake Maye,QB,NE,LV,1,15.78,14.78,4,11,0,1,1,2,0,46,287,1,1,18.0
00-0039851,Drake Maye,QB,NE,MIA,2,26.3,26.3,10,31,1,0,0,0,0,23,230,2,0,2.0
00-0039851,Drake Maye,QB,NE,PIT,3,19.22,19.22,7,45,0,0,0,0,0,37,268,2,1,7.0
00-0039851,Drake Maye,QB,NE,CAR,4,23.22,23.22,3,11,1,0,0,0,0,17,203,2,0,8.0
00-0039851,Drake Maye,QB,NE,BUF,5,12.12,12.12,3,12,0,0,0,0,0,30,273,0,0,23.0
00-0039851,Drake Maye,QB,NE,NO,6,27.24,27.24,9,28,0,0,0,0,0,26,261,3,0,2.0
00-0039851,Drake Maye,QB,NE,TEN,7,23.08,23.08,8,62,0,0,0,0,0,23,222,2,0,9.0
00-0039851,Drake Maye,QB,NE,CLE,8,26.28,26.28,7,50,0,0,0,0,0,24,282,3,1,2.0
00-0039851,Drake Maye,QB,NE,ATL,9,16.36,16.36,8,20,0,0,0,0,0,29,259,2,1,16.0
00-0039851,Drake Maye,QB,NE,TB,10,18.1,18.1,7,13,0,0,0,0,0,31,270,2,1,13.0
00-0039851,Drake Maye,QB,NE,NYJ,11,15.44,15.44,4,2,0,0,0,0,0,34,281,1,0,10.0
00-0039851,Drake Maye,QB,NE,CIN,12,15.96,15.96,5,22,0,0,0,0,0,35,294,1,1,12.0
00-0039851,Drake Maye,QB,NE,NYG,13,20.48,20.48,6,12,0,0,0,0,0,31,282,2,0,9.0
00-0039851,Drake Maye,QB,NE,BUF,15,20.5,20.5,4,43,2,0,0,0,0,23,155,0,1,13.0
00-0039851,Drake Maye,QB,NE,BAL,16,23.7,23.7,10,25,0,0,0,0,0,44,380,2,1,7.0
00-0039851,Drake Maye,QB,NE,NYJ,17,32.44,32.44,3,22,0,0,0,0,0,21,256,5,0,2.0
00-0039851,Drake Maye,QB,NE,MIA,18,15.74,15.74,5,41,0,0,0,0,0,18,191,1,0,11.0
00-0040162,Dylan Sampson,RB,CLE,CIN,1,17.3,9.3,12,29,0,8,8,64,0,0,0,0,0,9.0
00-0040162,Dylan Sampson,RB,CLE,BAL,2,10.9,7.9,4,6,0,3,3,13,1,0,0,0,0,25.0
00-0040162,Dylan Sampson,RB,CLE,GB,3,0.2,0.2,1,2,0,0,0,0,0,0,0,0,0,53.0
00-0040162,Dylan Sampson,RB,CLE,DET,4,-0.2,-0.2,1,-2,0,1,0,0,0,0,0,0,0,59.0
00-0040162,Dylan Sampson,RB,CLE,MIN,5,1.2,0.2,1,-4,0,2,1,6,0,0,0,0,0,48.0
00-0040162,Dylan Sampson,RB,CLE,PIT,6,4.4,2.4,3,12,0,2,2,12,0,0,0,0,0,44.0
00-0040162,Dylan Sampson,RB,CLE,MIA,7,2.7,1.7,3,8,0,1,1,9,0,0,0,0,0,47.0
00-0040162,Dylan Sampson,RB,CLE,NE,8,7.9,2.9,3,0,0,6,5,29,0,0,0,0,0,29.0
00-0040162,Dylan Sampson,RB,CLE,NYJ,10,0.9,-0.1,2,-4,0,1,1,3,0,0,0,0,0,50.0
00-0040162,Dylan Sampson,RB,CLE,BAL,11,1.9,1.9,1,19,0,1,0,0,0,0,0,0,0,49.0
00-0040162,Dylan Sampson,RB,CLE,LV,12,16.2,14.2,7,23,0,3,2,59,1,0,0,0,0,11.0
00-0040162,Dylan Sampson,RB,CLE,SF,13,2.3,2.3,4,23,0,0,0,0,0,0,0,0,0,54.0
00-0040162,Dylan Sampson,RB,CLE,TEN,14,9.8,4.8,2,4,0,6,5,64,0,0,0,0,0,25.0
00-0040162,Dylan Sampson,RB,CLE,PIT,17,5.7,2.7,11,27,0,3,3,0,0,0,0,0,0,38.0
00-0040162,Dylan Sampson,RB,CLE,CIN,18,6.4,4.4,10,32,0,3,2,12,0,0,0,0,0,31.0
00-0040170,Elic Ayomanor,WR,TEN,DEN,1,3.3,1.3,0,0,0,7,2,13,0,0,0,0,0,69.0
00-0040170,Elic Ayomanor,WR,TEN,LA,2,15.6,11.6,0,0,0,6,4,56,1,0,0,0,0,19.0
00-0040170,Elic Ayomanor,WR,TEN,IND,3,13.8,9.8,0,0,0,5,4,38,1,0,0,0,0,24.0
00-0040170,Elic Ayomanor,WR,TEN,HOU,4,6.4,4.4,0,0,0,7,2,44,0,0,0,0,0,51.0
00-0040170,Elic Ayomanor,WR,TEN,ARI,5,3.8,1.8,0,0,0,4,2,18,0,0,0,0,0,59.0
00-0040170,Elic Ayomanor,WR,TEN,LV,6,5.7,2.7,0,0,0,5,3,27,0,0,0,0,0,47.0
00-0040170,Elic Ayomanor,WR,TEN,NE,7,4.9,2.9,0,0,0,5,2,29,0,0,0,0,0,55.0
00-0040170,Elic Ayomanor,WR,TEN,IND,8,9.2,5.2,0,0,0,8,4,52,0,0,0,0,0,38.0
00-0040170,Elic Ayomanor,WR,TEN,LAC,9,7.6,4.6,0,0,0,6,3,46,0,0,0,0,0,47.0
00-0040170,Elic Ayomanor,WR,TEN,HOU,11,3.1,1.1,0,0,0,6,2,11,0,0,0,0,0,62.0
00-0040170,Elic Ayomanor,WR,TEN,JAX,13,1.5,0.5,0,0,0,5,1,5,0,0,0,0,0,77.0
00-0040170,Elic Ayomanor,WR,TEN,CLE,14,8.4,7.4,0,0,0,3,1,14,1,0,0,0,0,34.0
00-0040170,Elic Ayomanor,WR,TEN,SF,15,2.7,1.7,0,0,0,1,1,17,0,0,0,0,0,71.0
00-0040170,Elic Ayomanor,WR,TEN,KC,16,8.8,5.8,0,0,0,4,3,58,0,0,0,0,0,41.0
00-0040170,Elic Ayomanor,WR,TEN,NO,17,13.7,9.7,0,0,0,7,4,37,1,0,0,0,0,18.0
00-0040170,Elic Ayomanor,WR,TEN,JAX,18,8.0,5.0,0,0,0,10,3,50,0,0,0,0,0,29.0
00-0038797,Emanuel Wilson,RB,GB,DET,1,0.4,0.4,1,4,0,0,0,0,0,0,0,0,0,54.0
00-0038797,Emanuel Wilson,RB,GB,WAS,2,0.0,0.0,0,0,0,0,0,0,0,0,0,0,0,55.0
00-0038797,Emanuel Wilson,RB,GB,CLE,3,2.5,2.5,6,25,0,0,0,0,0,0,0,0,0,47.0
00-0038797,Emanuel Wilson,RB,GB,DAL,4,11.1,8.1,8,44,0,3,3,37,0,0,0,0,0,29.0
00-0038797,Emanuel Wilson,RB,GB,CIN,6,1.7,0.7,3,11,0,1,1,-4,0,0,0,0,0,52.0
00-0038797,Emanuel Wilson,RB,GB,ARI,7,2.5,1.5,6,17,0,1,1,-2,0,0,0,0,0,48.0
00-0038797,Emanuel Wilson,RB,GB,PIT,8,11.7,8.7,11,61,0,4,3,26,0,0,0,0,0,20.0
00-0038797,Emanuel Wilson,RB,GB,CAR,9,2.7,1.7,6,16,0,2,1,1,0,0,0,0,0,41.0
00-0038797,Emanuel Wilson,RB,GB,PHI,10,1.4,0.4,1,2,0,1,1,2,0,0,0,0,0,49.0
00-0038797,Emanuel Wilson,RB,GB,NYG,11,13.9,12.9,11,40,1,1,1,9,0,0,0,0,0,19.0
00-0038797,Emanuel Wilson,RB,GB,MIN,12,26.5,24.5,28,107,2,2,2,18,0,0,0,0,0,3.0
00-0038797,Emanuel Wilson,RB,GB,DET,13,1.4,1.4,4,14,0,0,0,0,0,0,0,0,0,56.0
00-0038797,Emanuel Wilson,RB,GB,CHI,14,1.0,1.0,3,10,0,0,0,0,0,0,0,0,0,48.0
00-0038797,Emanuel Wilson,RB,GB,DEN,15,0.3,0.3,2,3,0,0,0,0,0,0,0,0,0,55.0
00-0038797,Emanuel Wilson,RB,GB,CHI,16,8.2,8.2,14,82,0,0,0,0,0,0,0,0,0,36.0
00-0038797,Emanuel Wilson,RB,GB,BAL,17,3.4,2.4,3,16,0,1,1,8,0,0,0,0,0,43.0
00-0038797,Emanuel Wilson,RB,GB,MIN,18,5.8,4.8,18,44,0,1,1,4,0,0,0,0,0,35.0
00-0040129,Emeka Egbuka,WR,TB,ATL,1,23.6,19.6,1,9,0,6,4,67,2,0,0,0,0,4.0
00-0040129,Emeka Egbuka,WR,TB,HOU,2,12.9,8.9,0,0,0,7,4,29,1,0,0,0,0,27.0
00-0040129,Emeka Egbuka,WR,TB,NYJ,3,14.5,8.5,0,0,0,8,6,85,0,0,0,0,0,22.0
00-0040129,Emeka Egbuka,WR,TB,PHI,4,20.1,16.1,1,0,0,10,4,101,1,0,0,0,0,11.0
00-0040129,Emeka Egbuka,WR,TB,SEA,5,31.3,24.3,0,0,0,7,7,163,1,0,0,0,0,1.0
00-0040129,Emeka Egbuka,WR,TB,SF,6,4.4,2.4,0,0,0,4,2,24,0,0,0,0,0,56.0
00-0040129,Emeka Egbuka,WR,TB,DET,7,9.8,5.8,0,0,0,12,4,58,0,0,0,0,0,31.0
00-0040129,Emeka Egbuka,WR,TB,NO,8,6.5,3.5,0,0,0,9,3,35,0,0,0,0,0,48.0
00-0040129,Emeka Egbuka,WR,TB,NE,10,23.5,17.5,0,0,0,13,6,115,1,0,0,0,0,3.0
00-0040129,Emeka Egbuka,WR,TB,BUF,11,9.0,4.0,0,0,0,9,5,40,0,0,0,0,0,36.0
00-0040129,Emeka Egbuka,WR,TB,LA,12,6.2,3.2,0,0,0,8,3,32,0,0,0,0,0,39.0
00-0040129,Emeka Egbuka,WR,TB,ARI,13,8.2,4.2,0,0,0,8,4,42,0,0,0,0,0,39.0
00-0040129,Emeka Egbuka,WR,TB,NO,14,3.5,1.5,0,0,0,9,2,15,0,0,0,0,0,60.0
00-0040129,Emeka Egbuka,WR,TB,ATL,15,10.4,6.4,0,0,0,7,4,64,0,0,0,0,0,34.0
00-0040129,Emeka Egbuka,WR,TB,CAR,16,5.0,4.0,0,0,0,2,1,40,0,0,0,0,0,61.0
00-0040129,Emeka Egbuka,WR,TB,MIA,17,5.0,2.0,0,0,0,5,3,20,0,0,0,0,0,52.0
00-0040129,Emeka Egbuka,WR,TB,CAR,18,1.8,0.8,0,0,0,3,1,8,0,0,0,0,0,59.0
00-0033881,Evan Engram,TE,DEN,TEN,1,5.1,2.1,0,0,0,4,3,21,0,0,0,0,0,25.0
00-0033881,Evan Engram,TE,DEN,IND,2,2.2,1.2,0,0,0,2,1,12,0,0,0,0,0,32.0
00-0033881,Evan Engram,TE,DEN,CIN,4,6.9,2.9,0,0,0,7,4,29,0,0,0,0,0,22.0
00-0033881,Evan Engram,TE,DEN,PHI,5,13.3,9.3,0,0,0,6,4,33,1,0,0,0,0,12.0
00-0033881,Evan Engram,TE,DEN,NYJ,6,9.9,4.9,1,7,0,6,5,42,0,0,0,0,0,17.0
00-0033881,Evan Engram,TE,DEN,NYG,7,9.2,4.2,0,0,0,8,5,42,0,0,0,0,0,17.0
00-0033881,Evan Engram,TE,DEN,DAL,8,7.6,3.6,0,0,0,4,4,36,0,0,0,0,0,16.0
00-0033881,Evan Engram,TE,DEN,HOU,9,0.0,0.0,0,0,0,3,0,0,0,0,0,0,0,35.0
00-0033881,Evan Engram,TE,DEN,LV,10,3.2,1.2,0,0,0,5,2,12,0,0,0,0,0,26.0
00-0033881,Evan Engram,TE,DEN,KC,11,7.3,3.3,0,0,0,5,4,33,0,0,0,0,0,15.0
00-0033881,Evan Engram,TE,DEN,WAS,13,13.9,7.9,0,0,0,9,6,79,0,0,0,0,0,6.0
00-0033881,Evan Engram,TE,DEN,LV,14,2.8,0.8,0,0,0,2,2,8,0,0,0,0,0,27.0
00-0033881,Evan Engram,TE,DEN,GB,15,2.2,1.2,0,0,0,3,1,12,0,0,0,0,0,34.0
00-0033881,Evan Engram,TE,DEN,JAX,16,5.6,3.6,0,0,0,4,2,36,0,0,0,0,0,19.0
00-0033881,Evan Engram,TE,DEN,KC,17,6.1,2.1,0,0,0,4,4,21,0,0,0,0,0,24.0
00-0033881,Evan Engram,TE,DEN,LAC,18,7.5,4.5,0,0,0,4,3,45,0,0,0,0,0,18.0
00-0037740,Garrett Wilson,WR,NYJ,PIT,1,22.5,15.5,0,0,0,9,7,95,1,0,0,0,0,7.0
00-0037740,Garrett Wilson,WR,NYJ,BUF,2,9.0,5.0,0,0,0,8,4,50,0,0,0,0,0,47.0
00-0037740,Garrett Wilson,WR,NYJ,TB,3,24.4,14.4,0,0,0,13,10,84,1,0,0,0,0,2.0
00-0037740,Garrett Wilson,WR,NYJ,MIA,4,20.2,14.2,0,0,0,8,6,82,1,0,0,0,0,10.0
00-0037740,Garrett Wilson,WR,NYJ,DAL,5,19.1,13.1,0,0,0,10,6,71,1,0,0,0,0,12.0
00-0037740,Garrett Wilson,WR,NYJ,DEN,6,4.3,1.3,0,0,0,8,3,13,0,0,0,0,0,57.0
00-0037740,Garrett Wilson,WR,NYJ,CLE,10,0.0,0.0,0,0,0,3,0,0,0,0,0,0,0,70.0
00-0030565,Geno Smith,QB,LV,NE,1,17.48,17.48,2,10,0,0,0,0,0,34,362,1,1,15.0
00-0030565,Geno Smith,QB,LV,LAC,2,3.2,3.2,5,20,0,0,0,0,0,43,180,0,3,32.0
00-0030565,Geno Smith,QB,LV,WAS,3,26.06,26.06,2,5,0,0,0,0,0,29,289,3,0,4.0
00-0030565,Geno Smith,QB,LV,CHI,4,9.78,9.78,4,31,0,0,0,0,0,21,117,2,3,29.0
00-0030565,Geno Smith,QB,LV,IND,5,5.92,5.92,3,8,0,0,0,0,0,36,228,0,2,26.0
00-0030565,Geno Smith,QB,LV,TEN,6,8.66,8.66,4,-3,0,0,0,0,0,23,174,1,1,26.0
00-0030565,Geno Smith,QB,LV,KC,7,2.78,2.78,2,1,0,0,0,0,0,16,67,0,0,30.0
00-0030565,Geno Smith,QB,LV,JAX,9,26.26,26.26,5,9,0,0,0,0,0,39,284,4,1,8.0
00-0030565,Geno Smith,QB,LV,DEN,10,4.42,4.42,3,7,0,0,0,0,0,26,143,0,1,27.0
00-0030565,Geno Smith,QB,LV,DAL,11,12.92,12.92,4,14,0,0,0,0,0,42,238,1,1,17.0
00-0030565,Geno Smith,QB,LV,CLE,12,14.2,14.2,3,8,0,0,0,0,0,44,285,1,0,15.0
00-0030565,Geno Smith,QB,LV,LAC,13,12.0,12.0,2,-6,0,0,0,0,0,23,165,2,1,22.0
00-0030565,Geno Smith,QB,LV,DEN,14,9.04,9.04,1,4,0,0,0,0,0,21,116,1,0,22.0
00-0030565,Geno Smith,QB,LV,HOU,16,14.04,14.04,0,0,0,0,0,0,0,23,201,2,1,18.0
00-0030565,Geno Smith,QB,LV,NYG,17,7.14,7.14,1,1,0,0,0,0,0,28,176,1,2,22.0
00-0033288,George Kittle,TE,SF,SEA,1,12.5,8.5,0,0,0,4,4,25,1,0,0,0,0,10.0
00-0033288,George Kittle,TE,SF,ATL,7,0.0,0.0,0,0,0,2,0,0,0,0,0,0,0,34.0
00-0033288,George Kittle,TE,SF,HOU,8,14.3,10.3,0,0,0,5,4,43,1,0,0,0,0,8.0
00-0033288,George Kittle,TE,SF,NYG,9,6.9,2.9,1,-3,0,4,4,32,0,0,0,0,0,25.0
00-0033288,George Kittle,TE,SF,LA,10,23.4,14.4,0,0,0,9,9,84,1,0,0,0,0,2.0
00-0033288,George Kittle,TE,SF,ARI,11,24.7,18.7,0,0,0,6,6,67,2,0,0,0,0,2.0
00-0033288,George Kittle,TE,SF,CAR,12,13.8,7.8,0,0,0,10,6,78,0,0,0,0,0,6.0
00-0033288,George Kittle,TE,SF,CLE,13,10.7,6.7,0,0,0,5,4,67,0,0,0,0,0,15.0
00-0033288,George Kittle,TE,SF,TEN,15,22.8,14.8,0,0,0,9,8,88,1,0,0,0,0,6.0
00-0033288,George Kittle,TE,SF,IND,16,24.5,17.5,0,0,0,8,7,115,1,0,0,0,0,1.0
00-0033288,George Kittle,TE,SF,SEA,18,7.9,2.9,0,0,0,7,5,29,0,0,0,0,0,14.0
00-0037247,George Pickens,WR,DAL,PHI,1,6.0,3.0,0,0,0,4,3,30,0,0,0,0,0,50.0
00-0037247,George Pickens,WR,DAL,NYG,2,17.8,12.8,0,0,0,9,5,68,1,0,0,0,0,12.0
00-0037247,George Pickens,WR,DAL,CHI,3,17.8,12.8,0,0,0,9,5,68,1,0,0,0,0,16.0
00-0037247,George Pickens,WR,DAL,GB,4,33.4,25.4,0,0,0,11,8,134,2,0,0,0,0,2.0
00-0037247,George Pickens,WR,DAL,NYJ,5,13.7,11.7,0,0,0,4,2,57,1,0,0,0,0,23.0
00-0037247,George Pickens,WR,DAL,CAR,6,31.8,22.8,0,0,0,11,9,168,1,0,0,0,0,1.0
00-0037247,George Pickens,WR,DAL,WAS,7,12.2,8.2,0,0,0,6,4,82,0,0,0,0,0,27.0
00-0037247,George Pickens,WR,DAL,DEN,8,14.8,7.8,0,0,0,9,7,78,0,0,0,0,0,15.0
00-0037247,George Pickens,WR,DAL,ARI,9,13.9,7.9,0,0,0,9,6,79,0,0,0,0,0,27.0
00-0037247,George Pickens,WR,DAL,LV,11,29.4,20.4,0,0,0,11,9,144,1,0,0,0,0,3.0
00-0037247,George Pickens,WR,DAL,PHI,12,29.6,20.6,0,0,0,9,9,146,1,0,0,0,0,4.0
00-0037247,George Pickens,WR,DAL,KC,13,16.8,10.8,0,0,0,13,6,88,0,0,0,0,0,17.0
00-0037247,George Pickens,WR,DAL,DET,14,8.7,3.7,0,0,0,9,5,37,0,0,0,0,0,31.0
00-0037247,George Pickens,WR,DAL,MIN,15,6.3,3.3,0,0,0,6,3,33,0,0,0,0,0,51.0
00-0037247,George Pickens,WR,DAL,LAC,16,26.0,19.0,0,0,0,9,7,130,1,0,0,0,0,4.0
00-0037247,George Pickens,WR,DAL,WAS,17,11.8,7.8,0,0,0,5,4,78,0,0,0,0,0,24.0
00-0037247,George Pickens,WR,DAL,NYG,18,1.9,0.9,0,0,0,3,1,9,0,0,0,0,0,58.0
00-0035500,Greg Dortch,WR,ARI,NO,1,0.8,-0.2,0,0,0,1,1,-2,0,0,0,0,0,78.0
00-0035500,Greg Dortch,WR,ARI,CAR,2,2.1,1.1,0,0,0,1,1,11,0,0,0,0,0,81.0
00-0035500,Greg Dortch,WR,ARI,SF,3,2.8,0.8,1,5,0,2,2,3,0,0,0,0,0,69.0
00-0035500,Greg Dortch,WR,ARI,SEA,4,7.9,3.9,1,4,0,5,4,35,0,0,0,0,0,41.0
00-0035500,Greg Dortch,WR,ARI,TEN,5,3.2,1.2,0,0,0,2,2,12,0,0,0,0,0,66.0
00-0035500,Greg Dortch,WR,ARI,IND,6,9.9,6.9,0,0,0,3,3,9,1,0,0,0,0,28.0
00-0035500,Greg Dortch,WR,ARI,GB,7,2.5,0.5,0,0,0,2,2,5,0,0,0,0,0,66.0
00-0035500,Greg Dortch,WR,ARI,DAL,9,0.9,0.9,1,9,0,0,0,0,0,0,0,0,0,71.0
00-0035500,Greg Dortch,WR,ARI,SEA,10,6.2,6.2,2,2,1,0,0,0,0,0,0,0,0,47.0
00-0035500,Greg Dortch,WR,ARI,SF,11,18.6,12.6,0,0,0,6,6,66,1,0,0,0,0,11.0
00-0035500,Greg Dortch,WR,ARI,JAX,12,16.8,10.8,2,-5,0,9,6,53,1,0,0,0,0,14.0
00-0035500,Greg Dortch,WR,ARI,TB,13,3.4,1.4,0,0,0,2,2,14,0,0,0,0,0,69.0
00-0037252,Greg Dulcich,TE,MIA,BAL,9,9.9,4.9,0,0,0,5,5,49,0,0,0,0,0,16.0
00-0037252,Greg Dulcich,TE,MIA,BUF,10,3.2,2.2,0,0,0,4,1,22,0,0,0,0,0,26.0
00-0037252,Greg Dulcich,TE,MIA,WAS,11,3.8,1.8,0,0,0,4,2,18,0,0,0,0,0,28.0
00-0037252,Greg Dulcich,TE,MIA,NO,13,4.4,2.4,0,0,0,2,2,24,0,0,0,0,0,29.0
00-0037252,Greg Dulcich,TE,MIA,NYJ,14,7.1,4.1,0,0,0,3,3,41,0,0,0,0,0,16.0
00-0037252,Greg Dulcich,TE,MIA,PIT,15,6.6,4.6,0,0,0,2,2,46,0,0,0,0,0,21.0
00-0037252,Greg Dulcich,TE,MIA,CIN,16,5.6,2.6,0,0,0,3,3,46,0,0,0,0,0,18.0
00-0037252,Greg Dulcich,TE,MIA,TB,17,16.1,11.1,1,-7,0,6,5,58,1,0,0,0,0,5.0
00-0037252,Greg Dulcich,TE,MIA,NE,18,6.1,3.1,0,0,0,4,3,31,0,0,0,0,0,20.0
00-0040584,Gunnar Helm,TE,TEN,DEN,1,2.6,1.6,0,0,0,2,1,16,0,0,0,0,0,32.0
00-0040584,Gunnar Helm,TE,TEN,LA,2,2.9,0.9,0,0,0,2,2,9,0,0,0,0,0,30.0
00-0040584,Gunnar Helm,TE,TEN,IND,3,5.7,2.7,0,0,0,3,3,27,0,0,0,0,0,23.0
00-0040584,Gunnar Helm,TE,TEN,HOU,4,2.2,1.2,0,0,0,1,1,12,0,0,0,0,0,35.0
00-0040584,Gunnar Helm,TE,TEN,ARI,5,7.4,3.4,0,0,0,5,4,34,0,0,0,0,0,21.0
00-0040584,Gunnar Helm,TE,TEN,LV,6,3.5,1.5,0,0,0,3,2,15,0,0,0,0,0,29.0
00-0040584,Gunnar Helm,TE,TEN,NE,7,7.6,3.6,0,0,0,5,4,36,0,0,0,0,0,21.0
00-0040584,Gunnar Helm,TE,TEN,IND,8,10.3,8.3,0,0,0,3,2,23,1,0,0,0,0,10.0
00-0040584,Gunnar Helm,TE,TEN,LAC,9,2.5,1.5,0,0,0,1,1,15,0,0,0,0,0,33.0
00-0040584,Gunnar Helm,TE,TEN,HOU,11,6.9,2.9,0,0,0,5,4,29,0,0,0,0,0,18.0
00-0040584,Gunnar Helm,TE,TEN,SEA,12,11.1,5.1,0,0,0,7,6,51,0,0,0,0,0,8.0
00-0040584,Gunnar Helm,TE,TEN,JAX,13,8.3,2.3,0,0,0,7,6,23,0,0,0,0,0,19.0
00-0040584,Gunnar Helm,TE,TEN,CLE,14,1.8,0.8,0,0,0,2,1,8,0,0,0,0,0,33.0
00-0040584,Gunnar Helm,TE,TEN,SF,15,14.9,10.9,0,0,0,4,4,49,1,0,0,0,0,9.0
00-0040584,Gunnar Helm,TE,TEN,KC,16,2.9,0.9,0,0,0,3,2,9,0,0,0,0,0,27.0
00-0040584,Gunnar Helm,TE,TEN,NO,17,1.1,0.1,0,0,0,2,1,1,0,0,0,0,0,32.0
00-0040663,Harold Fannin Jr.,TE,CLE,CIN,1,13.6,6.6,1,3,0,9,7,63,0,0,0,0,0,6.0
00-0040663,Harold Fannin Jr.,TE,CLE,BAL,2,9.8,4.8,0,0,0,5,5,48,0,0,0,0,0,9.0
00-0040663,Harold Fannin Jr.,TE,CLE,GB,3,5.5,2.5,0,0,0,4,3,25,0,0,0,0,0,25.0
00-0040663,Harold Fannin Jr.,TE,CLE,DET,4,4.5,2.5,1,1,0,6,2,24,0,0,0,0,0,27.0
00-0040663,Harold Fannin Jr.,TE,CLE,MIN,5,11.3,7.3,0,0,0,4,4,13,1,0,0,0,0,14.0
00-0040663,Harold Fannin Jr.,TE,CLE,PIT,6,15.1,8.1,0,0,0,10,7,81,0,0,0,0,0,7.0
00-0040663,Harold Fannin Jr.,TE,CLE,MIA,7,7.6,3.6,0,0,0,5,4,36,0,0,0,0,0,21.0
00-0040663,Harold Fannin Jr.,TE,CLE,NE,8,18.4,12.4,1,2,0,8,6,62,1,0,0,0,0,4.0
00-0040663,Harold Fannin Jr.,TE,CLE,NYJ,10,8.4,4.4,0,0,0,7,4,44,0,0,0,0,0,15.0
00-0040663,Harold Fannin Jr.,TE,CLE,BAL,11,4.6,2.6,0,0,0,5,2,26,0,0,0,0,0,25.0
00-0040663,Harold Fannin Jr.,TE,CLE,LV,12,8.4,4.4,1,4,0,6,4,40,0,0,0,0,0,14.0
00-0040663,Harold Fannin Jr.,TE,CLE,SF,13,11.3,8.3,1,0,0,5,3,43,1,0,0,0,0,12.0
00-0040663,Harold Fannin Jr.,TE,CLE,TEN,14,25.4,17.4,0,0,0,11,8,114,1,0,0,0,0,1.0
00-0040663,Harold Fannin Jr.,TE,CLE,CHI,15,12.0,5.0,1,2,0,14,7,48,0,0,0,0,0,11.0
00-0040663,Harold Fannin Jr.,TE,CLE,BUF,16,19.5,15.5,1,1,1,6,4,34,1,0,0,0,0,2.0
00-0040663,Harold Fannin Jr.,TE,CLE,PIT,17,11.0,9.0,0,0,0,2,2,30,1,0,0,0,0,12.0
00-0033090,Hunter Henry,TE,NE,LV,1,10.6,6.6,0,0,0,8,4,66,0,0,0,0,0,15.0
00-0033090,Hunter Henry,TE,NE,MIA,2,1.9,0.9,0,0,0,3,1,9,0,0,0,0,0,35.0
00-0033090,Hunter Henry,TE,NE,PIT,3,29.0,21.0,0,0,0,11,8,90,2,0,0,0,0,1.0
00-0033090,Hunter Henry,TE,NE,CAR,4,11.9,9.9,0,0,0,2,2,39,1,0,0,0,0,10.0
00-0033090,Hunter Henry,TE,NE,BUF,5,6.6,4.6,0,0,0,4,2,46,0,0,0,0,0,22.0
00-0033090,Hunter Henry,TE,NE,NO,6,5.7,2.7,0,0,0,3,3,27,0,0,0,0,0,26.0
00-0033090,Hunter Henry,TE,NE,TEN,7,7.3,3.3,0,0,0,5,4,33,0,0,0,0,0,23.0
00-0033090,Hunter Henry,TE,NE,CLE,8,7.7,6.7,0,0,0,1,1,7,1,0,0,0,0,15.0
00-0033090,Hunter Henry,TE,NE,ATL,9,9.1,5.1,0,0,0,6,4,51,0,0,0,0,0,17.0
00-0033090,Hunter Henry,TE,NE,TB,10,1.9,0.9,0,0,0,4,1,9,0,0,0,0,0,30.0
00-0033090,Hunter Henry,TE,NE,NYJ,11,8.5,4.5,0,0,0,6,4,45,0,0,0,0,0,13.0
00-0033090,Hunter Henry,TE,NE,CIN,12,24.5,17.5,0,0,0,10,7,115,1,0,0,0,0,1.0
00-0033090,Hunter Henry,TE,NE,NYG,13,11.3,7.3,0,0,0,6,4,73,0,0,0,0,0,12.0
00-0033090,Hunter Henry,TE,NE,BUF,15,2.8,1.8,0,0,0,3,1,18,0,0,0,0,0,33.0
00-0033090,Hunter Henry,TE,NE,BAL,16,15.5,9.5,0,0,0,7,6,35,1,0,0,0,0,6.0
00-0033090,Hunter Henry,TE,NE,NYJ,17,13.9,10.9,0,0,0,3,3,49,1,0,0,0,0,7.0
00-0033090,Hunter Henry,TE,NE,MIA,18,10.6,5.6,0,0,0,5,5,56,0,0,0,0,0,11.0
00-0040669,Isaac TeSlaa,WR,DET,GB,1,8.3,7.3,0,0,0,1,1,13,1,0,0,0,0,42.0
00-0040669,Isaac TeSlaa,WR,DET,CHI,2,3.9,2.9,0,0,0,1,1,29,0,0,0,0,0,71.0
00-0040669,Isaac TeSlaa,WR,DET,BAL,3,0.0,0.0,0,0,0,2,0,0,0,0,0,0,0,82.0
00-0040669,Isaac TeSlaa,WR,DET,CIN,5,8.2,7.2,0,0,0,1,1,12,1,0,0,0,0,47.0
00-0040669,Isaac TeSlaa,WR,DET,TB,7,0.0,0.0,0,0,0,1,0,0,0,0,0,0,0,73.0
00-0040669,Isaac TeSlaa,WR,DET,WAS,10,2.1,1.1,0,0,0,1,1,11,0,0,0,0,0,65.0
00-0040669,Isaac TeSlaa,WR,DET,PHI,11,0.0,0.0,0,0,0,1,0,0,0,0,0,0,0,78.0
00-0040669,Isaac TeSlaa,WR,DET,NYG,12,0.0,0.0,0,0,0,1,0,0,0,0,0,0,0,69.0
00-0040669,Isaac TeSlaa,WR,DET,GB,13,11.5,9.5,0,0,0,2,2,35,1,0,0,0,0,26.0
00-0040669,Isaac TeSlaa,WR,DET,DAL,14,10.0,8.0,0,0,0,3,2,20,1,0,0,0,0,29.0
00-0040669,Isaac TeSlaa,WR,DET,LA,15,0.0,0.0,0,0,0,1,0,0,0,0,0,0,0,78.0
00-0040669,Isaac TeSlaa,WR,DET,PIT,16,15.2,11.2,0,0,0,7,4,52,1,0,0,0,0,19.0
00-0040669,Isaac TeSlaa,WR,DET,MIN,17,13.9,10.9,0,0,0,4,3,49,1,0,0,0,0,17.0
00-0040669,Isaac TeSlaa,WR,DET,CHI,18,2.8,1.8,0,0,0,1,1,18,0,0,0,0,0,55.0
00-0039798,Isaiah Davis,RB,NYJ,PIT,1,1.8,1.8,2,18,0,0,0,0,0,0,0,0,0,49.0
00-0039798,Isaiah Davis,RB,NYJ,BUF,2,1.6,0.6,0,0,0,3,1,6,0,0,0,0,0,50.0
00-0039798,Isaiah Davis,RB,NYJ,TB,3,0.0,0.0,0,0,0,0,0,0,0,0,0,0,0,55.0
00-0039798,Isaiah Davis,RB,NYJ,MIA,4,4.7,2.7,3,9,0,2,2,18,0,0,0,0,0,43.0
00-0039798,Isaiah Davis,RB,NYJ,DAL,5,6.3,3.3,1,5,0,4,3,28,0,0,0,0,0,33.0
00-0039798,Isaiah Davis,RB,NYJ,DEN,6,1.1,0.1,2,2,0,1,1,-1,0,0,0,0,0,53.0
00-0039798,Isaiah Davis,RB,NYJ,CAR,7,5.2,3.2,2,10,0,4,2,22,0,0,0,0,0,40.0
00-0039798,Isaiah Davis,RB,NYJ,CIN,8,17.9,12.9,7,65,0,5,5,44,0,0,0,0,0,10.0
00-0039798,Isaiah Davis,RB,NYJ,CLE,10,2.1,1.1,3,10,0,1,1,1,0,0,0,0,0,47.0
00-0039798,Isaiah Davis,RB,NYJ,NE,11,1.1,1.1,2,11,0,1,0,0,0,0,0,0,0,52.0
00-0039798,Isaiah Davis,RB,NYJ,BAL,12,0.7,0.7,4,7,0,0,0,0,0,0,0,0,0,50.0
00-0039798,Isaiah Davis,RB,NYJ,ATL,13,0.0,0.0,0,0,0,1,0,0,0,0,0,0,0,57.0
00-0039798,Isaiah Davis,RB,NYJ,MIA,14,2.2,2.2,2,22,0,0,0,0,0,0,0,0,0,46.0
00-0039798,Isaiah Davis,RB,NYJ,JAX,15,13.5,12.5,9,58,1,1,1,7,0,0,0,0,0,17.0
00-0039798,Isaiah Davis,RB,NYJ,NO,16,10.0,6.0,3,8,0,4,4,52,0,0,0,0,0,29.0
00-0039798,Isaiah Davis,RB,NYJ,NE,17,3.0,2.0,3,11,0,1,1,9,0,0,0,0,0,45.0
00-0037838,Isaiah Likely,TE,BAL,HOU,5,2.2,1.2,0,0,0,1,1,12,0,0,0,0,0,30.0
00-0037838,Isaiah Likely,TE,BAL,LA,6,2.6,0.6,0,0,0,2,2,6,0,0,0,0,0,31.0
00-0037838,Isaiah Likely,TE,BAL,CHI,8,2.8,0.8,0,0,0,2,2,8,0,0,0,0,0,29.0
00-0037838,Isaiah Likely,TE,BAL,MIA,9,9.0,6.0,0,0,0,4,3,60,0,0,0,0,0,19.0
00-0037838,Isaiah Likely,TE,BAL,MIN,10,3.7,1.7,0,0,0,4,2,17,0,0,0,0,0,24.0
00-0037838,Isaiah Likely,TE,BAL,CLE,11,3.5,1.5,0,0,0,3,2,15,0,0,0,0,0,29.0
00-0037838,Isaiah Likely,TE,BAL,NYJ,12,2.0,1.0,0,0,0,3,1,10,0,0,0,0,0,30.0
00-0037838,Isaiah Likely,TE,BAL,CIN,13,12.5,7.5,0,0,0,6,5,95,0,0,0,0,0,9.0
00-0037838,Isaiah Likely,TE,BAL,PIT,14,12.5,8.5,0,0,0,6,4,25,1,0,0,0,0,9.0
00-0037838,Isaiah Likely,TE,BAL,NE,16,0.0,0.0,0,0,0,0,0,0,0,0,0,0,0,36.0
00-0037838,Isaiah Likely,TE,BAL,GB,17,5.7,2.7,0,0,0,3,3,27,0,0,0,0,0,25.0
00-0037838,Isaiah Likely,TE,BAL,PIT,18,5.2,3.2,0,0,0,2,2,32,0,0,0,0,0,22.0
00-0039451,Isaiah Williams,WR,NYJ,BUF,2,0.0,0.0,0,0,0,0,0,0,0,0,0,0,0,89.0
00-0039451,Isaiah Williams,WR,NYJ,TB,3,0.0,0.0,0,0,0,0,0,0,0,0,0,0,0,82.0
00-0039451,Isaiah Williams,WR,NYJ,MIA,4,0.0,0.0,0,0,0,0,0,0,0,0,0,0,0,82.0
00-0039451,Isaiah Williams,WR,NYJ,DEN,6,0.0,0.0,0,0,0,0,0,0,0,0,0,0,0,70.0
00-0039451,Isaiah Williams,WR,NYJ,CAR,7,0.0,0.0,0,0,0,0,0,0,0,0,0,0,0,73.0
00-0039451,Isaiah Williams,WR,NYJ,CIN,8,8.6,5.6,1,25,0,4,3,31,0,0,0,0,0,41.0
00-0039451,Isaiah Williams,WR,NYJ,CLE,10,7.4,6.4,0,0,0,1,1,4,0,0,0,0,0,41.0
00-0039451,Isaiah Williams,WR,NYJ,NE,11,1.6,0.6,1,4,0,4,1,2,0,1,0,0,0,71.0
00-0039451,Isaiah Williams,WR,NYJ,BAL,12,0.0,0.0,0,0,0,0,0,0,0,0,0,0,0,69.0
00-0039451,Isaiah Williams,WR,NYJ,ATL,13,0.0,0.0,0,0,0,1,0,0,0,0,0,0,0,83.0
00-0039451,Isaiah Williams,WR,NYJ,MIA,14,10.4,8.4,0,0,0,3,2,24,0,0,0,0,0,26.0
00-0039451,Isaiah Williams,WR,NYJ,JAX,15,11.3,5.3,0,0,0,7,6,53,0,0,0,0,0,32.0
00-0039451,Isaiah Williams,WR,NYJ,NO,16,6.5,2.5,0,0,0,4,4,25,0,0,0,0,0,52.0
00-0039451,Isaiah Williams,WR,NYJ,NE,17,7.5,3.5,1,5,0,5,4,30,0,0,0,0,0,42.0
00-0039451,Isaiah Williams,WR,NYJ,BUF,18,7.4,2.4,0,0,0,7,5,24,0,0,0,0,0,34.0
00-0037197,Isiah Pacheco,RB,KC,LAC,1,4.8,2.8,5,25,0,3,2,3,0,0,0,0,0,36.0
00-0037197,Isiah Pacheco,RB,KC,PHI,2,3.9,2.9,10,22,0,2,1,7,0,0,0,0,0,41.0
00-0037197,Isiah Pacheco,RB,KC,NYG,3,5.8,4.8,10,45,0,1,1,3,0,0,0,0,0,38.0
00-0037197,Isiah Pacheco,RB,KC,BAL,4,12.8,10.8,7,35,0,3,2,13,1,0,0,0,0,22.0
00-0037197,Isiah Pacheco,RB,KC,JAX,5,8.6,5.6,7,36,0,3,3,20,0,0,0,0,0,31.0
00-0037197,Isiah Pacheco,RB,KC,DET,6,6.1,5.1,12,51,0,3,1,0,0,0,0,0,0,34.0
00-0037197,Isiah Pacheco,RB,KC,LV,7,12.4,11.4,15,57,1,2,1,-3,0,0,0,0,0,17.0
00-0037197,Isiah Pacheco,RB,KC,WAS,8,5.8,5.8,12,58,0,0,0,0,0,0,0,0,0,34.0
00-0037197,Isiah Pacheco,RB,KC,DAL,13,5.3,3.3,3,16,0,2,2,17,0,0,0,0,0,47.0
00-0037197,Isiah Pacheco,RB,KC,HOU,14,3.0,3.0,9,30,0,0,0,0,0,0,0,0,0,45.0
00-0037197,Isiah Pacheco,RB,KC,LAC,15,2.1,2.1,11,21,0,0,0,0,0,0,0,0,0,51.0
00-0037197,Isiah Pacheco,RB,KC,TEN,16,13.5,7.5,8,34,0,7,6,41,0,0,0,0,0,21.0
00-0037197,Isiah Pacheco,RB,KC,DEN,17,3.2,3.2,9,32,0,0,0,0,0,0,0,0,0,44.0
00-0039923,J.J. McCarthy,QB,MIN,CHI,1,22.22,22.22,2,25,1,0,0,0,0,20,143,2,1,12.0
00-0039923,J.J. McCarthy,QB,MIN,ATL,2,2.82,2.82,5,25,0,0,0,0,0,21,158,0,2,33.0
00-0039923,J.J. McCarthy,QB,MIN,DET,9,18.92,18.92,9,12,1,0,0,0,0,25,143,2,1,14.0
00-0039923,J.J. McCarthy,QB,MIN,BAL,10,14.72,14.72,5,48,0,0,0,0,0,42,248,1,2,16.0
00-0039923,J.J. McCarthy,QB,MIN,CHI,11,6.0,6.0,0,0,0,0,0,0,0,32,150,1,2,25.0
00-0039923,J.J. McCarthy,QB,MIN,GB,12,0.48,0.48,2,10,0,0,0,0,0,19,87,0,2,26.0
00-0039923,J.J. McCarthy,QB,MIN,WAS,14,20.42,20.42,6,19,0,0,0,0,0,23,163,3,0,9.0
00-0039923,J.J. McCarthy,QB,MIN,DAL,15,23.5,23.5,4,15,1,0,0,0,0,24,250,2,1,7.0
00-0039923,J.J. McCarthy,QB,MIN,NYG,16,8.32,8.32,2,20,1,0,0,0,0,14,108,0,1,23.0
00-0039923,J.J. McCarthy,QB,MIN,GB,18,7.98,7.98,2,7,0,0,0,0,0,23,182,0,0,19.0
00-0036158,J.K. Dobbins,RB,DEN,TEN,1,14.8,12.8,16,63,1,2,2,5,0,0,0,0,0,14.0
00-0036158,J.K. Dobbins,RB,DEN,IND,2,15.5,14.5,14,76,1,2,1,9,0,0,0,0,0,16.0
00-0036158,J.K. Dobbins,RB,DEN,LAC,3,15.3,14.3,11,83,1,2,1,0,0,0,0,0,0,14.0
00-0036158,J.K. Dobbins,RB,DEN,CIN,4,11.5,10.5,16,101,0,1,1,4,0,0,0,0,0,26.0
00-0036158,J.K. Dobbins,RB,DEN,PHI,5,15.4,14.4,20,79,1,1,1,5,0,0,0,0,0,16.0
00-0036158,J.K. Dobbins,RB,DEN,NYJ,6,4.0,4.0,14,40,0,1,0,0,0,0,0,0,0,46.0
00-0036158,J.K. Dobbins,RB,DEN,NYG,7,9.0,8.0,14,81,0,1,1,-1,0,0,0,0,0,24.0
00-0036158,J.K. Dobbins,RB,DEN,DAL,8,14.1,12.1,15,111,0,2,2,10,0,0,0,0,0,17.0
00-0036158,J.K. Dobbins,RB,DEN,HOU,9,6.9,5.9,15,61,0,1,1,-2,0,0,0,0,0,30.0
00-0036158,J.K. Dobbins,RB,DEN,LV,10,9.4,8.4,18,77,0,1,1,7,0,0,0,0,0,29.0
00-0036900,Ja'Marr Chase,WR,CIN,CLE,1,4.6,2.6,0,0,0,5,2,26,0,0,0,0,0,58.0
00-0036900,Ja'Marr Chase,WR,CIN,JAX,2,36.5,22.5,0,0,0,16,14,165,1,0,0,0,0,2.0
00-0036900,Ja'Marr Chase,WR,CIN,MIN,3,8.9,3.9,1,9,0,6,5,50,0,0,0,0,0,37.0
00-0036900,Ja'Marr Chase,WR,CIN,DEN,4,7.3,2.3,0,0,0,8,5,23,0,0,0,0,0,48.0
00-0036900,Ja'Marr Chase,WR,CIN,DET,5,29.0,23.0,0,0,0,10,6,110,2,0,0,0,0,2.0
00-0036900,Ja'Marr Chase,WR,CIN,GB,6,25.1,15.1,1,-3,0,12,10,94,1,0,0,0,0,5.0
00-0036900,Ja'Marr Chase,WR,CIN,PIT,7,38.1,22.1,0,0,0,23,16,161,1,0,0,0,0,1.0
00-0036900,Ja'Marr Chase,WR,CIN,NYJ,8,21.1,9.1,0,0,0,19,12,91,0,0,0,0,0,4.0
00-0036900,Ja'Marr Chase,WR,CIN,CHI,9,17.1,11.1,0,0,0,8,6,111,0,0,0,0,0,17.0
00-0036900,Ja'Marr Chase,WR,CIN,PIT,11,6.0,3.0,0,0,0,10,3,30,0,0,0,0,0,51.0
00-0036900,Ja'Marr Chase,WR,CIN,BAL,13,18.0,11.0,0,0,0,14,7,110,0,0,0,0,0,13.0
00-0036900,Ja'Marr Chase,WR,CIN,BUF,14,10.2,5.2,1,8,0,8,5,44,0,0,0,0,0,27.0
00-0036900,Ja'Marr Chase,WR,CIN,BAL,15,23.2,13.2,0,0,0,16,10,132,0,0,0,0,0,6.0
00-0036900,Ja'Marr Chase,WR,CIN,MIA,16,19.9,10.9,0,0,0,11,9,109,0,0,0,0,0,12.0
00-0036900,Ja'Marr Chase,WR,CIN,ARI,17,25.0,18.0,0,0,0,9,7,60,2,0,0,0,0,3.0
00-0036900,Ja'Marr Chase,WR,CIN,CLE,18,23.6,15.6,0,0,0,10,8,96,1,0,0,0,0,5.0
00-0033119,Jacoby Brissett,QB,ARI,CAR,2,0.2,0.2,1,2,0,0,0,0,0,0,0,0,0,34.0
00-0033119,Jacoby Brissett,QB,ARI,TEN,5,0.0,0.0,0,0,0,0,0,0,0,1,0,0,0,28.0
00-0033119,Jacoby Brissett,QB,ARI,IND,6,20.7,20.7,3,19,0,0,0,0,0,44,320,2,1,7.0
00-0033119,Jacoby Brissett,QB,ARI,GB,7,19.76,19.76,6,26,0,0,0,0,0,36,279,2,0,12.0
00-0033119,Jacoby Brissett,QB,ARI,DAL,9,24.84,24.84,5,4,1,0,0,0,0,31,261,2,0,10.0
00-0033119,Jacoby Brissett,QB,ARI,SEA,10,19.42,19.42,4,31,0,0,0,0,0,44,258,2,0,9.0
00-0033119,Jacoby Brissett,QB,ARI,SF,11,21.88,21.88,2,-2,0,0,0,0,0,57,452,2,2,4.0
00-0033119,Jacoby Brissett,QB,ARI,JAX,12,18.68,18.68,3,20,0,0,0,0,0,49,317,1,0,6.0
00-0033119,Jacoby Brissett,QB,ARI,TB,13,19.64,19.64,3,16,0,0,0,0,0,40,301,2,1,10.0
00-0033119,Jacoby Brissett,QB,ARI,LA,14,19.04,19.04,4,22,0,0,0,0,0,44,271,2,1,12.0
00-0033119,Jacoby Brissett,QB,ARI,HOU,15,20.56,20.56,3,6,0,0,0,0,0,40,249,3,1,12.0
00-0033119,Jacoby Brissett,QB,ARI,ATL,16,10.62,10.62,1,5,0,0,0,0,0,31,203,1,1,22.0
00-0033119,Jacoby Brissett,QB,ARI,CIN,17,16.48,16.48,0,0,0,0,0,0,0,37,212,2,0,13.0
00-0033119,Jacoby Brissett,QB,ARI,LA,18,15.62,15.62,3,19,0,0,0,0,0,31,243,2,1,12.0
00-0040242,Jacory Croskey-Merritt,RB,WAS,NYG,1,14.2,14.2,10,82,1,1,0,0,0,0,0,0,0,16.0
00-0040242,Jacory Croskey-Merritt,RB,WAS,GB,2,1.7,1.7,4,17,0,1,0,0,0,0,0,0,0,49.0
00-0040242,Jacory Croskey-Merritt,RB,WAS,LV,3,10.1,9.1,8,26,1,1,1,5,0,0,0,0,0,26.0
00-0040242,Jacory Croskey-Merritt,RB,WAS,ATL,4,7.7,5.7,7,47,0,2,2,10,0,0,0,0,0,38.0
00-0040242,Jacory Croskey-Merritt,RB,WAS,LAC,5,27.0,25.0,14,111,2,2,2,39,0,0,0,0,0,5.0
00-0040242,Jacory Croskey-Merritt,RB,WAS,CHI,6,5.8,4.8,17,61,0,1,1,7,0,0,0,0,0,36.0
00-0040242,Jacory Croskey-Merritt,RB,WAS,DAL,7,4.2,3.2,13,33,0,2,1,-1,0,0,0,0,0,43.0
00-0040242,Jacory Croskey-Merritt,RB,WAS,KC,8,2.5,2.5,9,25,0,1,0,0,0,0,0,0,0,43.0
00-0040242,Jacory Croskey-Merritt,RB,WAS,SEA,9,5.1,4.1,12,38,0,1,1,3,0,0,0,0,0,36.0
00-0040242,Jacory Croskey-Merritt,RB,WAS,DET,10,3.0,3.0,11,30,0,0,0,0,0,0,0,0,0,44.0
00-0040242,Jacory Croskey-Merritt,RB,WAS,MIA,11,4.3,3.3,9,28,0,1,1,5,0,0,0,0,0,43.0
00-0040242,Jacory Croskey-Merritt,RB,WAS,DEN,13,2.0,2.0,4,20,0,0,0,0,0,0,0,0,0,55.0
00-0040242,Jacory Croskey-Merritt,RB,WAS,MIN,14,3.2,3.2,7,32,0,0,0,0,0,0,0,0,0,44.0
00-0040242,Jacory Croskey-Merritt,RB,WAS,NYG,15,15.6,15.6,18,96,1,0,0,0,0,0,0,0,0,15.0
00-0040242,Jacory Croskey-Merritt,RB,WAS,PHI,16,8.5,8.5,8,25,1,0,0,0,0,0,0,0,0,32.0
00-0040242,Jacory Croskey-Merritt,RB,WAS,DAL,17,22.5,22.5,11,105,2,0,0,0,0,0,0,0,0,7.0
00-0040242,Jacory Croskey-Merritt,RB,WAS,PHI,18,2.9,2.9,13,29,0,0,0,0,0,0,0,0,0,41.0
00-0039139,Jahmyr Gibbs,RB,DET,GB,1,15.0,5.0,9,19,0,10,10,31,0,0,0,0,0,13.0
00-0039139,Jahmyr Gibbs,RB,DET,CHI,2,19.4,16.4,12,94,1,3,3,10,0,0,0,0,0,8.0
00-0039139,Jahmyr Gibbs,RB,DET,BAL,3,26.9,21.9,22,67,2,6,5,32,0,0,0,0,0,3.0
00-0039139,Jahmyr Gibbs,RB,DET,CLE,4,17.7,15.7,15,91,1,2,2,6,0,0,0,0,0,15.0
00-0039139,Jahmyr Gibbs,RB,DET,CIN,5,16.7,14.7,12,54,0,2,2,33,1,0,0,0,0,13.0
00-0039139,Jahmyr Gibbs,RB,DET,KC,6,7.5,6.5,17,65,0,2,1,0,0,0,0,0,0,30.0
00-0039139,Jahmyr Gibbs,RB,DET,TB,7,36.8,33.8,17,136,2,3,3,82,0,0,0,0,0,2.0
00-0039139,Jahmyr Gibbs,RB,DET,MIN,9,5.8,2.8,9,25,0,3,3,3,0,0,0,0,0,33.0
00-0039139,Jahmyr Gibbs,RB,DET,WAS,10,38.2,35.2,15,142,2,4,3,30,1,0,0,0,0,3.0
00-0039139,Jahmyr Gibbs,RB,DET,PHI,11,19.6,14.6,12,39,0,8,5,107,0,0,0,0,0,10.0
00-0039139,Jahmyr Gibbs,RB,DET,NYG,12,55.4,44.4,15,219,2,12,11,45,1,0,0,0,0,1.0
00-0039139,Jahmyr Gibbs,RB,DET,GB,13,11.6,8.6,20,68,0,4,3,18,0,0,0,0,0,25.0
00-0039139,Jahmyr Gibbs,RB,DET,DAL,14,37.0,30.0,12,43,3,7,7,77,0,0,0,0,0,1.0
00-0039139,Jahmyr Gibbs,RB,DET,LA,15,9.8,5.8,13,38,0,7,4,20,0,0,0,0,0,26.0
00-0039139,Jahmyr Gibbs,RB,DET,PIT,16,22.8,12.8,7,2,0,13,10,66,1,0,0,0,0,9.0
00-0039139,Jahmyr Gibbs,RB,DET,MIN,17,6.4,4.4,17,41,0,3,2,23,0,0,0,0,0,34.0
00-0039139,Jahmyr Gibbs,RB,DET,CHI,18,20.3,17.3,19,80,0,5,3,33,1,0,0,0,0,5.0
00-0038041,Jake Ferguson,TE,DAL,PHI,1,7.3,2.3,0,0,0,6,5,23,0,0,0,0,0,21.0
00-0038041,Jake Ferguson,TE,DAL,NYG,2,16.8,7.8,0,0,0,12,9,78,0,0,0,0,0,3.0
00-0038041,Jake Ferguson,TE,DAL,CHI,3,21.2,8.2,0,0,0,14,13,82,0,0,0,0,0,3.0
00-0038041,Jake Ferguson,TE,DAL,GB,4,17.0,10.0,0,0,0,7,7,40,1,0,0,0,0,5.0
00-0038041,Jake Ferguson,TE,DAL,NYJ,5,23.9,16.9,0,0,0,9,7,49,2,0,0,0,0,2.0
00-0038041,Jake Ferguson,TE,DAL,CAR,6,12.3,9.3,0,0,0,3,3,33,1,0,0,0,0,10.0
00-0038041,Jake Ferguson,TE,DAL,WAS,7,21.9,14.9,0,0,0,7,7,29,2,0,0,0,0,4.0
00-0038041,Jake Ferguson,TE,DAL,DEN,8,0.0,0.0,0,0,0,1,0,0,0,0,0,0,0,32.0
00-0038041,Jake Ferguson,TE,DAL,ARI,9,8.0,3.0,0,0,0,7,5,50,0,0,0,0,0,22.0
00-0038041,Jake Ferguson,TE,DAL,LV,11,11.6,7.6,0,0,0,5,4,16,1,0,0,0,0,7.0
00-0038041,Jake Ferguson,TE,DAL,PHI,12,11.1,6.1,1,1,0,6,5,60,0,0,0,0,0,8.0
00-0038041,Jake Ferguson,TE,DAL,KC,13,8.6,3.6,0,0,0,6,5,36,0,0,0,0,0,18.0
00-0038041,Jake Ferguson,TE,DAL,DET,14,10.8,5.8,0,0,0,7,5,58,0,0,0,0,0,11.0
00-0038041,Jake Ferguson,TE,DAL,MIN,15,3.6,1.6,0,0,0,4,2,16,0,0,0,0,0,30.0
00-0038041,Jake Ferguson,TE,DAL,LAC,16,4.9,1.9,0,0,0,4,3,19,0,0,0,0,0,21.0
00-0038041,Jake Ferguson,TE,DAL,WAS,17,7.6,6.6,0,0,0,2,1,6,1,0,0,0,0,20.0
00-0038041,Jake Ferguson,TE,DAL,NYG,18,1.5,0.5,0,0,0,2,1,5,0,0,0,0,0,29.0
00-0037112,Jake Tonges,TE,SF,SEA,1,10.5,7.5,0,0,0,3,3,15,1,0,0,0,0,16.0
00-0037112,Jake Tonges,TE,SF,NO,2,7.1,3.1,0,0,0,5,4,31,0,0,0,0,0,18.0
00-0037112,Jake Tonges,TE,SF,ARI,3,4.1,2.1,0,0,0,3,2,21,0,0,0,0,0,27.0
00-0037112,Jake Tonges,TE,SF,JAX,4,14.8,11.8,0,0,0,5,3,58,1,0,0,0,0,7.0
00-0037112,Jake Tonges,TE,SF,LA,5,17.1,10.1,0,0,0,11,7,41,1,0,0,0,0,9.0
00-0037112,Jake Tonges,TE,SF,TB,6,11.8,5.8,0,0,0,7,6,58,0,0,0,0,0,12.0
00-0037112,Jake Tonges,TE,SF,HOU,8,7.2,6.2,0,0,0,1,1,2,1,0,0,0,0,17.0
00-0037112,Jake Tonges,TE,SF,ARI,11,0.0,0.0,0,0,0,0,0,0,0,0,0,0,0,35.0
00-0037112,Jake Tonges,TE,SF,IND,16,1.7,0.7,0,0,0,2,1,7,0,0,0,0,0,31.0
00-0037112,Jake Tonges,TE,SF,CHI,17,19.0,12.0,0,0,0,9,7,60,1,0,0,0,0,3.0
00-0034960,Jakobi Meyers,WR,LV,NE,1,17.7,9.7,0,0,0,10,8,97,0,0,0,0,0,15.0
00-0034960,Jakobi Meyers,WR,LV,LAC,2,12.8,6.8,0,0,0,12,6,68,0,0,0,0,0,28.0
00-0034960,Jakobi Meyers,WR,LV,WAS,3,9.3,6.3,0,0,0,4,3,63,0,0,0,0,0,36.0
00-0034960,Jakobi Meyers,WR,LV,CHI,4,7.0,3.0,0,0,0,7,4,30,0,0,0,0,0,49.0
00-0034960,Jakobi Meyers,WR,LV,IND,5,7.2,3.2,0,0,0,6,4,32,0,0,0,0,0,50.0
00-0034960,Jakobi Meyers,WR,LV,TEN,6,7.9,3.9,0,0,0,4,4,39,0,0,0,0,0,36.0
00-0034960,Jakobi Meyers,WR,LV,JAX,9,6.3,2.3,0,0,0,6,4,23,0,0,0,0,0,51.0
00-0034960,Jakobi Meyers,WR,JAX,HOU,10,7.1,4.1,0,0,0,3,3,41,0,0,0,0,0,43.0
00-0034960,Jakobi Meyers,WR,JAX,LAC,11,11.4,6.4,0,0,0,6,5,64,0,0,0,0,0,21.0
00-0034960,Jakobi Meyers,WR,JAX,ARI,12,15.0,11.0,0,0,0,6,4,50,1,0,0,0,0,19.0
00-0034960,Jakobi Meyers,WR,JAX,TEN,13,21.3,15.3,1,3,0,6,6,90,1,0,0,0,0,11.0
00-0034960,Jakobi Meyers,WR,JAX,IND,14,14.8,10.8,3,9,0,10,4,39,1,0,0,0,0,18.0
00-0034960,Jakobi Meyers,WR,JAX,NYJ,15,12.1,7.1,0,0,0,7,5,71,0,0,0,0,0,26.0
00-0034960,Jakobi Meyers,WR,JAX,DEN,16,8.6,4.6,1,1,0,8,4,45,0,0,0,0,0,42.0
00-0034960,Jakobi Meyers,WR,JAX,IND,17,7.9,1.9,0,0,0,9,6,39,0,0,0,0,0,39.0
00-0034960,Jakobi Meyers,WR,JAX,TEN,18,9.4,4.4,0,0,0,6,5,44,0,0,0,0,0,23.0
00-0039491,Jalen Coker,WR,CAR,NYJ,7,0.0,0.0,0,0,0,2,0,0,0,0,0,0,0,73.0
00-0039491,Jalen Coker,WR,CAR,BUF,8,6.6,3.6,0,0,0,4,3,36,0,0,0,0,0,47.0
00-0039491,Jalen Coker,WR,CAR,GB,9,1.9,0.9,0,0,0,1,1,9,0,0,0,0,0,67.0
00-0039491,Jalen Coker,WR,CAR,NO,10,5.1,2.1,0,0,0,4,3,21,0,0,0,0,0,53.0
00-0039491,Jalen Coker,WR,CAR,ATL,11,11.2,7.2,0,0,0,4,4,52,0,0,0,0,0,23.0
00-0039491,Jalen Coker,WR,CAR,SF,12,6.2,3.2,0,0,0,4,3,32,0,0,0,0,0,39.0
00-0039491,Jalen Coker,WR,CAR,LA,13,17.4,13.4,0,0,0,6,4,74,1,0,0,0,0,15.0
00-0039491,Jalen Coker,WR,CAR,NO,15,14.0,10.0,0,0,0,4,4,60,1,0,0,0,0,24.0
00-0039491,Jalen Coker,WR,CAR,TB,16,7.7,4.7,0,0,0,5,3,47,0,0,0,0,0,47.0
00-0039491,Jalen Coker,WR,CAR,SEA,17,3.6,1.6,0,0,0,2,2,16,0,0,0,0,0,59.0
00-0039491,Jalen Coker,WR,CAR,TB,18,16.7,10.7,0,0,0,7,6,47,1,0,0,0,0,11.0
00-0036389,Jalen Hurts,QB,PHI,DAL,1,24.28,24.28,14,62,2,0,0,0,0,23,152,0,0,8.0
00-0036389,Jalen Hurts,QB,PHI,KC,2,11.54,11.54,9,15,1,0,0,0,0,22,101,0,0,23.0
00-0036389,Jalen Hurts,QB,PHI,LA,3,29.04,29.04,9,40,1,0,0,0,0,32,226,3,0,2.0
00-0036389,Jalen Hurts,QB,PHI,TB,4,19.4,19.4,9,62,0,0,0,0,0,24,130,2,0,11.0
00-0036389,Jalen Hurts,QB,PHI,DEN,5,19.5,19.5,2,3,0,0,0,0,0,38,280,2,0,12.0
00-0036389,Jalen Hurts,QB,PHI,NYG,6,20.62,20.62,7,13,1,0,0,0,0,33,283,1,1,8.0
00-0036389,Jalen Hurts,QB,PHI,MIN,7,24.04,24.04,4,-10,0,0,0,0,0,23,326,3,0,7.0
00-0036389,Jalen Hurts,QB,PHI,NYG,8,25.36,25.36,4,22,0,0,0,0,0,20,179,4,0,3.0
00-0036389,Jalen Hurts,QB,PHI,GB,10,12.02,12.02,5,27,0,0,0,0,0,26,183,1,0,18.0
00-0036389,Jalen Hurts,QB,PHI,DET,11,14.5,14.5,10,31,1,0,0,0,0,28,135,0,0,13.0
00-0036389,Jalen Hurts,QB,PHI,DAL,12,30.86,30.86,7,33,2,0,0,0,0,39,289,1,0,1.0
00-0036389,Jalen Hurts,QB,PHI,CHI,13,16.3,16.3,4,31,0,0,0,0,0,34,230,2,1,16.0
00-0036389,Jalen Hurts,QB,PHI,LAC,14,2.4,2.4,4,8,0,0,0,0,0,40,240,0,4,26.0
00-0036389,Jalen Hurts,QB,PHI,LV,15,22.9,22.9,7,39,0,0,0,0,0,15,175,3,0,9.0
00-0036389,Jalen Hurts,QB,PHI,WAS,16,19.4,19.4,7,40,0,0,0,0,0,30,185,2,0,10.0
00-0036389,Jalen Hurts,QB,PHI,BUF,17,8.9,8.9,3,5,0,0,0,0,0,27,110,1,0,19.0
00-0037291,Jalen Nailor,WR,MIN,CHI,1,3.8,2.8,0,0,0,3,1,28,0,0,0,0,0,64.0
00-0037291,Jalen Nailor,WR,MIN,ATL,2,6.1,3.1,0,0,0,5,3,31,0,0,0,0,0,61.0
00-0037291,Jalen Nailor,WR,MIN,CIN,3,6.7,3.7,0,0,0,5,3,37,0,0,0,0,0,50.0
00-0037291,Jalen Nailor,WR,MIN,PIT,4,9.2,8.2,0,0,0,4,1,2,1,0,0,0,0,34.0
00-0037291,Jalen Nailor,WR,MIN,CLE,5,7.2,4.2,1,15,0,4,3,27,0,0,0,0,0,50.0
00-0037291,Jalen Nailor,WR,MIN,PHI,7,5.7,3.7,0,0,0,4,2,37,0,0,0,0,0,53.0
00-0037291,Jalen Nailor,WR,MIN,LAC,8,0.0,0.0,0,0,0,1,0,0,0,0,0,0,0,65.0
00-0037291,Jalen Nailor,WR,MIN,DET,9,2.6,1.6,0,0,0,4,1,16,0,0,0,0,0,64.0
00-0037291,Jalen Nailor,WR,MIN,BAL,10,23.4,18.4,0,0,0,6,5,124,1,0,0,0,0,4.0
00-0037291,Jalen Nailor,WR,MIN,CHI,11,2.6,1.6,0,0,0,1,1,16,0,0,0,0,0,64.0
00-0037291,Jalen Nailor,WR,MIN,GB,12,0.0,0.0,0,0,0,1,0,0,0,0,0,0,0,69.0
00-0037291,Jalen Nailor,WR,MIN,SEA,13,0.0,0.0,0,0,0,1,0,0,0,0,0,0,0,83.0
00-0037291,Jalen Nailor,WR,MIN,WAS,14,6.0,3.0,0,0,0,3,3,30,0,0,0,0,0,47.0
00-0037291,Jalen Nailor,WR,MIN,DAL,15,19.5,16.5,1,-2,0,5,3,47,2,0,0,0,0,10.0
00-0037291,Jalen Nailor,WR,MIN,NYG,16,0.0,0.0,0,0,0,2,0,0,0,0,0,0,0,85.0
00-0037291,Jalen Nailor,WR,MIN,DET,17,0.0,0.0,0,0,0,1,0,0,0,0,0,0,0,78.0
00-0037291,Jalen Nailor,WR,MIN,GB,18,7.9,4.9,0,0,0,3,3,49,0,0,0,0,0,30.0
00-0037248,James Cook,RB,BUF,BAL,1,21.2,16.2,13,44,1,5,5,58,0,0,0,0,0,4.0
00-0037248,James Cook,RB,BUF,NYJ,2,26.5,25.5,21,132,2,1,1,3,0,0,0,0,0,2.0
00-0037248,James Cook,RB,BUF,MIA,3,20.8,17.8,19,108,1,3,3,10,0,0,0,0,0,8.0
00-0037248,James Cook,RB,BUF,NO,4,22.5,19.5,22,117,1,4,3,18,0,0,0,0,0,10.0
00-0037248,James Cook,RB,BUF,NE,5,4.9,4.9,15,49,0,1,0,0,0,0,0,0,0,35.0
00-0037248,James Cook,RB,BUF,ATL,6,8.7,8.7,17,87,0,0,0,0,0,0,0,0,0,23.0
00-0037248,James Cook,RB,BUF,CAR,8,33.6,33.6,19,216,2,0,0,0,0,0,0,0,0,2.0
00-0037248,James Cook,RB,BUF,KC,9,13.5,12.5,27,114,0,1,1,11,0,0,0,0,0,13.0
00-0037248,James Cook,RB,BUF,MIA,10,10.7,5.7,13,53,0,5,5,24,0,0,0,0,0,24.0
00-0037248,James Cook,RB,BUF,TB,11,20.4,17.4,16,48,0,3,3,66,1,0,0,0,0,7.0
00-0037248,James Cook,RB,BUF,HOU,12,21.9,18.9,17,116,1,3,3,13,0,0,0,0,0,6.0
00-0037248,James Cook,RB,BUF,PIT,13,18.7,15.7,32,144,0,3,3,33,0,0,0,0,0,9.0
00-0037248,James Cook,RB,BUF,CIN,14,11.1,9.1,18,80,0,2,2,31,0,0,0,0,0,24.0
00-0037248,James Cook,RB,BUF,NE,15,31.1,29.1,22,107,2,3,2,4,1,0,0,0,0,2.0
00-0037248,James Cook,RB,BUF,CLE,16,26.4,25.4,16,117,2,2,1,17,0,0,0,0,0,6.0
00-0037248,James Cook,RB,BUF,PHI,17,8.7,7.7,20,74,0,4,1,3,0,0,0,0,0,23.0
00-0037248,James Cook,RB,BUF,NYJ,18,1.5,1.5,2,15,0,0,0,0,0,0,0,0,0,45.0
00-0037240,Jameson Williams,WR,DET,GB,1,6.6,2.6,1,3,0,5,4,23,0,0,0,0,0,47.0
00-0037240,Jameson Williams,WR,DET,CHI,2,18.8,16.8,0,0,0,4,2,108,1,0,0,0,0,10.0
00-0037240,Jameson Williams,WR,DET,BAL,3,6.3,4.3,0,0,0,3,2,43,0,0,0,0,0,53.0
00-0037240,Jameson Williams,WR,DET,CLE,4,5.7,3.7,1,-3,0,8,2,40,0,0,0,0,0,57.0
00-0037240,Jameson Williams,WR,DET,CIN,5,2.0,1.0,1,1,0,1,1,9,0,0,0,0,0,67.0
00-0037240,Jameson Williams,WR,DET,KC,6,18.6,12.6,0,0,0,7,6,66,1,0,0,0,0,12.0
00-0037240,Jameson Williams,WR,DET,TB,7,0.0,0.0,0,0,0,2,0,0,0,0,0,0,0,73.0
00-0037240,Jameson Williams,WR,DET,MIN,9,16.6,12.6,0,0,0,6,4,66,1,0,0,0,0,20.0
00-0037240,Jameson Williams,WR,DET,WAS,10,23.9,17.9,0,0,0,7,6,119,1,0,0,0,0,2.0
00-0037240,Jameson Williams,WR,DET,PHI,11,19.7,15.7,1,9,0,7,4,88,1,0,0,0,0,8.0
00-0037240,Jameson Williams,WR,DET,NYG,12,0.0,0.0,0,0,0,3,0,0,0,0,0,0,0,69.0
00-0037240,Jameson Williams,WR,DET,GB,13,26.9,19.9,1,-5,0,10,7,144,1,0,0,0,0,4.0
00-0037240,Jameson Williams,WR,DET,DAL,14,17.3,10.3,1,7,0,9,7,96,0,0,0,0,0,11.0
00-0037240,Jameson Williams,WR,DET,LA,15,26.4,19.4,0,0,0,10,7,134,1,0,0,0,0,3.0
00-0037240,Jameson Williams,WR,DET,PIT,16,12.0,7.0,0,0,0,9,5,70,0,0,0,0,0,28.0
00-0037240,Jameson Williams,WR,DET,MIN,17,5.7,3.7,0,0,0,3,2,37,0,0,0,0,0,45.0
00-0037240,Jameson Williams,WR,DET,CHI,18,13.4,7.4,0,0,0,8,6,74,0,0,0,0,0,14.0
00-0033106,Jared Goff,QB,DET,GB,1,10.9,10.9,1,-1,0,0,0,0,0,39,225,1,1,22.0
00-0033106,Jared Goff,QB,DET,CHI,2,33.96,33.96,1,6,0,0,0,0,0,28,334,5,0,1.0
00-0033106,Jared Goff,QB,DET,BAL,3,12.68,12.68,4,6,0,0,0,0,0,28,202,1,0,20.0
00-0033106,Jared Goff,QB,DET,CLE,4,12.72,12.72,0,0,0,0,0,0,0,27,168,2,1,22.0
00-0033106,Jared Goff,QB,DET,CIN,5,20.12,20.12,2,-2,0,0,0,0,0,23,258,3,0,11.0
00-0033106,Jared Goff,QB,DET,KC,6,16.82,16.82,1,7,0,0,0,0,0,29,203,2,0,17.0
00-0033106,Jared Goff,QB,DET,TB,7,10.34,10.34,2,7,0,0,0,0,0,29,241,1,1,22.0
00-0033106,Jared Goff,QB,DET,MIN,9,19.36,19.36,0,0,0,0,0,0,0,37,284,2,0,13.0
00-0033106,Jared Goff,QB,DET,WAS,10,24.8,24.8,0,0,0,0,0,0,0,33,320,3,0,5.0
00-0033106,Jared Goff,QB,DET,PHI,11,12.1,12.1,1,-1,0,0,0,0,0,37,255,1,1,19.0
00-0033106,Jared Goff,QB,DET,NYG,12,17.16,17.16,0,0,0,0,0,0,0,42,279,2,1,8.0
00-0033106,Jared Goff,QB,DET,GB,13,20.64,20.64,1,24,0,0,0,0,0,26,256,2,0,7.0
00-0033106,Jared Goff,QB,DET,DAL,14,16.16,16.16,2,-2,0,0,0,0,0,34,309,1,0,14.0
00-0033106,Jared Goff,QB,DET,LA,15,25.52,25.52,0,0,0,0,0,0,0,41,338,3,0,5.0
00-0033106,Jared Goff,QB,DET,PIT,16,26.46,26.46,1,-1,0,0,0,0,0,54,364,3,0,6.0
00-0033106,Jared Goff,QB,DET,MIN,17,2.08,2.08,3,2,0,0,0,0,0,29,197,1,2,24.0
00-0033106,Jared Goff,QB,DET,CHI,18,15.24,15.24,0,0,0,0,0,0,0,42,331,1,1,13.0
00-0036259,Jauan Jennings,WR,SF,SEA,1,3.6,1.6,0,0,0,5,2,16,0,0,0,0,0,65.0
00-0036259,Jauan Jennings,WR,SF,NO,2,19.9,14.9,0,0,0,10,5,89,1,0,0,0,0,9.0
00-0036259,Jauan Jennings,WR,SF,JAX,4,6.4,4.4,0,0,0,4,2,24,0,0,0,0,0,51.0
00-0036259,Jauan Jennings,WR,SF,TB,6,1.7,0.7,0,0,0,3,1,7,0,0,0,0,0,67.0
00-0036259,Jauan Jennings,WR,SF,ATL,7,7.1,3.1,0,0,0,7,4,31,0,0,0,0,0,47.0
00-0036259,Jauan Jennings,WR,SF,HOU,8,8.5,4.5,0,0,0,7,4,45,0,0,0,0,0,42.0
00-0036259,Jauan Jennings,WR,SF,NYG,9,14.1,10.1,0,0,0,5,4,41,1,0,0,0,0,26.0
00-0036259,Jauan Jennings,WR,SF,LA,10,17.1,11.1,0,0,0,9,6,71,1,0,0,0,0,17.0
00-0036259,Jauan Jennings,WR,SF,ARI,11,9.4,5.4,0,0,0,6,4,54,0,0,0,0,0,33.0
00-0036259,Jauan Jennings,WR,SF,CAR,12,15.1,10.1,0,0,0,7,5,41,1,0,0,0,0,18.0
00-0036259,Jauan Jennings,WR,SF,CLE,13,13.9,9.9,0,0,0,6,4,39,1,0,0,0,0,20.0
00-0036259,Jauan Jennings,WR,SF,TEN,15,18.7,15.7,0,0,0,5,3,37,2,0,0,0,0,12.0
00-0036259,Jauan Jennings,WR,SF,IND,16,18.1,13.1,0,0,0,6,5,71,1,0,0,0,0,16.0
00-0036259,Jauan Jennings,WR,SF,CHI,17,12.2,10.2,0,0,0,4,2,42,1,0,0,0,0,22.0
00-0036259,Jauan Jennings,WR,SF,SEA,18,7.5,3.5,0,0,0,6,4,35,0,0,0,0,0,32.0
00-0036997,Javonte Williams,RB,DAL,PHI,1,20.4,18.4,15,54,2,3,2,10,0,0,0,0,0,5.0
00-0036997,Javonte Williams,RB,DAL,NYG,2,25.0,19.0,18,97,1,7,6,33,0,0,0,0,0,4.0
00-0036997,Javonte Williams,RB,DAL,CHI,3,12.2,7.2,10,76,0,5,5,16,0,0,0,0,0,20.0
00-0036997,Javonte Williams,RB,DAL,GB,4,19.0,16.0,20,85,1,3,3,15,0,0,0,0,0,14.0
00-0036997,Javonte Williams,RB,DAL,NYJ,5,26.9,25.9,16,135,1,2,1,4,1,0,0,0,0,6.0
00-0036997,Javonte Williams,RB,DAL,CAR,6,8.4,3.4,13,29,0,8,5,5,0,0,0,0,0,26.0
00-0036997,Javonte Williams,RB,DAL,WAS,7,18.8,17.8,19,116,1,4,1,2,0,0,0,0,0,9.0
00-0036997,Javonte Williams,RB,DAL,DEN,8,17.9,16.9,13,41,2,2,1,8,0,0,0,0,0,10.0
00-0036997,Javonte Williams,RB,DAL,ARI,9,7.3,6.3,15,83,0,1,1,0,0,0,0,0,0,28.0
00-0036997,Javonte Williams,RB,DAL,LV,11,10.3,9.3,22,93,0,1,1,0,0,0,0,0,0,25.0
00-0036997,Javonte Williams,RB,DAL,PHI,12,12.1,10.1,20,87,0,3,2,14,0,0,0,0,0,20.0
00-0036997,Javonte Williams,RB,DAL,KC,13,17.0,14.0,17,59,0,3,3,21,1,0,0,0,0,13.0
00-0036997,Javonte Williams,RB,DAL,DET,14,14.7,12.7,17,67,1,4,2,0,0,0,0,0,0,16.0
00-0036997,Javonte Williams,RB,DAL,MIN,15,15.1,15.1,15,91,1,0,0,0,0,0,0,0,0,16.0
00-0036997,Javonte Williams,RB,DAL,LAC,16,6.3,4.3,9,34,0,3,2,9,0,0,0,0,0,41.0
00-0036997,Javonte Williams,RB,DAL,WAS,17,11.4,11.4,13,54,1,2,0,0,0,0,0,0,0,18.0
00-0038543,Jaxon Smith-Njigba,WR,SEA,SF,1,19.4,10.4,0,0,0,13,9,124,0,0,0,0,0,11.0
00-0038543,Jaxon Smith-Njigba,WR,SEA,PIT,2,18.3,10.3,0,0,0,10,8,103,0,0,0,0,0,11.0
00-0038543,Jaxon Smith-Njigba,WR,SEA,NO,3,20.6,15.6,0,0,0,6,5,96,1,0,0,0,0,8.0
00-0038543,Jaxon Smith-Njigba,WR,SEA,ARI,4,13.0,9.0,3,11,0,5,4,79,0,0,0,0,0,24.0
00-0038543,Jaxon Smith-Njigba,WR,SEA,TB,5,27.2,19.2,0,0,0,9,8,132,1,0,0,0,0,3.0
00-0038543,Jaxon Smith-Njigba,WR,SEA,JAX,6,30.2,22.2,0,0,0,13,8,162,1,0,0,0,0,3.0
00-0038543,Jaxon Smith-Njigba,WR,SEA,HOU,7,26.3,18.3,0,0,0,14,8,123,1,0,0,0,0,7.0
00-0038543,Jaxon Smith-Njigba,WR,SEA,WAS,9,22.0,14.0,1,11,0,9,8,129,0,0,0,0,0,7.0
00-0038543,Jaxon Smith-Njigba,WR,SEA,ARI,10,20.3,15.3,0,0,0,6,5,93,1,0,0,0,0,9.0
00-0038543,Jaxon Smith-Njigba,WR,SEA,LA,11,20.6,11.6,1,11,0,12,9,105,0,0,0,0,0,6.0
00-0038543,Jaxon Smith-Njigba,WR,SEA,TEN,12,37.1,29.1,1,4,0,10,8,167,2,0,0,0,0,1.0
00-0038543,Jaxon Smith-Njigba,WR,SEA,MIN,13,4.3,2.3,0,0,0,4,2,23,0,0,0,0,0,64.0
00-0038543,Jaxon Smith-Njigba,WR,SEA,ATL,14,28.1,21.1,1,-1,0,10,7,92,2,0,0,0,0,3.0
00-0038543,Jaxon Smith-Njigba,WR,SEA,IND,15,18.3,11.3,0,0,0,9,7,113,0,0,0,0,0,13.0
00-0038543,Jaxon Smith-Njigba,WR,SEA,LA,16,23.6,15.6,0,0,0,13,8,96,1,0,0,0,0,6.0
00-0038543,Jaxon Smith-Njigba,WR,SEA,CAR,17,16.2,7.2,0,0,0,12,9,72,0,0,0,0,0,11.0
00-0038543,Jaxon Smith-Njigba,WR,SEA,SF,18,14.4,8.4,0,0,0,8,6,84,0,0,0,0,0,13.0
00-0040691,Jaxson Dart,QB,NYG,DAL,2,-0.3,-0.3,1,-3,0,0,0,0,0,0,0,0,0,35.0
00-0040691,Jaxson Dart,QB,NYG,KC,3,0.3,0.3,1,3,0,0,0,0,0,0,0,0,0,32.0
00-0040691,Jaxson Dart,QB,NYG,LAC,4,19.84,19.84,10,54,1,0,0,0,0,20,111,1,0,10.0
00-0040691,Jaxson Dart,QB,NYG,NO,5,15.58,15.58,7,55,0,0,0,0,0,40,202,2,2,19.0
00-0040691,Jaxson Dart,QB,NYG,PHI,6,23.6,23.6,13,58,1,0,0,0,0,25,195,1,0,3.0
00-0040691,Jaxson Dart,QB,NYG,DEN,7,28.42,28.42,5,11,1,0,0,0,0,33,283,3,1,2.0
00-0040691,Jaxson Dart,QB,NYG,PHI,8,19.42,19.42,6,17,1,0,0,0,0,24,193,1,0,13.0
00-0040691,Jaxson Dart,QB,NYG,SF,9,27.24,27.24,8,56,1,0,0,0,0,33,191,2,0,5.0
00-0040691,Jaxson Dart,QB,NYG,CHI,10,26.28,26.28,6,66,2,0,0,0,0,29,242,0,0,3.0
00-0040691,Jaxson Dart,QB,NYG,NE,13,13.56,13.56,4,20,0,0,0,0,0,24,139,1,0,19.0
00-0040691,Jaxson Dart,QB,NYG,WAS,15,22.14,22.14,9,63,0,0,0,0,0,36,246,2,1,10.0
00-0040691,Jaxson Dart,QB,NYG,MIN,16,0.02,0.02,2,7,0,0,0,0,0,13,33,0,1,29.0
00-0040691,Jaxson Dart,QB,NYG,LV,17,25.08,25.08,9,48,2,0,0,0,0,30,207,0,0,3.0
00-0040691,Jaxson Dart,QB,NYG,DAL,18,20.4,20.4,5,32,0,0,0,0,0,32,230,2,0,6.0
00-0039910,Jayden Daniels,QB,WAS,NYG,1,20.12,20.12,11,68,0,0,0,0,0,30,233,1,0,13.0
00-0039910,Jayden Daniels,QB,WAS,GB,2,19.7,19.7,7,17,0,0,0,0,0,42,200,2,0,13.0
00-0039910,Jayden Daniels,QB,WAS,LAC,5,17.14,17.14,8,39,0,0,0,0,0,26,231,1,0,15.0
00-0039910,Jayden Daniels,QB,WAS,CHI,6,21.64,21.64,10,52,0,0,0,0,0,26,211,3,1,6.0
00-0039910,Jayden Daniels,QB,WAS,DAL,7,17.74,17.74,8,35,1,0,0,0,0,22,156,1,0,13.0
00-0039910,Jayden Daniels,QB,WAS,SEA,9,15.22,15.22,10,51,1,0,0,0,0,22,153,0,1,19.0
00-0039910,Jayden Daniels,QB,WAS,MIN,14,2.72,2.72,4,16,0,0,0,0,0,20,78,0,1,24.0
00-0040130,Jayden Higgins,WR,HOU,LA,1,5.2,3.2,0,0,0,3,2,32,0,0,0,0,0,53.0
00-0040130,Jayden Higgins,WR,HOU,TB,2,3.8,2.8,0,0,0,1,1,28,0,0,0,0,0,72.0
00-0040130,Jayden Higgins,WR,HOU,JAX,3,1.5,0.5,0,0,0,1,1,5,0,0,0,0,0,77.0
00-0040130,Jayden Higgins,WR,HOU,TEN,4,9.4,8.4,0,0,0,1,1,24,1,0,0,0,0,32.0
00-0040130,Jayden Higgins,WR,HOU,BAL,5,7.2,3.2,0,0,0,4,4,32,0,0,0,0,0,50.0
00-0040130,Jayden Higgins,WR,HOU,SEA,7,0.0,0.0,0,0,0,3,0,0,0,0,0,0,0,73.0
00-0040130,Jayden Higgins,WR,HOU,SF,8,13.4,9.4,0,0,0,8,4,34,1,0,0,0,0,24.0
00-0040130,Jayden Higgins,WR,HOU,DEN,9,1.4,0.4,0,0,0,1,1,4,0,0,0,0,0,69.0
00-0040130,Jayden Higgins,WR,HOU,JAX,10,15.2,10.2,0,0,0,7,5,42,1,0,0,0,0,22.0
00-0040130,Jayden Higgins,WR,HOU,TEN,11,9.5,5.5,0,0,0,7,4,55,0,0,0,0,0,32.0
00-0040130,Jayden Higgins,WR,HOU,BUF,12,13.8,9.8,0,0,0,9,4,38,1,0,0,0,0,22.0
00-0040130,Jayden Higgins,WR,HOU,IND,13,11.5,6.5,0,0,0,5,5,65,0,0,0,0,0,26.0
00-0040130,Jayden Higgins,WR,HOU,KC,14,6.4,3.4,0,0,0,5,3,34,0,0,0,0,0,45.0
00-0040130,Jayden Higgins,WR,HOU,ARI,15,1.4,0.4,0,0,0,1,1,4,0,0,0,0,0,76.0
00-0040130,Jayden Higgins,WR,HOU,LV,16,2.7,1.7,0,0,0,3,1,17,0,0,0,0,0,71.0
00-0040130,Jayden Higgins,WR,HOU,LAC,17,16.8,14.8,0,0,0,4,2,88,1,0,0,0,0,10.0
00-0040130,Jayden Higgins,WR,HOU,IND,18,10.3,8.3,0,0,0,5,2,23,1,0,0,0,0,20.0
00-0036613,Jaylen Waddle,WR,MIA,IND,1,7.0,3.0,0,0,0,5,4,30,0,0,0,0,0,45.0
00-0036613,Jaylen Waddle,WR,MIA,NE,2,17.8,12.8,0,0,0,6,5,68,1,0,0,0,0,12.0
00-0036613,Jaylen Waddle,WR,MIA,BUF,3,14.9,9.9,0,0,0,6,5,39,1,0,0,0,0,19.0
00-0036613,Jaylen Waddle,WR,MIA,NYJ,4,7.8,4.8,0,0,0,6,3,48,0,0,0,0,0,42.0
00-0036613,Jaylen Waddle,WR,MIA,CAR,5,23.0,17.0,0,0,0,9,6,110,1,0,0,0,0,8.0
00-0036613,Jaylen Waddle,WR,MIA,LAC,6,15.82,9.82,0,0,0,8,6,95,0,1,8,0,0,16.0
00-0036613,Jaylen Waddle,WR,MIA,CLE,7,2.5,1.5,0,0,0,4,1,15,0,0,0,0,0,66.0
00-0036613,Jaylen Waddle,WR,MIA,ATL,8,20.9,15.9,0,0,0,6,5,99,1,0,0,0,0,5.0
00-0036613,Jaylen Waddle,WR,MIA,BAL,9,14.2,8.2,0,0,0,9,6,82,0,0,0,0,0,25.0
00-0036613,Jaylen Waddle,WR,MIA,BUF,10,19.4,14.4,0,0,0,7,5,84,1,0,0,0,0,13.0
00-0036613,Jaylen Waddle,WR,MIA,WAS,11,8.2,5.2,0,0,0,7,3,52,0,0,0,0,0,37.0
00-0036613,Jaylen Waddle,WR,MIA,NO,13,7.0,4.0,0,0,0,6,3,40,0,0,0,0,0,43.0
00-0036613,Jaylen Waddle,WR,MIA,NYJ,14,18.1,13.1,1,21,0,7,5,50,1,0,0,0,0,9.0
00-0036613,Jaylen Waddle,WR,MIA,PIT,15,4.6,2.6,0,0,0,4,2,26,0,0,0,0,0,60.0
00-0036613,Jaylen Waddle,WR,MIA,CIN,16,12.2,7.2,0,0,0,9,5,72,0,0,0,0,0,27.0
00-0036613,Jaylen Waddle,WR,MIA,TB,17,0.7,0.7,1,7,0,1,0,0,0,0,0,0,0,76.0
00-0037228,Jaylen Warren,RB,PIT,NYJ,1,13.9,11.9,11,37,0,2,2,22,1,0,0,0,0,18.0
00-0037228,Jaylen Warren,RB,PIT,SEA,2,17.4,13.4,14,48,0,4,4,86,0,0,0,0,0,12.0
00-0037228,Jaylen Warren,RB,PIT,NE,3,13.1,8.1,18,47,0,6,5,34,0,0,0,0,0,18.0
00-0037228,Jaylen Warren,RB,PIT,CLE,6,8.3,6.3,11,52,0,2,2,11,0,0,0,0,0,28.0
00-0037228,Jaylen Warren,RB,PIT,CIN,7,19.8,15.8,16,127,0,5,4,31,0,0,0,0,0,7.0
00-0037228,Jaylen Warren,RB,PIT,GB,8,9.3,7.3,13,62,0,3,2,11,0,0,0,0,0,26.0
00-0037228,Jaylen Warren,RB,PIT,IND,9,16.9,14.9,16,31,2,2,2,-2,0,0,0,0,0,9.0
00-0037228,Jaylen Warren,RB,PIT,LAC,10,11.1,9.1,14,70,0,2,2,21,0,0,0,0,0,22.0
00-0037228,Jaylen Warren,RB,PIT,CIN,11,8.7,6.7,10,62,0,2,2,5,0,0,0,0,0,31.0
00-0037228,Jaylen Warren,RB,PIT,CHI,12,12.8,12.8,18,68,1,0,0,0,0,0,0,0,0,18.0
00-0037228,Jaylen Warren,RB,PIT,BUF,13,12.4,10.4,10,35,1,4,2,9,0,0,0,0,0,23.0
00-0037228,Jaylen Warren,RB,PIT,BAL,14,15.2,12.2,8,13,0,3,3,49,1,0,0,0,0,15.0
00-0037228,Jaylen Warren,RB,PIT,MIA,15,7.8,4.8,12,33,0,3,3,15,0,0,0,0,0,32.0
00-0037228,Jaylen Warren,RB,PIT,DET,16,29.1,27.1,14,143,2,2,2,8,0,0,0,0,0,5.0
00-0037228,Jaylen Warren,RB,PIT,CLE,17,6.4,6.4,12,64,0,0,0,0,0,0,0,0,0,34.0
00-0037228,Jaylen Warren,RB,PIT,BAL,18,14.9,9.9,14,66,0,5,5,33,0,0,0,0,0,12.0
00-0040138,Jaylin Noel,WR,HOU,LA,1,1.7,0.7,0,0,0,2,1,7,0,0,0,0,0,74.0
00-0040138,Jaylin Noel,WR,HOU,TB,2,0.0,0.0,0,0,0,0,0,0,0,0,0,0,0,89.0
00-0040138,Jaylin Noel,WR,HOU,JAX,3,1.4,0.4,0,0,0,1,1,4,0,0,0,0,0,79.0
00-0040138,Jaylin Noel,WR,HOU,TEN,4,1.0,0.0,1,2,0,1,1,-2,0,0,0,0,0,81.0
00-0040138,Jaylin Noel,WR,HOU,BAL,5,9.8,7.8,1,5,0,3,2,13,1,0,0,0,0,42.0
00-0040138,Jaylin Noel,WR,HOU,SEA,7,11.7,7.7,0,0,0,7,4,77,0,0,0,0,0,28.0
00-0040138,Jaylin Noel,WR,HOU,SF,8,11.3,6.3,0,0,0,6,5,63,0,0,0,0,0,31.0
00-0040138,Jaylin Noel,WR,HOU,DEN,9,-0.3,-0.3,1,-3,0,0,0,0,0,0,0,0,0,78.0
00-0040138,Jaylin Noel,WR,HOU,JAX,10,7.5,3.5,0,0,0,4,4,35,0,0,0,0,0,40.0
00-0040138,Jaylin Noel,WR,HOU,TEN,11,2.2,1.2,0,0,0,1,1,12,0,0,0,0,0,65.0
00-0040138,Jaylin Noel,WR,HOU,BUF,12,1.9,0.9,1,5,0,2,1,4,0,0,0,0,0,63.0
00-0040138,Jaylin Noel,WR,HOU,IND,13,0.0,0.0,0,0,0,1,0,0,0,0,0,0,0,83.0
00-0040138,Jaylin Noel,WR,HOU,KC,14,3.3,1.3,1,1,0,2,2,12,0,0,0,0,0,63.0
00-0040138,Jaylin Noel,WR,HOU,ARI,15,0.0,0.0,0,0,0,0,0,0,0,0,0,0,0,78.0
00-0040138,Jaylin Noel,WR,HOU,LV,16,0.0,0.0,0,0,0,0,0,0,0,0,0,0,0,85.0
00-0040138,Jaylin Noel,WR,HOU,LAC,17,14.6,11.6,1,2,0,4,3,54,1,0,0,0,0,16.0
00-0040138,Jaylin Noel,WR,HOU,IND,18,2.3,1.3,0,0,0,1,1,13,0,0,0,0,0,56.0
00-0033955,Jeremy McNichols,RB,WAS,NYG,1,2.5,2.5,4,25,0,0,0,0,0,0,0,0,0,45.0
00-0033955,Jeremy McNichols,RB,WAS,LV,3,13.8,13.8,4,78,1,0,0,0,0,0,0,0,0,17.0
00-0033955,Jeremy McNichols,RB,WAS,ATL,4,1.3,0.3,2,3,0,2,1,0,0,0,0,0,0,50.0
00-0033955,Jeremy McNichols,RB,WAS,LAC,5,2.8,1.8,1,6,0,2,1,12,0,0,0,0,0,41.0
00-0033955,Jeremy McNichols,RB,WAS,CHI,6,6.5,3.5,2,5,0,4,3,30,0,0,0,0,0,32.0
00-0033955,Jeremy McNichols,RB,WAS,DAL,7,6.5,4.5,2,22,0,3,2,23,0,0,0,0,0,34.0
00-0033955,Jeremy McNichols,RB,WAS,KC,8,11.8,6.8,1,4,0,6,5,64,0,0,0,0,0,19.0
00-0033955,Jeremy McNichols,RB,WAS,SEA,9,0.0,0.0,1,0,0,0,0,0,0,0,0,0,0,49.0
00-0033955,Jeremy McNichols,RB,WAS,DET,10,3.9,2.9,5,25,0,1,1,4,0,0,0,0,0,42.0
00-0033955,Jeremy McNichols,RB,WAS,MIA,11,4.9,2.9,4,13,0,2,2,16,0,0,0,0,0,41.0
00-0033955,Jeremy McNichols,RB,WAS,DEN,13,5.0,3.0,6,30,0,2,2,0,0,0,0,0,0,50.0
00-0033955,Jeremy McNichols,RB,WAS,MIN,14,1.2,0.2,0,0,0,1,1,2,0,0,0,0,0,47.0
00-0033955,Jeremy McNichols,RB,WAS,NYG,15,1.2,0.2,9,6,0,1,1,16,0,0,0,0,0,54.0
00-0033955,Jeremy McNichols,RB,WAS,PHI,16,5.2,3.2,1,3,0,3,2,9,0,0,0,0,0,45.0
00-0033955,Jeremy McNichols,RB,WAS,DAL,17,4.0,1.0,1,-2,0,3,3,12,0,0,0,0,0,39.0
00-0033955,Jeremy McNichols,RB,WAS,PHI,18,2.1,1.1,1,3,0,1,1,8,0,0,0,0,0,43.0
00-0036407,Jerry Jeudy,WR,CLE,CIN,1,11.6,6.6,0,0,0,8,5,66,0,0,0,0,0,30.0
00-0036407,Jerry Jeudy,WR,CLE,BAL,2,9.1,5.1,0,0,0,8,4,51,0,0,0,0,0,46.0
00-0036407,Jerry Jeudy,WR,CLE,GB,3,2.7,1.7,0,0,0,5,1,17,0,0,0,0,0,71.0
00-0036407,Jerry Jeudy,WR,CLE,DET,4,7.8,4.8,0,0,0,9,3,48,0,0,0,0,0,42.0
00-0036407,Jerry Jeudy,WR,CLE,MIN,5,3.5,1.5,0,0,0,5,2,15,0,0,0,0,0,64.0
00-0036407,Jerry Jeudy,WR,CLE,PIT,6,9.3,4.3,0,0,0,13,5,43,0,0,0,0,0,29.0
00-0036407,Jerry Jeudy,WR,CLE,MIA,7,3.7,1.7,0,0,0,4,2,17,0,0,0,0,0,61.0
00-0036407,Jerry Jeudy,WR,CLE,NE,8,0.0,0.0,0,0,0,2,0,0,0,0,0,0,0,65.0
00-0036407,Jerry Jeudy,WR,CLE,NYJ,10,19.8,13.8,0,0,0,12,6,78,1,0,0,0,0,11.0
00-0036407,Jerry Jeudy,WR,CLE,BAL,11,5.1,2.1,0,0,0,7,3,21,0,0,0,0,0,55.0
00-0036407,Jerry Jeudy,WR,CLE,LV,12,2.9,1.9,0,0,0,3,1,39,0,0,0,0,0,58.0
00-0036407,Jerry Jeudy,WR,CLE,SF,13,5.6,2.6,0,0,0,4,3,26,0,0,0,0,0,54.0
00-0036407,Jerry Jeudy,WR,CLE,TEN,14,16.6,13.6,0,0,0,5,3,76,1,0,0,0,0,14.0
00-0036407,Jerry Jeudy,WR,CLE,CHI,15,4.2,2.2,0,0,0,4,2,22,0,0,0,0,0,62.0
00-0036407,Jerry Jeudy,WR,CLE,BUF,16,4.2,1.2,0,0,0,4,3,12,0,0,0,0,0,66.0
00-0036407,Jerry Jeudy,WR,CLE,PIT,17,10.4,5.4,0,0,0,7,5,54,0,0,0,0,0,28.0
00-0036407,Jerry Jeudy,WR,CLE,CIN,18,4.2,2.2,1,5,0,6,2,17,0,0,0,0,0,47.0
00-0036442,Joe Burrow,QB,CIN,CLE,1,8.82,8.82,2,3,0,0,0,0,0,23,113,1,0,24.0
00-0036442,Joe Burrow,QB,CIN,JAX,2,7.04,7.04,0,0,0,0,0,0,0,13,76,1,0,28.0
00-0036442,Joe Burrow,QB,CIN,BAL,13,19.24,19.24,3,8,0,0,0,0,0,46,261,2,0,11.0
00-0036442,Joe Burrow,QB,CIN,BUF,14,23.36,23.36,0,0,0,0,0,0,0,36,284,4,2,3.0
00-0036442,Joe Burrow,QB,CIN,BAL,15,5.5,5.5,2,5,0,0,0,0,0,39,225,0,2,28.0
00-0036442,Joe Burrow,QB,CIN,MIA,16,28.96,28.96,2,6,0,0,0,0,0,32,309,4,0,5.0
00-0036442,Joe Burrow,QB,CIN,ARI,17,20.4,20.4,3,2,0,0,0,0,0,31,305,2,0,9.0
00-0036442,Joe Burrow,QB,CIN,CLE,18,21.14,21.14,2,17,0,0,0,0,0,39,236,3,1,4.0
00-0026158,Joe Flacco,QB,CLE,CIN,1,12.2,12.2,2,6,0,0,0,0,0,45,290,1,2,20.0
00-0026158,Joe Flacco,QB,CLE,BAL,2,8.76,8.76,1,8,0,0,0,0,0,45,199,1,1,26.0
00-0026158,Joe Flacco,QB,CLE,GB,3,3.68,3.68,0,0,0,0,0,0,0,36,142,0,1,30.0
00-0026158,Joe Flacco,QB,CLE,DET,4,1.26,1.26,3,-1,0,0,0,0,0,34,184,0,2,31.0
00-0026158,Joe Flacco,QB,CIN,GB,6,18.76,18.76,0,0,0,0,0,0,0,45,219,2,0,14.0
00-0026158,Joe Flacco,QB,CIN,PIT,7,25.98,25.98,5,3,0,0,0,0,0,47,342,3,0,6.0
00-0026158,Joe Flacco,QB,CIN,NYJ,8,24.32,24.32,2,14,1,0,0,0,0,34,223,2,0,5.0
00-0026158,Joe Flacco,QB,CIN,CHI,9,30.7,30.7,1,-1,0,0,0,0,0,47,470,4,2,2.0
00-0026158,Joe Flacco,QB,CIN,PIT,11,9.86,9.86,1,-1,0,0,0,0,0,40,199,1,1,21.0
00-0026158,Joe Flacco,QB,CIN,NE,12,9.62,9.62,1,3,0,0,0,0,0,37,183,1,1,18.0
00-0026158,Joe Flacco,QB,CIN,MIA,16,0.16,0.16,0,0,0,0,0,0,0,1,4,0,0,28.0
00-0026158,Joe Flacco,QB,CIN,ARI,17,1.16,1.16,4,2,0,0,0,0,0,5,24,0,0,25.0
00-0026158,Joe Flacco,QB,CIN,CLE,18,0.2,0.2,1,2,0,0,0,0,0,0,0,0,0,24.0
00-0037614,John Metchie III,WR,PHI,DAL,1,0.0,0.0,0,0,0,0,0,0,0,0,0,0,0,80.0
00-0037614,John Metchie III,WR,PHI,KC,2,1.0,0.0,0,0,0,1,1,0,0,0,0,0,0,87.0
00-0037614,John Metchie III,WR,PHI,LA,3,1.8,0.8,0,0,0,1,1,8,0,0,0,0,0,75.0
00-0037614,John Metchie III,WR,PHI,TB,4,3.0,1.0,0,0,0,2,2,10,0,0,0,0,0,70.0
00-0037614,John Metchie III,WR,NYJ,CLE,10,0.6,-0.4,1,-7,0,1,1,3,0,0,0,0,0,69.0
00-0037614,John Metchie III,WR,NYJ,NE,11,13.5,10.5,0,0,0,3,3,45,1,0,0,0,0,17.0
00-0037614,John Metchie III,WR,NYJ,BAL,12,18.5,12.5,0,0,0,7,6,65,1,0,0,0,0,11.0
00-0037614,John Metchie III,WR,NYJ,ATL,13,5.7,1.7,1,-2,0,8,4,19,0,0,0,0,0,53.0
00-0037614,John Metchie III,WR,NYJ,MIA,14,7.4,3.4,0,0,0,8,4,34,0,0,0,0,0,37.0
00-0037614,John Metchie III,WR,NYJ,JAX,15,6.9,2.9,1,4,0,5,4,25,0,0,0,0,0,48.0
00-0037614,John Metchie III,WR,NYJ,NO,16,1.4,0.4,0,0,0,5,1,4,0,0,0,0,0,81.0
00-0037614,John Metchie III,WR,NYJ,NE,17,7.1,4.1,0,0,0,3,3,41,0,0,0,0,0,43.0
00-0037614,John Metchie III,WR,NYJ,BUF,18,5.0,2.0,0,0,0,4,3,20,0,0,0,0,0,41.0
00-0036223,Jonathan Taylor,RB,IND,MIA,1,12.8,9.8,18,71,0,3,3,27,0,0,0,0,0,22.0
00-0036223,Jonathan Taylor,RB,IND,DEN,2,29.5,27.5,25,165,0,2,2,50,1,0,0,0,0,1.0
00-0036223,Jonathan Taylor,RB,IND,TEN,3,32.8,29.8,17,102,3,4,3,16,0,0,0,0,0,1.0
00-0036223,Jonathan Taylor,RB,IND,LA,4,14.6,9.6,17,76,0,5,5,20,0,0,0,0,0,20.0
00-0036223,Jonathan Taylor,RB,IND,LV,5,31.6,28.6,17,66,3,4,3,20,0,0,0,0,0,2.0
00-0036223,Jonathan Taylor,RB,IND,ARI,6,23.7,19.7,21,123,1,4,4,14,0,0,0,0,0,8.0
00-0036223,Jonathan Taylor,RB,IND,LAC,7,34.2,31.2,16,94,3,3,3,38,0,0,0,0,0,3.0
00-0036223,Jonathan Taylor,RB,IND,TEN,8,37.4,35.4,12,153,2,2,2,21,1,0,0,0,0,1.0
00-0036223,Jonathan Taylor,RB,IND,PIT,9,7.7,5.7,14,45,0,2,2,12,0,0,0,0,0,26.0
00-0036223,Jonathan Taylor,RB,IND,ATL,10,49.6,46.6,32,244,3,3,3,42,0,0,0,0,0,1.0
00-0036223,Jonathan Taylor,RB,IND,KC,12,8.6,6.6,16,58,0,3,2,8,0,0,0,0,0,28.0
00-0036223,Jonathan Taylor,RB,IND,HOU,13,15.1,12.1,21,85,0,5,3,36,0,0,0,0,0,18.0
00-0036223,Jonathan Taylor,RB,IND,JAX,14,11.4,11.4,21,74,1,0,0,0,0,0,0,0,0,19.0
00-0036223,Jonathan Taylor,RB,IND,SEA,15,13.1,10.1,25,87,0,4,3,14,0,0,0,0,0,19.0
00-0036223,Jonathan Taylor,RB,IND,SF,16,16.9,13.9,16,46,1,3,3,33,0,0,0,0,0,17.0
00-0036223,Jonathan Taylor,RB,IND,JAX,17,17.4,14.4,21,70,1,6,3,14,0,0,0,0,0,12.0
00-0036223,Jonathan Taylor,RB,IND,HOU,18,5.9,3.9,14,26,0,2,2,13,0,0,0,0,0,33.0
00-0033858,Jonnu Smith,TE,PIT,NYJ,1,12.5,7.5,0,0,0,6,5,15,1,0,0,0,0,10.0
00-0033858,Jonnu Smith,TE,PIT,SEA,2,6.7,2.7,0,0,0,4,4,27,0,0,0,0,0,19.0
00-0033858,Jonnu Smith,TE,PIT,NE,3,5.3,2.3,0,0,0,3,3,23,0,0,0,0,0,26.0
00-0033858,Jonnu Smith,TE,PIT,MIN,4,2.6,0.6,0,0,0,3,2,6,0,0,0,0,0,33.0
00-0033858,Jonnu Smith,TE,PIT,CLE,6,5.8,2.8,1,10,0,4,3,18,0,0,0,0,0,24.0
00-0033858,Jonnu Smith,TE,PIT,CIN,7,11.8,8.8,0,0,0,6,3,28,1,0,0,0,0,15.0
00-0033858,Jonnu Smith,TE,PIT,GB,8,3.7,1.7,0,0,0,3,2,17,0,0,0,0,0,26.0
00-0033858,Jonnu Smith,TE,PIT,IND,9,5.5,2.5,0,0,0,5,3,25,0,0,0,0,0,28.0
00-0033858,Jonnu Smith,TE,PIT,LAC,10,1.4,0.4,0,0,0,2,1,4,0,0,0,0,0,33.0
00-0033858,Jonnu Smith,TE,PIT,CIN,11,0.0,0.0,0,0,0,2,0,0,0,0,0,0,0,35.0
00-0033858,Jonnu Smith,TE,PIT,CHI,12,5.8,2.8,2,7,0,3,3,21,0,0,0,0,0,21.0
00-0033858,Jonnu Smith,TE,PIT,BUF,13,1.6,0.6,0,0,0,2,1,6,0,0,0,0,0,35.0
00-0033858,Jonnu Smith,TE,PIT,BAL,14,0.0,0.0,0,0,0,1,0,0,0,0,0,0,0,36.0
00-0033858,Jonnu Smith,TE,PIT,MIA,15,10.6,8.6,1,14,1,2,2,12,0,0,0,0,0,13.0
00-0033858,Jonnu Smith,TE,PIT,DET,16,2.8,2.8,2,28,0,1,0,0,0,0,0,0,0,28.0
00-0033858,Jonnu Smith,TE,PIT,CLE,17,7.7,2.7,2,9,0,5,5,18,0,0,0,0,0,19.0
00-0033858,Jonnu Smith,TE,PIT,BAL,18,1.4,0.4,1,2,0,2,1,2,0,0,0,0,0,30.0
00-0038994,Jordan Addison,WR,MIN,PIT,4,15.4,11.4,0,0,0,8,4,114,0,0,0,0,0,20.0
00-0038994,Jordan Addison,WR,MIN,CLE,5,15.1,10.1,0,0,0,6,5,41,1,0,0,0,0,18.0
00-0038994,Jordan Addison,WR,MIN,PHI,7,21.8,12.8,0,0,0,12,9,128,0,0,0,0,0,11.0
00-0038994,Jordan Addison,WR,MIN,LAC,8,11.6,8.6,0,0,0,4,3,26,1,0,0,0,0,29.0
00-0038994,Jordan Addison,WR,MIN,DET,9,8.4,6.4,1,16,0,4,2,48,0,0,0,0,0,44.0
00-0038994,Jordan Addison,WR,MIN,BAL,10,6.5,3.5,0,0,0,11,3,35,0,0,0,0,0,44.0
00-0038994,Jordan Addison,WR,MIN,CHI,11,10.0,8.0,0,0,0,7,2,20,1,0,0,0,0,28.0
00-0038994,Jordan Addison,WR,MIN,GB,12,0.0,0.0,0,0,0,1,0,0,0,0,0,0,0,69.0
00-0038994,Jordan Addison,WR,MIN,SEA,13,8.6,3.6,0,0,0,10,5,36,0,0,0,0,0,38.0
00-0038994,Jordan Addison,WR,MIN,WAS,14,10.2,6.2,0,0,0,7,4,62,0,0,0,0,0,27.0
00-0038994,Jordan Addison,WR,MIN,DAL,15,8.6,6.6,0,0,0,2,2,66,0,0,0,0,0,38.0
00-0038994,Jordan Addison,WR,MIN,NYG,16,4.6,2.6,0,0,0,3,2,26,0,0,0,0,0,63.0
00-0038994,Jordan Addison,WR,MIN,DET,17,12.5,12.5,1,65,1,1,0,0,0,0,0,0,0,21.0
00-0038994,Jordan Addison,WR,MIN,GB,18,1.8,0.8,0,0,0,3,1,8,0,0,0,0,0,59.0
00-0036264,Jordan Love,QB,GB,DET,1,15.92,15.92,3,4,0,0,0,0,0,22,188,2,0,17.0
00-0036264,Jordan Love,QB,GB,WAS,2,20.88,20.88,3,12,0,0,0,0,0,31,292,2,0,10.0
00-0036264,Jordan Love,QB,GB,CLE,3,11.12,11.12,4,18,0,0,0,0,0,25,183,1,1,26.0
00-0036264,Jordan Love,QB,GB,DAL,4,26.28,26.28,3,28,0,0,0,0,0,43,337,3,0,5.0
00-0036264,Jordan Love,QB,GB,CIN,6,14.96,14.96,7,26,0,0,0,0,0,26,259,1,1,19.0
00-0036264,Jordan Love,QB,GB,ARI,7,13.36,13.36,4,22,0,0,0,0,0,29,179,1,0,16.0
00-0036264,Jordan Love,QB,GB,PIT,8,28.3,28.3,1,-1,0,0,0,0,0,37,360,3,0,1.0
00-0036264,Jordan Love,QB,GB,CAR,9,9.02,9.02,1,1,0,0,0,0,0,37,273,0,1,24.0
00-0036264,Jordan Love,QB,GB,PHI,10,7.84,7.84,5,28,0,0,0,0,0,36,176,0,0,22.0
00-0036264,Jordan Love,QB,GB,NYG,11,17.66,17.66,2,7,0,0,0,0,0,24,174,2,0,7.0
00-0036264,Jordan Love,QB,GB,MIN,12,7.06,7.06,3,15,0,0,0,0,0,21,139,0,0,24.0
00-0036264,Jordan Love,QB,GB,DET,13,25.76,25.76,5,4,0,0,0,0,0,30,234,4,0,2.0
00-0036264,Jordan Love,QB,GB,CHI,14,19.26,19.26,1,-1,0,0,0,0,0,25,234,3,1,11.0
00-0036264,Jordan Love,QB,GB,DEN,15,13.94,13.94,3,29,0,0,0,0,0,40,276,1,2,23.0
00-0036264,Jordan Love,QB,GB,CHI,16,3.78,3.78,2,7,0,0,0,0,0,13,77,0,0,26.0
00-0037525,Jordan Mason,RB,MIN,CHI,1,8.5,7.5,15,68,0,1,1,7,0,0,0,0,0,27.0
00-0037525,Jordan Mason,RB,MIN,ATL,2,5.8,3.8,9,30,0,3,2,8,0,0,0,0,0,36.0
00-0037525,Jordan Mason,RB,MIN,CIN,3,23.6,23.6,16,116,2,0,0,0,0,0,0,0,0,7.0
00-0037525,Jordan Mason,RB,MIN,PIT,4,10.2,7.2,16,57,0,3,3,15,0,0,0,0,0,32.0
00-0037525,Jordan Mason,RB,MIN,CLE,5,12.6,9.6,13,52,1,4,3,4,0,0,0,0,0,22.0
00-0037525,Jordan Mason,RB,MIN,PHI,7,11.7,11.7,15,57,1,0,0,0,0,0,0,0,0,20.0
00-0037525,Jordan Mason,RB,MIN,LAC,8,1.6,0.6,4,3,0,1,1,3,0,0,0,0,0,45.0
00-0037525,Jordan Mason,RB,MIN,DET,9,4.7,3.7,10,36,0,1,1,1,0,0,0,0,0,37.0
00-0037525,Jordan Mason,RB,MIN,BAL,10,4.1,3.1,4,25,0,1,1,6,0,0,0,0,0,41.0
00-0037525,Jordan Mason,RB,MIN,CHI,11,10.5,10.5,6,45,1,0,0,0,0,0,0,0,0,24.0
00-0037525,Jordan Mason,RB,MIN,GB,12,4.2,4.2,8,42,0,0,0,0,0,0,0,0,0,43.0
00-0037525,Jordan Mason,RB,MIN,SEA,13,5.8,4.8,6,47,0,1,1,1,0,0,0,0,0,43.0
00-0037525,Jordan Mason,RB,MIN,WAS,14,11.2,11.2,11,52,1,0,0,0,0,0,0,0,0,23.0
00-0037525,Jordan Mason,RB,MIN,DAL,15,2.9,2.9,10,29,0,0,0,0,0,0,0,0,0,47.0
00-0037525,Jordan Mason,RB,MIN,NYG,16,2.1,1.1,2,5,0,1,1,6,0,0,0,0,0,50.0
00-0037525,Jordan Mason,RB,MIN,GB,18,9.4,9.4,14,94,0,0,0,0,0,0,0,0,0,21.0
00-0034857,Josh Allen,QB,BUF,BAL,1,38.76,38.76,14,30,2,0,0,0,0,46,394,2,0,1.0
00-0034857,Josh Allen,QB,BUF,NYJ,2,11.82,11.82,6,59,0,0,0,0,0,25,148,0,0,22.0
00-0034857,Josh Allen,QB,BUF,MIA,3,23.02,23.02,4,25,0,0,0,0,0,28,213,3,0,5.0
00-0034857,Josh Allen,QB,BUF,NO,4,24.86,24.86,7,45,1,0,0,0,0,22,209,2,1,7.0
00-0034857,Josh Allen,QB,BUF,NE,5,19.42,19.42,9,53,0,0,0,0,0,31,253,2,1,13.0
00-0034857,Josh Allen,QB,BUF,ATL,6,15.4,15.4,6,42,0,0,0,0,0,26,180,2,2,18.0
00-0034857,Josh Allen,QB,BUF,CAR,8,23.22,23.22,3,7,2,0,0,0,0,19,163,1,0,8.0
00-0034857,Josh Allen,QB,BUF,KC,9,28.82,28.82,6,19,2,0,0,0,0,26,273,1,0,3.0
00-0034857,Josh Allen,QB,BUF,MIA,10,19.34,19.34,4,31,0,0,0,0,0,40,306,2,1,10.0
00-0034857,Josh Allen,QB,BUF,TB,11,42.68,42.68,6,40,3,0,0,0,0,30,317,3,2,1.0
00-0034857,Josh Allen,QB,BUF,HOU,12,8.12,8.12,5,20,0,0,0,0,0,34,253,0,2,20.0
00-0034857,Josh Allen,QB,BUF,PIT,13,16.72,16.72,8,38,1,0,0,0,0,23,123,1,1,14.0
00-0034857,Josh Allen,QB,BUF,CIN,14,37.84,37.84,9,78,1,0,0,0,0,28,251,3,0,1.0
00-0034857,Josh Allen,QB,BUF,NE,15,24.52,24.52,11,48,0,0,0,0,0,28,193,3,0,6.0
00-0034857,Josh Allen,QB,BUF,CLE,16,6.9,6.9,7,17,0,0,0,0,0,19,130,0,0,24.0
00-0034857,Josh Allen,QB,BUF,PHI,17,23.18,23.18,7,27,2,0,0,0,0,35,262,0,0,4.0
00-0038997,Josh Downs,WR,IND,MIA,1,3.2,1.2,0,0,0,3,2,12,0,0,0,0,0,70.0
00-0038997,Josh Downs,WR,IND,DEN,2,11.1,5.1,0,0,0,8,6,51,0,0,0,0,0,33.0
00-0038997,Josh Downs,WR,IND,TEN,3,5.4,3.4,0,0,0,3,2,34,0,0,0,0,0,56.0
00-0038997,Josh Downs,WR,IND,LA,4,6.4,2.4,0,0,0,5,4,24,0,0,0,0,0,51.0
00-0038997,Josh Downs,WR,IND,LV,5,11.4,5.4,0,0,0,8,6,54,0,0,0,0,0,33.0
00-0038997,Josh Downs,WR,IND,ARI,6,16.2,10.2,0,0,0,7,6,42,1,0,0,0,0,14.0
00-0038997,Josh Downs,WR,IND,TEN,8,12.9,9.9,0,0,0,3,3,39,1,0,0,0,0,25.0
00-0038997,Josh Downs,WR,IND,PIT,9,17.7,11.7,0,0,0,9,6,57,1,0,0,0,0,15.0
00-0038997,Josh Downs,WR,IND,ATL,10,1.3,0.3,0,0,0,2,1,3,0,0,0,0,0,68.0
00-0038997,Josh Downs,WR,IND,KC,12,3.0,1.0,0,0,0,6,2,10,0,0,0,0,0,57.0
00-0038997,Josh Downs,WR,IND,HOU,13,6.4,4.4,0,0,0,6,2,44,0,0,0,0,0,47.0
00-0038997,Josh Downs,WR,IND,JAX,14,6.3,2.3,0,0,0,5,4,23,0,0,0,0,0,46.0
00-0038997,Josh Downs,WR,IND,SEA,15,10.3,7.3,0,0,0,5,3,13,1,0,0,0,0,35.0
00-0038997,Josh Downs,WR,IND,SF,16,11.8,6.8,1,3,0,9,5,65,0,0,0,0,0,29.0
00-0038997,Josh Downs,WR,IND,JAX,17,5.4,3.4,0,0,0,5,2,34,0,0,0,0,0,49.0
00-0038997,Josh Downs,WR,IND,HOU,18,9.6,5.6,1,-5,0,4,4,61,0,0,0,0,0,22.0
00-0035700,Josh Jacobs,RB,GB,DET,1,14.0,13.0,19,66,1,1,1,4,0,0,0,0,0,17.0
00-0035700,Josh Jacobs,RB,GB,WAS,2,14.4,14.4,23,84,1,0,0,0,0,0,0,0,0,21.0
00-0035700,Josh Jacobs,RB,GB,CLE,3,12.4,7.4,16,30,0,9,5,44,0,0,0,0,0,19.0
00-0035700,Josh Jacobs,RB,GB,DAL,4,31.7,27.7,22,86,2,4,4,71,0,0,0,0,0,2.0
00-0035700,Josh Jacobs,RB,GB,CIN,6,32.0,27.0,18,93,2,5,5,57,0,0,0,0,0,3.0
00-0035700,Josh Jacobs,RB,GB,ARI,7,18.8,17.8,13,55,2,1,1,3,0,0,0,0,0,9.0
00-0035700,Josh Jacobs,RB,GB,PIT,8,13.5,10.5,13,33,1,3,3,12,0,0,0,0,0,18.0
00-0035700,Josh Jacobs,RB,GB,CAR,9,20.0,16.0,17,87,1,5,4,13,0,0,0,0,0,4.0
00-0035700,Josh Jacobs,RB,GB,PHI,10,19.7,14.7,21,74,1,6,5,33,0,0,0,0,0,6.0
00-0035700,Josh Jacobs,RB,GB,NYG,11,4.0,4.0,7,40,0,1,0,0,0,0,0,0,0,44.0
00-0035700,Josh Jacobs,RB,GB,DET,13,10.1,9.1,17,83,0,1,1,8,0,0,0,0,0,32.0
00-0035700,Josh Jacobs,RB,GB,CHI,14,17.2,15.2,20,86,1,2,2,6,0,0,0,0,0,10.0
00-0035700,Josh Jacobs,RB,GB,DEN,15,23.2,21.2,12,73,1,3,2,19,1,0,0,0,0,6.0
00-0035700,Josh Jacobs,RB,GB,CHI,16,4.8,2.8,12,36,0,2,2,12,0,0,0,0,0,47.0
00-0035700,Josh Jacobs,RB,GB,BAL,17,1.3,0.3,4,3,0,1,1,0,0,0,0,0,0,50.0
00-0033857,JuJu Smith-Schuster,WR,KC,LAC,1,10.5,5.5,0,0,0,5,5,55,0,0,0,0,0,34.0
00-0033857,JuJu Smith-Schuster,WR,KC,PHI,2,1.5,0.5,0,0,0,3,1,5,0,0,0,0,0,84.0
00-0033857,JuJu Smith-Schuster,WR,KC,NYG,3,9.5,5.5,0,0,0,4,4,55,0,0,0,0,0,35.0
00-0033857,JuJu Smith-Schuster,WR,KC,BAL,4,13.6,9.6,0,0,0,6,4,36,1,0,0,0,0,23.0
00-0033857,JuJu Smith-Schuster,WR,KC,JAX,5,3.7,1.7,0,0,0,3,2,17,0,0,0,0,0,60.0
00-0033857,JuJu Smith-Schuster,WR,KC,DET,6,8.7,5.7,0,0,0,3,3,57,0,0,0,0,0,32.0
00-0033857,JuJu Smith-Schuster,WR,KC,LV,7,6.5,3.5,0,0,0,3,3,35,0,0,0,0,0,50.0
00-0033857,JuJu Smith-Schuster,WR,KC,WAS,8,4.9,2.9,0,0,0,2,2,29,0,0,0,0,0,51.0
00-0033857,JuJu Smith-Schuster,WR,KC,BUF,9,1.2,0.2,0,0,0,1,1,2,0,0,0,0,0,70.0
00-0033857,JuJu Smith-Schuster,WR,KC,DEN,11,0.0,0.0,0,0,0,0,0,0,0,0,0,0,0,78.0
00-0033857,JuJu Smith-Schuster,WR,KC,IND,12,1.8,0.8,0,0,0,2,1,8,0,0,0,0,0,64.0
00-0033857,JuJu Smith-Schuster,WR,KC,DAL,13,0.0,0.0,0,0,0,1,0,0,0,0,0,0,0,83.0
00-0033857,JuJu Smith-Schuster,WR,KC,HOU,14,1.5,0.5,0,0,0,2,1,5,0,0,0,0,0,69.0
00-0033857,JuJu Smith-Schuster,WR,KC,LAC,15,0.0,0.0,0,0,0,1,0,0,0,0,0,0,0,78.0
00-0033857,JuJu Smith-Schuster,WR,KC,TEN,16,2.2,1.2,0,0,0,4,1,12,0,0,0,0,0,74.0
00-0033857,JuJu Smith-Schuster,WR,KC,DEN,17,4.6,1.6,0,0,0,3,3,16,0,0,0,0,0,54.0
00-0033857,JuJu Smith-Schuster,WR,KC,LV,18,3.3,1.3,0,0,0,2,2,13,0,0,0,0,0,50.0
00-0034975,Justice Hill,RB,BAL,BUF,1,-0.1,-1.1,2,-14,0,2,1,3,0,0,0,0,0,58.0
00-0034975,Justice Hill,RB,BAL,CLE,2,5.5,2.5,3,7,0,3,3,18,0,0,0,0,0,38.0
00-0034975,Justice Hill,RB,BAL,DET,3,7.5,4.5,0,0,0,4,3,45,0,0,0,0,0,33.0
00-0034975,Justice Hill,RB,BAL,KC,4,28.7,23.7,3,76,1,6,5,41,1,0,0,0,0,4.0
00-0034975,Justice Hill,RB,BAL,HOU,5,2.2,1.2,1,3,0,2,1,9,0,0,0,0,0,43.0
00-0034975,Justice Hill,RB,BAL,LA,6,9.4,4.4,6,16,0,6,5,28,0,0,0,0,0,20.0
00-0034975,Justice Hill,RB,BAL,CHI,8,0.2,0.2,1,2,0,0,0,0,0,0,0,0,0,49.0
00-0034975,Justice Hill,RB,BAL,MIA,9,3.5,1.5,1,2,0,2,2,13,0,0,0,0,0,38.0
00-0034975,Justice Hill,RB,BAL,MIN,10,8.3,7.3,1,1,1,2,1,12,0,0,0,0,0,31.0
00-0034975,Justice Hill,RB,BAL,NYJ,12,0.0,0.0,0,0,0,0,0,0,0,0,0,0,0,51.0
00-0036945,Justin Fields,QB,NYJ,PIT,1,29.52,29.52,12,48,2,0,0,0,0,22,218,1,0,2.0
00-0036945,Justin Fields,QB,NYJ,BUF,2,3.98,3.98,5,49,0,0,0,0,0,11,27,0,0,31.0
00-0036945,Justin Fields,QB,NYJ,MIA,4,27.14,27.14,7,81,1,0,0,0,0,27,226,1,0,4.0
00-0036945,Justin Fields,QB,NYJ,DAL,5,25.92,25.92,7,26,0,0,0,0,0,46,283,2,0,7.0
00-0036945,Justin Fields,QB,NYJ,DEN,6,4.9,4.9,7,31,0,0,0,0,0,17,45,0,0,29.0
00-0036945,Justin Fields,QB,NYJ,CAR,7,4.04,4.04,4,22,0,0,0,0,0,12,46,0,0,28.0
00-0036945,Justin Fields,QB,NYJ,CIN,8,20.86,20.86,11,31,0,0,0,0,0,32,244,1,0,12.0
00-0036945,Justin Fields,QB,NYJ,CLE,10,6.96,6.96,7,28,0,0,0,0,0,11,54,1,1,23.0
00-0036945,Justin Fields,QB,NYJ,NE,11,19.34,19.34,11,67,1,1,0,0,0,26,116,1,0,5.0
00-0036355,Justin Herbert,QB,LAC,KC,1,27.92,27.92,7,32,0,0,0,0,0,34,318,3,0,5.0
00-0036355,Justin Herbert,QB,LAC,LV,2,18.78,18.78,9,31,0,0,0,0,0,27,242,2,0,15.0
00-0036355,Justin Herbert,QB,LAC,DEN,3,14.6,14.6,2,6,0,0,0,0,0,47,300,1,1,13.0
00-0036355,Justin Herbert,QB,LAC,NYG,4,12.52,12.52,1,24,0,0,0,0,0,41,203,1,2,23.0
00-0036355,Justin Herbert,QB,LAC,WAS,5,14.64,14.64,4,60,0,0,0,0,0,29,166,1,1,22.0
00-0036355,Justin Herbert,QB,LAC,MIA,6,18.76,18.76,1,2,0,0,0,0,0,38,264,2,0,13.0
00-0036355,Justin Herbert,QB,LAC,IND,7,27.9,27.9,6,31,0,0,0,0,0,55,420,3,2,3.0
00-0036355,Justin Herbert,QB,LAC,MIN,8,25.28,25.28,7,62,0,0,0,0,0,25,227,3,1,4.0
00-0036355,Justin Herbert,QB,LAC,TEN,9,27.7,27.7,9,57,1,0,0,0,0,29,250,2,1,4.0
00-0036355,Justin Herbert,QB,LAC,PIT,10,14.7,14.7,5,19,0,0,0,0,0,33,220,1,0,17.0
00-0036355,Justin Herbert,QB,LAC,JAX,11,3.34,3.34,3,21,0,0,0,0,0,18,81,0,1,28.0
00-0036355,Justin Herbert,QB,LAC,LV,13,12.84,12.84,3,8,0,0,0,0,0,20,151,2,1,21.0
00-0036355,Justin Herbert,QB,LAC,PHI,14,12.16,12.16,10,66,0,0,0,0,0,26,139,1,1,18.0
00-0036355,Justin Herbert,QB,LAC,KC,15,10.4,10.4,2,0,0,0,0,0,0,29,210,1,1,27.0
00-0036355,Justin Herbert,QB,LAC,DAL,16,30.2,30.2,8,42,1,0,0,0,0,29,300,2,0,4.0
00-0036355,Justin Herbert,QB,LAC,HOU,17,15.14,15.14,6,37,0,0,0,0,0,32,236,1,1,14.0
00-0036322,Justin Jefferson,WR,MIN,CHI,1,14.8,10.8,1,4,0,7,4,44,1,0,0,0,0,20.0
00-0036322,Justin Jefferson,WR,MIN,ATL,2,11.1,8.1,0,0,0,6,3,81,0,0,0,0,0,34.0
00-0036322,Justin Jefferson,WR,MIN,CIN,3,12.5,7.5,0,0,0,7,5,75,0,0,0,0,0,27.0
00-0036322,Justin Jefferson,WR,MIN,PIT,4,22.6,12.6,0,0,0,11,10,126,0,0,0,0,0,8.0
00-0036322,Justin Jefferson,WR,MIN,CLE,5,19.3,12.3,0,0,0,11,7,123,0,0,0,0,0,11.0
00-0036322,Justin Jefferson,WR,MIN,PHI,7,12.9,7.9,0,0,0,10,5,79,0,0,0,0,0,25.0
00-0036322,Justin Jefferson,WR,MIN,LAC,8,14.4,7.4,0,0,0,11,7,74,0,0,0,0,0,18.0
00-0036322,Justin Jefferson,WR,MIN,DET,9,16.7,10.7,0,0,0,9,6,47,1,0,0,0,0,19.0
00-0036322,Justin Jefferson,WR,MIN,BAL,10,7.7,3.7,0,0,0,12,4,37,0,0,0,0,0,39.0
00-0036322,Justin Jefferson,WR,MIN,CHI,11,11.1,6.1,0,0,0,9,5,61,0,0,0,0,0,25.0
00-0036322,Justin Jefferson,WR,MIN,GB,12,8.8,4.8,0,0,0,6,4,48,0,0,0,0,0,33.0
00-0036322,Justin Jefferson,WR,MIN,SEA,13,2.4,0.4,0,0,0,6,2,4,0,0,0,0,0,73.0
00-0036322,Justin Jefferson,WR,MIN,WAS,14,3.1,1.1,0,0,0,4,2,11,0,0,0,0,0,64.0
00-0036322,Justin Jefferson,WR,MIN,DAL,15,4.2,2.2,0,0,0,8,2,22,0,0,0,0,0,62.0
00-0036322,Justin Jefferson,WR,MIN,NYG,16,14.5,8.5,0,0,0,8,6,85,0,0,0,0,0,20.0
00-0036322,Justin Jefferson,WR,MIN,DET,17,7.0,3.0,0,0,0,5,4,30,0,0,0,0,0,44.0
00-0036322,Justin Jefferson,WR,MIN,GB,18,18.4,10.4,1,3,0,11,8,101,0,0,0,0,0,9.0
00-0036040,Juwan Johnson,TE,NO,ARI,1,15.6,7.6,0,0,0,11,8,76,0,0,0,0,0,1.0
00-0036040,Juwan Johnson,TE,NO,SF,2,15.9,10.9,0,0,0,9,5,49,1,0,0,0,0,4.0
00-0036040,Juwan Johnson,TE,NO,SEA,3,11.1,5.1,0,0,0,8,6,51,0,0,0,0,0,9.0
00-0036040,Juwan Johnson,TE,NO,BUF,4,5.8,2.8,0,0,0,3,3,28,0,0,0,0,0,25.0
00-0036040,Juwan Johnson,TE,NO,NYG,5,3.7,1.7,0,0,0,4,2,17,0,0,0,0,0,25.0
00-0036040,Juwan Johnson,TE,NO,NE,6,1.5,-0.5,0,0,0,2,2,15,0,0,0,0,0,34.0
00-0036040,Juwan Johnson,TE,NO,CHI,7,12.9,7.9,0,0,0,7,5,79,0,0,0,0,0,13.0
00-0036040,Juwan Johnson,TE,NO,TB,8,10.3,5.3,0,0,0,8,5,53,0,0,0,0,0,10.0
00-0036040,Juwan Johnson,TE,NO,LA,9,12.1,9.1,0,0,0,4,3,31,1,0,0,0,0,9.0
00-0036040,Juwan Johnson,TE,NO,CAR,10,19.2,15.2,0,0,0,4,4,92,1,0,0,0,0,3.0
00-0036040,Juwan Johnson,TE,NO,ATL,12,10.6,4.6,0,0,0,7,6,46,0,0,0,0,0,12.0
00-0036040,Juwan Johnson,TE,NO,MIA,13,8.9,3.9,0,0,0,9,5,39,0,0,0,0,0,16.0
00-0036040,Juwan Johnson,TE,NO,TB,14,7.8,3.8,0,0,0,4,4,38,0,0,0,0,0,15.0
00-0036040,Juwan Johnson,TE,NO,CAR,15,7.0,3.0,0,0,0,4,4,30,0,0,0,0,0,20.0
00-0036040,Juwan Johnson,TE,NO,NYJ,16,16.9,8.9,0,0,0,9,8,89,0,0,0,0,0,4.0
00-0036040,Juwan Johnson,TE,NO,TEN,17,13.5,9.5,0,0,0,4,4,95,0,0,0,0,0,8.0
00-0036040,Juwan Johnson,TE,NO,ATL,18,7.1,4.1,0,0,0,5,3,61,0,0,0,0,0,19.0
00-0037801,KaVontae Turpin,WR,DAL,PHI,1,4.7,2.7,2,9,0,2,2,18,0,0,0,0,0,56.0
00-0037801,KaVontae Turpin,WR,DAL,NYG,2,15.3,11.3,2,6,0,4,4,47,1,0,0,0,0,20.0
00-0037801,KaVontae Turpin,WR,DAL,CHI,3,8.8,6.8,1,4,0,3,2,64,0,0,0,0,0,38.0
00-0037801,KaVontae Turpin,WR,DAL,GB,4,6.4,3.4,1,4,0,4,3,30,0,0,0,0,0,51.0
00-0037801,KaVontae Turpin,WR,DAL,WAS,7,2.7,1.7,0,0,0,1,1,17,0,0,0,0,0,65.0
00-0037801,KaVontae Turpin,WR,DAL,DEN,8,0.8,-0.2,0,0,0,5,1,-2,0,0,0,0,0,64.0
00-0037801,KaVontae Turpin,WR,DAL,ARI,9,3.3,1.3,1,3,0,3,2,10,0,0,0,0,0,59.0
00-0037801,KaVontae Turpin,WR,DAL,LV,11,1.0,0.0,0,0,0,2,1,0,0,0,0,0,0,74.0
00-0037801,KaVontae Turpin,WR,DAL,PHI,12,4.2,3.2,2,4,0,2,1,48,0,0,0,0,0,50.0
00-0037801,KaVontae Turpin,WR,DAL,KC,13,8.1,6.1,3,33,0,2,2,28,0,0,0,0,0,40.0
00-0037801,KaVontae Turpin,WR,DAL,DET,14,5.0,3.0,1,4,0,2,2,26,0,0,0,0,0,50.0
00-0037801,KaVontae Turpin,WR,DAL,MIN,15,3.2,1.2,1,2,0,2,2,10,0,0,0,0,0,68.0
00-0037801,KaVontae Turpin,WR,DAL,LAC,16,4.7,2.7,2,13,0,4,2,14,0,0,0,0,0,62.0
00-0037801,KaVontae Turpin,WR,DAL,WAS,17,15.6,14.6,0,0,0,1,1,86,1,0,0,0,0,13.0
00-0037801,KaVontae Turpin,WR,DAL,NYG,18,0.7,0.7,1,7,0,1,0,0,0,0,0,0,0,67.0
00-0032464,Kalif Raymond,WR,DET,GB,1,3.6,1.6,0,0,0,3,2,16,0,0,0,0,0,65.0
00-0032464,Kalif Raymond,WR,DET,CHI,2,3.3,2.3,1,9,0,1,1,14,0,0,0,0,0,74.0
00-0032464,Kalif Raymond,WR,DET,BAL,3,1.4,0.4,0,0,0,2,1,4,0,0,0,0,0,79.0
00-0032464,Kalif Raymond,WR,DET,CLE,4,9.3,7.3,0,0,0,3,2,13,0,0,0,0,0,33.0
00-0032464,Kalif Raymond,WR,DET,CIN,5,0.0,0.0,0,0,0,0,0,0,0,0,0,0,0,69.0
00-0032464,Kalif Raymond,WR,DET,KC,6,0.0,0.0,0,0,0,0,0,0,0,0,0,0,0,70.0
00-0032464,Kalif Raymond,WR,DET,TB,7,4.7,1.7,0,0,0,3,3,17,0,0,0,0,0,57.0
00-0032464,Kalif Raymond,WR,DET,MIN,9,0.0,0.0,0,0,0,1,0,0,0,0,0,0,0,72.0
00-0032464,Kalif Raymond,WR,DET,WAS,10,9.9,5.9,1,10,0,4,4,49,0,0,0,0,0,32.0
00-0032464,Kalif Raymond,WR,DET,PHI,11,0.0,0.0,0,0,0,0,0,0,0,0,0,0,0,78.0
00-0032464,Kalif Raymond,WR,DET,NYG,12,5.7,3.7,0,0,0,2,2,37,0,0,0,0,0,44.0
00-0032464,Kalif Raymond,WR,DET,LA,15,3.0,2.0,0,0,0,1,1,20,0,0,0,0,0,69.0
00-0032464,Kalif Raymond,WR,DET,PIT,16,16.2,12.2,0,0,0,5,4,62,1,0,0,0,0,17.0
00-0032464,Kalif Raymond,WR,DET,MIN,17,1.5,0.5,0,0,0,2,1,5,0,0,0,0,0,71.0
00-0032464,Kalif Raymond,WR,DET,CHI,18,8.2,5.2,0,0,0,3,3,52,0,0,0,0,0,27.0
00-0033923,Kareem Hunt,RB,KC,LAC,1,4.6,2.6,5,16,0,3,2,10,0,0,0,0,0,39.0
00-0033923,Kareem Hunt,RB,KC,PHI,2,4.4,3.4,8,31,0,1,1,3,0,0,0,0,0,40.0
00-0033923,Kareem Hunt,RB,KC,NYG,3,11.4,10.4,10,34,1,1,1,10,0,0,0,0,0,22.0
00-0033923,Kareem Hunt,RB,KC,BAL,4,5.7,4.7,13,34,0,1,1,13,0,0,0,0,0,41.0
00-0033923,Kareem Hunt,RB,KC,JAX,5,18.7,17.7,7,49,2,1,1,8,0,0,0,0,0,8.0
00-0033923,Kareem Hunt,RB,KC,DET,6,4.4,3.4,6,23,0,1,1,11,0,0,0,0,0,44.0
00-0033923,Kareem Hunt,RB,KC,LV,7,1.8,1.8,4,18,0,0,0,0,0,0,0,0,0,51.0
00-0033923,Kareem Hunt,RB,KC,WAS,8,17.2,16.2,9,40,1,1,1,2,1,0,0,0,0,13.0
00-0033923,Kareem Hunt,RB,KC,BUF,9,12.5,11.5,11,49,1,2,1,6,0,0,0,0,0,16.0
00-0033923,Kareem Hunt,RB,KC,DEN,11,13.2,12.2,13,59,1,2,1,3,0,0,0,0,0,21.0
00-0033923,Kareem Hunt,RB,KC,IND,12,20.0,17.0,30,104,1,3,3,26,0,0,0,0,0,8.0
00-0033923,Kareem Hunt,RB,KC,DAL,13,9.0,8.0,14,58,0,2,1,22,0,0,0,0,0,36.0
00-0033923,Kareem Hunt,RB,KC,HOU,14,9.0,9.0,12,30,1,1,0,0,0,0,0,0,0,28.0
00-0033923,Kareem Hunt,RB,KC,LAC,15,3.0,2.0,6,12,0,2,1,8,0,0,0,0,0,46.0
00-0033923,Kareem Hunt,RB,KC,TEN,16,0.2,0.2,3,2,0,0,0,0,0,0,0,0,0,55.0
00-0033923,Kareem Hunt,RB,KC,DEN,17,3.8,3.8,7,38,0,0,0,0,0,0,0,0,0,40.0
00-0033923,Kareem Hunt,RB,KC,LV,18,6.5,3.5,5,14,0,4,3,21,0,0,0,0,0,29.0
00-0038608,Kayshon Boutte,WR,NE,LV,1,16.3,10.3,0,0,0,8,6,103,0,0,0,0,0,17.0
00-0038608,Kayshon Boutte,WR,NE,MIA,2,8.6,7.6,0,0,0,1,1,16,1,0,0,0,0,49.0
00-0038608,Kayshon Boutte,WR,NE,PIT,3,4.8,2.8,0,0,0,3,2,28,0,0,0,0,0,61.0
00-0038608,Kayshon Boutte,WR,NE,CAR,4,2.8,1.8,0,0,0,3,1,18,0,0,0,0,0,71.0
00-0038608,Kayshon Boutte,WR,NE,BUF,5,7.3,4.3,0,0,0,3,3,43,0,0,0,0,0,49.0
00-0038608,Kayshon Boutte,WR,NE,NO,6,26.3,21.3,0,0,0,5,5,93,2,0,0,0,0,4.0
00-0038608,Kayshon Boutte,WR,NE,TEN,7,13.5,11.5,0,0,0,2,2,55,1,0,0,0,0,23.0
00-0038608,Kayshon Boutte,WR,NE,CLE,8,16.5,13.5,0,0,0,5,3,75,1,0,0,0,0,11.0
00-0038608,Kayshon Boutte,WR,NE,ATL,9,0.0,0.0,0,0,0,1,0,0,0,0,0,0,0,72.0
00-0038608,Kayshon Boutte,WR,NE,CIN,12,3.5,1.5,0,0,0,2,2,15,0,0,0,0,0,54.0
00-0038608,Kayshon Boutte,WR,NE,NYG,13,13.5,9.5,0,0,0,5,4,35,1,0,0,0,0,22.0
00-0038608,Kayshon Boutte,WR,NE,BUF,15,4.0,3.0,0,0,0,1,1,30,0,0,0,0,0,65.0
00-0038608,Kayshon Boutte,WR,NE,BAL,16,2.6,1.6,0,0,0,3,1,16,0,0,0,0,0,72.0
00-0038608,Kayshon Boutte,WR,NE,MIA,18,4.4,2.4,0,0,0,4,2,24,0,0,0,0,0,46.0
00-0030279,Keenan Allen,WR,LAC,KC,1,19.8,12.8,0,0,0,10,7,68,1,0,0,0,0,10.0
00-0030279,Keenan Allen,WR,LAC,LV,2,17.1,12.1,0,0,0,7,5,61,1,0,0,0,0,15.0
00-0030279,Keenan Allen,WR,LAC,DEN,3,19.5,12.5,0,0,0,11,7,65,1,0,0,0,0,12.0
00-0030279,Keenan Allen,WR,LAC,NYG,4,8.7,3.7,0,0,0,7,5,37,0,0,0,0,0,38.0
00-0030279,Keenan Allen,WR,LAC,WAS,5,10.8,5.8,0,0,0,9,5,58,0,0,0,0,0,39.0
00-0030279,Keenan Allen,WR,LAC,MIA,6,6.7,2.7,0,0,0,7,4,27,0,0,0,0,0,41.0
00-0030279,Keenan Allen,WR,LAC,IND,7,28.9,17.9,0,0,0,14,11,119,1,0,0,0,0,3.0
00-0030279,Keenan Allen,WR,LAC,MIN,8,8.4,4.4,0,0,0,5,4,44,0,0,0,0,0,43.0
00-0030279,Keenan Allen,WR,LAC,TEN,9,6.1,4.1,0,0,0,5,2,41,0,0,0,0,0,52.0
00-0030279,Keenan Allen,WR,LAC,PIT,10,3.9,1.9,0,0,0,5,2,19,0,0,0,0,0,54.0
00-0030279,Keenan Allen,WR,LAC,JAX,11,9.3,5.3,0,0,0,6,4,53,0,0,0,0,0,34.0
00-0030279,Keenan Allen,WR,LAC,LV,13,7.0,3.0,0,0,0,5,4,30,0,0,0,0,0,43.0
00-0030279,Keenan Allen,WR,LAC,PHI,14,5.2,2.2,0,0,0,3,3,22,0,0,0,0,0,49.0
00-0030279,Keenan Allen,WR,LAC,KC,15,8.6,3.6,0,0,0,7,5,36,0,0,0,0,0,39.0
00-0030279,Keenan Allen,WR,LAC,DAL,16,9.4,4.4,0,0,0,5,5,44,0,0,0,0,0,35.0
00-0030279,Keenan Allen,WR,LAC,HOU,17,2.7,1.7,0,0,0,3,1,17,0,0,0,0,0,62.0
00-0030279,Keenan Allen,WR,LAC,DEN,18,10.6,3.6,0,0,0,13,7,36,0,0,0,0,0,19.0
00-0033307,Kendrick Bourne,WR,SF,NO,2,6.2,3.2,0,0,0,3,3,32,0,0,0,0,0,60.0
00-0033307,Kendrick Bourne,WR,SF,ARI,3,7.8,3.8,0,0,0,6,4,38,0,0,0,0,0,43.0
00-0033307,Kendrick Bourne,WR,SF,JAX,4,2.7,1.7,0,0,0,4,1,17,0,0,0,0,0,72.0
00-0033307,Kendrick Bourne,WR,SF,LA,5,24.2,14.2,0,0,0,11,10,142,0,0,0,0,0,6.0
00-0033307,Kendrick Bourne,WR,SF,TB,6,19.2,14.2,0,0,0,9,5,142,0,0,0,0,0,11.0
00-0033307,Kendrick Bourne,WR,SF,ATL,7,3.4,1.4,0,0,0,2,2,14,0,0,0,0,0,62.0
00-0033307,Kendrick Bourne,WR,SF,HOU,8,7.4,4.4,0,0,0,4,3,44,0,0,0,0,0,45.0
00-0033307,Kendrick Bourne,WR,SF,NYG,9,5.4,3.4,0,0,0,2,2,34,0,0,0,0,0,55.0
00-0033307,Kendrick Bourne,WR,SF,LA,10,2.9,1.9,0,0,0,1,1,19,0,0,0,0,0,61.0
00-0033307,Kendrick Bourne,WR,SF,CLE,13,0.0,0.0,0,0,0,1,0,0,0,0,0,0,0,83.0
00-0033307,Kendrick Bourne,WR,SF,TEN,15,3.7,1.7,0,0,0,3,2,17,0,0,0,0,0,67.0
00-0033307,Kendrick Bourne,WR,SF,IND,16,5.7,2.7,0,0,0,5,3,27,0,0,0,0,0,56.0
00-0033307,Kendrick Bourne,WR,SF,CHI,17,3.5,2.5,0,0,0,1,1,25,0,0,0,0,0,61.0
00-0033307,Kendrick Bourne,WR,SF,SEA,18,0.0,0.0,0,0,0,1,0,0,0,0,0,0,0,68.0
00-0038134,Kenneth Walker III,RB,SEA,SF,1,5.4,2.4,10,20,0,3,3,4,0,0,0,0,0,34.0
00-0038134,Kenneth Walker III,RB,SEA,PIT,2,18.8,17.8,13,105,1,1,1,13,0,0,0,0,0,9.0
00-0038134,Kenneth Walker III,RB,SEA,NO,3,18.0,17.0,16,38,2,1,1,12,0,0,0,0,0,10.0
00-0038134,Kenneth Walker III,RB,SEA,ARI,4,12.0,11.0,19,81,0,2,1,29,0,0,0,0,0,25.0
00-0038134,Kenneth Walker III,RB,SEA,TB,5,9.6,8.6,10,86,0,1,1,0,0,0,0,0,0,26.0
00-0038134,Kenneth Walker III,RB,SEA,JAX,6,4.7,3.7,10,34,0,1,1,3,0,0,0,0,0,41.0
00-0038134,Kenneth Walker III,RB,SEA,HOU,7,6.6,6.6,17,66,0,0,0,0,0,0,0,0,0,33.0
00-0038134,Kenneth Walker III,RB,SEA,WAS,9,8.1,6.1,11,42,0,2,2,19,0,0,0,0,0,24.0
00-0038134,Kenneth Walker III,RB,SEA,ARI,10,8.0,7.0,14,67,0,1,1,3,0,0,0,0,0,33.0
00-0038134,Kenneth Walker III,RB,SEA,LA,11,20.1,17.1,16,67,1,3,3,44,0,0,0,0,0,9.0
00-0038134,Kenneth Walker III,RB,SEA,TEN,12,13.1,10.1,11,71,0,4,3,30,0,0,0,0,0,17.0
00-0038134,Kenneth Walker III,RB,SEA,MIN,13,10.4,7.4,13,56,0,4,3,18,0,0,0,0,0,30.0
00-0038134,Kenneth Walker III,RB,SEA,ATL,14,3.8,2.8,10,29,0,3,1,-1,0,0,0,0,0,43.0
00-0038134,Kenneth Walker III,RB,SEA,IND,15,2.9,1.9,9,17,0,1,1,2,0,0,0,0,0,47.0
00-0038134,Kenneth Walker III,RB,SEA,LA,16,25.4,22.4,11,100,1,3,3,64,0,0,0,0,0,7.0
00-0038134,Kenneth Walker III,RB,SEA,CAR,17,7.7,5.7,15,51,0,2,2,6,0,0,0,0,0,29.0
00-0038134,Kenneth Walker III,RB,SEA,SF,18,17.3,13.3,16,97,0,4,4,36,0,0,0,0,0,9.0
00-0036919,Kenny Gainwell,RB,PIT,NYJ,1,5.3,2.3,7,19,0,4,3,4,0,0,0,0,0,35.0
00-0036919,Kenny Gainwell,RB,PIT,SEA,2,6.6,3.6,5,20,0,5,3,16,0,0,0,0,0,33.0
00-0036919,Kenny Gainwell,RB,PIT,NE,3,9.6,8.6,4,16,1,1,1,10,0,0,0,0,0,28.0
00-0036919,Kenny Gainwell,RB,PIT,MIN,4,31.4,25.4,19,99,2,6,6,35,0,0,0,0,0,3.0
00-0036919,Kenny Gainwell,RB,PIT,CLE,6,9.6,3.6,6,22,0,6,6,14,0,0,0,0,0,18.0
00-0036919,Kenny Gainwell,RB,PIT,CIN,7,3.5,1.5,3,14,0,2,2,1,0,0,0,0,0,45.0
00-0036919,Kenny Gainwell,RB,PIT,GB,8,3.5,1.5,5,31,0,2,2,4,0,0,0,0,0,42.0
00-0036919,Kenny Gainwell,RB,PIT,IND,9,7.4,3.4,3,-1,0,5,4,35,0,0,0,0,0,27.0
00-0036919,Kenny Gainwell,RB,PIT,LAC,10,2.4,0.4,0,0,0,3,2,4,0,0,0,0,0,46.0
00-0036919,Kenny Gainwell,RB,PIT,CIN,11,29.5,22.5,9,24,0,8,7,81,2,0,0,0,0,5.0
00-0036919,Kenny Gainwell,RB,PIT,CHI,12,18.2,12.2,10,92,0,6,6,30,0,0,0,0,0,9.0
00-0036919,Kenny Gainwell,RB,PIT,BUF,13,6.5,4.5,5,20,0,3,2,25,0,0,0,0,0,40.0
00-0036919,Kenny Gainwell,RB,PIT,BAL,14,16.2,10.2,4,15,1,7,6,27,0,0,0,0,0,11.0
00-0036919,Kenny Gainwell,RB,PIT,MIA,15,19.6,12.6,13,80,0,7,7,46,0,0,0,0,0,9.0
00-0036919,Kenny Gainwell,RB,PIT,DET,16,23.8,18.8,9,50,0,7,5,78,1,0,0,0,0,8.0
00-0036919,Kenny Gainwell,RB,PIT,CLE,17,6.8,3.8,7,26,0,4,3,12,0,0,0,0,0,31.0
00-0036919,Kenny Gainwell,RB,PIT,BAL,18,21.4,13.4,5,10,1,9,8,64,0,0,0,0,0,4.0
00-0039901,Keon Coleman,WR,BUF,BAL,1,25.2,17.2,0,0,0,11,8,112,1,0,0,0,0,2.0
00-0039901,Keon Coleman,WR,BUF,NYJ,2,5.6,2.6,0,0,0,3,3,26,0,0,0,0,0,63.0
00-0039901,Keon Coleman,WR,BUF,MIA,3,5.0,2.0,0,0,0,4,3,20,0,0,0,0,0,59.0
00-0039901,Keon Coleman,WR,BUF,NO,4,7.5,4.5,0,0,0,4,3,45,0,0,0,0,0,45.0
00-0039901,Keon Coleman,WR,BUF,NE,5,10.3,6.3,0,0,0,7,4,23,1,0,0,0,0,40.0
00-0039901,Keon Coleman,WR,BUF,ATL,6,4.1,1.1,0,0,0,6,3,11,0,0,0,0,0,59.0
00-0039901,Keon Coleman,WR,BUF,CAR,8,6.0,3.0,0,0,0,4,3,30,0,0,0,0,0,49.0
00-0039901,Keon Coleman,WR,BUF,KC,9,3.7,1.7,0,0,0,2,2,17,0,0,0,0,0,58.0
00-0039901,Keon Coleman,WR,BUF,MIA,10,13.6,10.6,0,0,0,8,3,46,1,0,0,0,0,25.0
00-0039901,Keon Coleman,WR,BUF,PIT,13,8.9,6.9,0,0,0,3,2,9,1,0,0,0,0,37.0
00-0039901,Keon Coleman,WR,BUF,CIN,14,3.6,1.6,0,0,0,3,2,16,0,0,0,0,0,59.0
00-0039901,Keon Coleman,WR,BUF,NYJ,18,8.9,6.9,0,0,0,4,2,49,0,0,0,0,0,26.0
00-0037261,Khalil Shakir,WR,BUF,BAL,1,12.4,6.4,0,0,0,9,6,64,0,0,0,0,0,25.0
00-0037261,Khalil Shakir,WR,BUF,NYJ,2,2.2,1.2,0,0,0,2,1,12,0,0,0,0,0,79.0
00-0037261,Khalil Shakir,WR,BUF,MIA,3,14.5,10.5,0,0,0,4,4,45,1,0,0,0,0,22.0
00-0037261,Khalil Shakir,WR,BUF,NO,4,17.9,12.9,0,0,0,5,5,69,1,0,0,0,0,15.0
00-0037261,Khalil Shakir,WR,BUF,NE,5,11.0,5.0,1,5,0,9,6,45,0,0,0,0,0,38.0
00-0037261,Khalil Shakir,WR,BUF,ATL,6,6.3,3.3,0,0,0,5,3,33,0,0,0,0,0,43.0
00-0037261,Khalil Shakir,WR,BUF,CAR,8,20.8,14.8,0,0,0,7,6,88,1,0,0,0,0,6.0
00-0037261,Khalil Shakir,WR,BUF,KC,9,11.3,4.3,0,0,0,8,7,43,0,0,0,0,0,32.0
00-0037261,Khalil Shakir,WR,BUF,MIA,10,12.8,5.8,0,0,0,9,7,58,0,0,0,0,0,28.0
00-0037261,Khalil Shakir,WR,BUF,TB,11,0.7,-0.3,0,0,0,3,1,-3,0,0,0,0,0,76.0
00-0037261,Khalil Shakir,WR,BUF,HOU,12,17.0,9.0,0,0,0,10,8,110,0,0,0,0,0,13.0
00-0037261,Khalil Shakir,WR,BUF,PIT,13,1.5,0.5,0,0,0,4,1,5,0,0,0,0,0,77.0
00-0037261,Khalil Shakir,WR,BUF,CIN,14,9.6,7.6,0,0,0,3,2,16,1,0,0,0,0,30.0
00-0037261,Khalil Shakir,WR,BUF,NE,15,11.5,6.5,0,0,0,5,5,65,0,0,0,0,0,31.0
00-0037261,Khalil Shakir,WR,BUF,CLE,16,7.4,3.4,0,0,0,5,4,34,0,0,0,0,0,48.0
00-0037261,Khalil Shakir,WR,BUF,PHI,17,9.5,3.5,0,0,0,7,6,35,0,0,0,0,0,33.0
00-0039391,Kimani Vidal,RB,LAC,NYG,4,0.0,0.0,0,0,0,0,0,0,0,0,0,0,0,55.0
00-0039391,Kimani Vidal,RB,LAC,WAS,5,2.9,1.9,4,18,0,1,1,1,0,0,0,0,0,39.0
00-0039391,Kimani Vidal,RB,LAC,MIA,6,22.8,19.8,18,124,0,4,3,14,1,0,0,0,0,9.0
00-0039391,Kimani Vidal,RB,LAC,IND,7,7.5,3.5,9,20,0,5,4,15,0,0,0,0,0,27.0
00-0039391,Kimani Vidal,RB,LAC,MIN,8,19.7,18.7,23,117,1,2,1,10,0,0,0,0,0,8.0
00-0039391,Kimani Vidal,RB,LAC,TEN,9,3.0,3.0,12,30,0,1,0,0,0,0,0,0,0,40.0
00-0039391,Kimani Vidal,RB,LAC,PIT,10,17.8,16.8,25,95,1,1,1,13,0,0,0,0,0,8.0
00-0039391,Kimani Vidal,RB,LAC,JAX,11,3.2,1.2,5,13,0,2,2,-1,0,0,0,0,0,46.0
00-0039391,Kimani Vidal,RB,LAC,LV,13,20.7,19.7,25,126,1,1,1,11,0,0,0,0,0,4.0
00-0039391,Kimani Vidal,RB,LAC,PHI,14,11.4,10.4,14,44,0,3,1,60,0,0,0,0,0,19.0
00-0039391,Kimani Vidal,RB,LAC,KC,15,5.8,4.8,12,33,0,1,1,15,0,0,0,0,0,35.0
00-0039391,Kimani Vidal,RB,LAC,DAL,16,1.1,1.1,5,11,0,0,0,0,0,0,0,0,0,54.0
00-0039391,Kimani Vidal,RB,LAC,DEN,18,2.0,1.0,3,12,0,1,1,-2,0,0,0,0,0,44.0
00-0029604,Kirk Cousins,QB,ATL,CAR,3,1.16,1.16,0,0,0,0,0,0,0,7,29,0,0,31.0
00-0029604,Kirk Cousins,QB,ATL,MIA,8,7.12,7.12,2,2,0,0,0,0,0,31,173,0,0,21.0
00-0029604,Kirk Cousins,QB,ATL,CAR,11,2.12,2.12,1,2,0,0,0,0,0,14,48,0,0,30.0
00-0029604,Kirk Cousins,QB,ATL,NO,12,14.46,14.46,2,5,0,0,0,0,0,23,199,2,1,14.0
00-0029604,Kirk Cousins,QB,ATL,NYJ,13,13.36,13.36,0,0,0,0,0,0,0,33,234,1,0,20.0
00-0029604,Kirk Cousins,QB,ATL,SEA,14,2.48,2.48,0,0,0,0,0,0,0,30,162,0,2,25.0
00-0029604,Kirk Cousins,QB,ATL,TB,15,26.92,26.92,0,0,0,0,0,0,0,44,373,3,0,3.0
00-0029604,Kirk Cousins,QB,ATL,ARI,16,17.58,17.58,5,-3,1,0,0,0,0,35,197,2,1,14.0
00-0029604,Kirk Cousins,QB,ATL,LA,17,9.14,9.14,1,1,0,0,0,0,0,20,126,1,0,18.0
00-0029604,Kirk Cousins,QB,ATL,NO,18,9.2,9.2,3,0,0,0,0,0,0,32,180,1,1,16.0
00-0040236,Kyle Monangai,RB,CHI,MIN,1,2.1,1.1,0,0,0,1,1,11,0,0,0,0,0,48.0
00-0040236,Kyle Monangai,RB,CHI,DET,2,4.6,3.6,7,28,0,3,1,8,0,0,0,0,0,39.0
00-0040236,Kyle Monangai,RB,CHI,DAL,3,3.0,2.0,6,16,0,1,1,4,0,0,0,0,0,46.0
00-0040236,Kyle Monangai,RB,CHI,LV,4,1.8,1.8,4,18,0,0,0,0,0,0,0,0,0,49.0
00-0040236,Kyle Monangai,RB,CHI,WAS,6,5.4,4.4,5,19,0,1,1,25,0,0,0,0,0,37.0
00-0040236,Kyle Monangai,RB,CHI,NO,7,17.4,15.4,13,81,1,3,2,13,0,0,0,0,0,12.0
00-0040236,Kyle Monangai,RB,CHI,BAL,8,2.4,2.4,7,24,0,0,0,0,0,0,0,0,0,44.0
00-0040236,Kyle Monangai,RB,CHI,CIN,9,22.8,19.8,26,176,0,5,3,22,0,0,0,0,0,3.0
00-0040236,Kyle Monangai,RB,CHI,NYG,10,8.8,8.8,7,28,1,1,0,0,0,0,0,0,0,30.0
00-0040236,Kyle Monangai,RB,CHI,MIN,11,10.7,9.7,12,23,1,1,1,14,0,0,0,0,0,23.0
00-0040236,Kyle Monangai,RB,CHI,PIT,12,10.8,10.8,12,48,1,0,0,0,0,0,0,0,0,24.0
00-0040236,Kyle Monangai,RB,CHI,PHI,13,19.0,19.0,22,130,1,1,0,0,0,0,0,0,0,8.0
00-0040236,Kyle Monangai,RB,CHI,GB,14,8.7,7.7,14,57,0,2,1,0,0,0,0,0,0,30.0
00-0040236,Kyle Monangai,RB,CHI,CLE,15,3.3,3.3,11,33,0,2,0,0,0,0,0,0,0,44.0
00-0040236,Kyle Monangai,RB,CHI,GB,16,12.3,9.3,9,50,0,4,3,43,0,0,0,0,0,23.0
00-0040236,Kyle Monangai,RB,CHI,SF,17,7.7,4.7,8,38,0,4,3,9,0,0,0,0,0,29.0
00-0040236,Kyle Monangai,RB,CHI,DET,18,5.9,4.9,6,14,0,1,1,15,0,0,0,0,0,33.0
00-0036970,Kyle Pitts,TE,ATL,TB,1,12.9,5.9,0,0,0,8,7,59,0,0,0,0,0,7.0
00-0036970,Kyle Pitts,TE,ATL,MIN,2,7.7,3.7,0,0,0,5,4,37,0,0,0,0,0,13.0
00-0036970,Kyle Pitts,TE,ATL,CAR,3,7.9,3.9,0,0,0,6,4,39,0,0,0,0,0,16.0
00-0036970,Kyle Pitts,TE,ATL,WAS,4,18.0,13.0,0,0,0,5,5,70,1,0,0,0,0,3.0
00-0036970,Kyle Pitts,TE,ATL,BUF,6,4.8,1.8,0,0,0,4,3,18,0,0,0,0,0,27.0
00-0036970,Kyle Pitts,TE,ATL,SF,7,13.2,6.2,0,0,0,10,7,62,0,0,0,0,0,12.0
00-0036970,Kyle Pitts,TE,ATL,MIA,8,14.9,5.9,0,0,0,9,9,59,0,0,0,0,0,6.0
00-0036970,Kyle Pitts,TE,ATL,NE,9,7.8,3.8,0,0,0,7,4,38,0,0,0,0,0,23.0
00-0036970,Kyle Pitts,TE,ATL,IND,10,5.8,3.8,0,0,0,5,2,38,0,0,0,0,0,20.0
00-0036970,Kyle Pitts,TE,ATL,CAR,11,3.4,1.4,0,0,0,3,2,14,0,0,0,0,0,30.0
00-0036970,Kyle Pitts,TE,ATL,NO,12,4.5,2.5,0,0,0,5,2,25,0,0,0,0,0,24.0
00-0036970,Kyle Pitts,TE,ATL,NYJ,13,15.2,8.2,0,0,0,8,7,82,0,0,0,0,0,5.0
00-0036970,Kyle Pitts,TE,ATL,SEA,14,15.0,9.0,0,0,0,10,6,90,0,0,0,0,0,5.0
00-0036970,Kyle Pitts,TE,ATL,TB,15,45.6,34.6,0,0,0,12,11,166,3,0,0,0,0,1.0
00-0036970,Kyle Pitts,TE,ATL,ARI,16,18.7,11.7,0,0,0,9,7,57,1,0,0,0,0,3.0
00-0036970,Kyle Pitts,TE,ATL,LA,17,3.6,1.6,0,0,0,3,2,16,0,0,0,0,0,27.0
00-0036970,Kyle Pitts,TE,ATL,NO,18,11.8,5.8,0,0,0,9,6,58,0,0,0,0,0,8.0
00-0035228,Kyler Murray,QB,ARI,NO,1,18.32,18.32,7,38,0,0,0,0,0,29,163,2,0,14.0
00-0035228,Kyler Murray,QB,ARI,CAR,2,14.0,14.0,7,32,0,0,0,0,0,25,220,1,1,21.0
00-0035228,Kyler Murray,QB,ARI,SF,3,14.06,14.06,6,37,0,0,0,0,0,35,159,1,0,14.0
00-0035228,Kyler Murray,QB,ARI,SEA,4,16.1,16.1,5,41,0,0,0,0,0,41,200,2,2,17.0
00-0035228,Kyler Murray,QB,ARI,TEN,5,15.3,15.3,4,25,1,0,0,0,0,31,220,0,0,20.0
00-0037840,Kyren Williams,RB,LA,HOU,1,13.9,12.9,18,66,1,2,1,3,0,0,0,0,0,18.0
00-0037840,Kyren Williams,RB,LA,TEN,2,10.0,8.0,17,66,0,2,2,14,0,0,0,0,0,28.0
00-0037840,Kyren Williams,RB,LA,PHI,3,19.2,17.2,20,94,0,3,2,18,1,0,0,0,0,9.0
00-0037840,Kyren Williams,RB,LA,IND,4,10.4,7.4,13,77,0,4,3,17,0,0,0,0,0,31.0
00-0037840,Kyren Williams,RB,LA,SF,5,31.1,23.1,14,65,0,10,8,66,2,0,0,0,0,3.0
00-0037840,Kyren Williams,RB,LA,BAL,6,16.7,14.7,13,50,1,2,2,37,0,0,0,0,0,11.0
00-0037840,Kyren Williams,RB,LA,JAX,7,8.5,6.5,12,54,0,3,2,11,0,0,0,0,0,25.0
00-0037840,Kyren Williams,RB,LA,NO,9,17.4,17.4,25,114,1,0,0,0,0,0,0,0,0,8.0
00-0037840,Kyren Williams,RB,LA,SF,10,22.4,20.4,14,73,2,3,2,11,0,0,0,0,0,5.0
00-0037840,Kyren Williams,RB,LA,SEA,11,16.6,15.6,12,91,1,2,1,5,0,0,0,0,0,15.0
00-0037840,Kyren Williams,RB,LA,TB,12,5.8,4.8,12,46,0,1,1,2,0,0,0,0,0,38.0
00-0037840,Kyren Williams,RB,LA,CAR,13,13.2,13.2,13,72,1,1,0,0,0,0,0,0,0,21.0
00-0037840,Kyren Williams,RB,LA,ARI,14,17.7,15.7,13,84,1,2,2,13,0,0,0,0,0,8.0
00-0037840,Kyren Williams,RB,LA,DET,15,21.8,20.8,15,78,2,1,1,10,0,0,0,0,0,8.0
00-0037840,Kyren Williams,RB,LA,SEA,16,11.5,8.5,23,70,0,6,3,15,0,0,0,0,0,25.0
00-0037840,Kyren Williams,RB,LA,ATL,17,16.0,13.0,13,92,0,3,3,38,0,0,0,0,0,14.0
00-0037840,Kyren Williams,RB,LA,ARI,18,11.1,8.1,12,60,0,5,3,21,0,0,0,0,0,16.0
00-0039915,Ladd McConkey,WR,LAC,KC,1,13.4,7.4,0,0,0,9,6,74,0,0,0,0,0,23.0
00-0039915,Ladd McConkey,WR,LAC,LV,2,9.8,4.8,0,0,0,5,5,48,0,0,0,0,0,40.0
00-0039915,Ladd McConkey,WR,LAC,DEN,3,8.1,4.1,0,0,0,7,4,41,0,0,0,0,0,42.0
00-0039915,Ladd McConkey,WR,LAC,NYG,4,2.1,1.1,0,0,0,6,1,11,0,0,0,0,0,76.0
00-0039915,Ladd McConkey,WR,LAC,WAS,5,14.9,9.9,0,0,0,7,5,39,1,0,0,0,0,19.0
00-0039915,Ladd McConkey,WR,LAC,MIA,6,23.0,16.0,0,0,0,9,7,100,1,0,0,0,0,6.0
00-0039915,Ladd McConkey,WR,LAC,IND,7,15.7,6.7,0,0,0,15,9,67,0,0,0,0,0,19.0
00-0039915,Ladd McConkey,WR,LAC,MIN,8,20.8,14.8,0,0,0,10,6,88,1,0,0,0,0,6.0
00-0039915,Ladd McConkey,WR,LAC,TEN,9,9.6,5.6,0,0,0,6,4,56,0,0,0,0,0,36.0
00-0039915,Ladd McConkey,WR,LAC,PIT,10,20.7,16.7,0,0,0,6,4,107,1,0,0,0,0,7.0
00-0039915,Ladd McConkey,WR,LAC,JAX,11,4.3,1.3,0,0,0,4,3,13,0,0,0,0,0,58.0
00-0039915,Ladd McConkey,WR,LAC,LV,13,13.9,9.9,0,0,0,6,4,39,1,0,0,0,0,20.0
00-0039915,Ladd McConkey,WR,LAC,PHI,14,2.2,1.2,0,0,0,5,1,12,0,0,0,0,0,67.0
00-0039915,Ladd McConkey,WR,LAC,KC,15,4.0,2.0,0,0,0,3,2,20,0,0,0,0,0,65.0
00-0039915,Ladd McConkey,WR,LAC,DAL,16,14.3,10.3,0,0,0,6,4,43,1,0,0,0,0,21.0
00-0039915,Ladd McConkey,WR,LAC,HOU,17,4.1,3.1,0,0,0,2,1,31,0,0,0,0,0,56.0
00-0034796,Lamar Jackson,QB,BAL,BUF,1,29.36,29.36,6,70,1,0,0,0,0,19,209,2,0,4.0
00-0034796,Lamar Jackson,QB,BAL,CLE,2,26.3,26.3,2,13,0,0,0,0,0,29,225,4,0,3.0
00-0034796,Lamar Jackson,QB,BAL,DET,3,27.02,27.02,7,35,0,0,0,0,0,27,288,3,0,3.0
00-0034796,Lamar Jackson,QB,BAL,KC,4,10.68,10.68,6,48,0,0,0,0,0,20,147,1,1,26.0
00-0034796,Lamar Jackson,QB,BAL,MIA,9,25.56,25.56,5,14,0,0,0,0,0,23,204,4,0,9.0
00-0034796,Lamar Jackson,QB,BAL,MIN,10,16.64,16.64,9,36,0,0,0,0,0,29,176,1,0,14.0
00-0034796,Lamar Jackson,QB,BAL,CLE,11,4.72,4.72,4,10,0,0,0,0,0,25,193,0,2,26.0
00-0034796,Lamar Jackson,QB,BAL,NYJ,12,7.22,7.22,7,11,0,0,0,0,0,23,153,0,0,23.0
00-0034796,Lamar Jackson,QB,BAL,CIN,13,6.54,6.54,6,27,0,0,0,0,0,32,246,0,1,27.0
00-0034796,Lamar Jackson,QB,BAL,PIT,14,21.06,21.06,7,43,1,0,0,0,0,35,219,1,1,8.0
00-0034796,Lamar Jackson,QB,BAL,CIN,15,14.6,14.6,2,26,0,0,0,0,0,12,150,2,1,22.0
00-0034796,Lamar Jackson,QB,BAL,NE,16,4.74,4.74,2,7,0,0,0,0,0,10,101,0,0,25.0
00-0034796,Lamar Jackson,QB,BAL,PIT,18,20.42,20.42,4,9,0,0,0,0,0,18,238,3,1,5.0
00-0040735,Luther Burden III,WR,CHI,MIN,1,0.7,-0.3,0,0,0,1,1,-3,0,0,0,0,0,79.0
00-0040735,Luther Burden III,WR,CHI,DET,2,1.5,0.5,0,0,0,2,1,5,0,0,0,0,0,84.0
00-0040735,Luther Burden III,WR,CHI,DAL,3,19.8,16.8,1,7,0,3,3,101,1,0,0,0,0,10.0
00-0040735,Luther Burden III,WR,CHI,LV,4,1.6,-0.4,0,0,0,2,2,-4,0,0,0,0,0,78.0
00-0040735,Luther Burden III,WR,CHI,WAS,6,9.1,5.1,0,0,0,4,4,51,0,0,0,0,0,30.0
00-0040735,Luther Burden III,WR,CHI,NO,7,3.1,2.1,1,-1,0,2,1,22,0,0,0,0,0,63.0
00-0040735,Luther Burden III,WR,CHI,BAL,8,0.9,-0.1,0,0,0,1,1,-1,0,0,0,0,0,63.0
00-0040735,Luther Burden III,WR,CHI,NYG,10,8.1,5.1,0,0,0,3,3,51,0,0,0,0,0,37.0
00-0040735,Luther Burden III,WR,CHI,MIN,11,5.7,2.7,0,0,0,5,3,27,0,0,0,0,0,52.0
00-0040735,Luther Burden III,WR,CHI,PIT,12,9.1,6.1,1,15,0,5,3,46,0,0,0,0,0,32.0
00-0040735,Luther Burden III,WR,CHI,PHI,13,7.6,3.6,1,3,0,6,4,33,0,0,0,0,0,41.0
00-0040735,Luther Burden III,WR,CHI,GB,14,11.0,7.0,1,3,0,6,4,67,0,0,0,0,0,24.0
00-0040735,Luther Burden III,WR,CHI,CLE,15,14.4,8.4,0,0,0,7,6,84,0,0,0,0,0,23.0
00-0040735,Luther Burden III,WR,CHI,SF,17,27.8,19.8,0,0,0,9,8,138,1,0,0,0,0,1.0
00-0040735,Luther Burden III,WR,CHI,DET,18,7.5,4.5,1,10,0,4,3,35,0,0,0,0,0,32.0
00-0036972,Mac Jones,QB,SF,NO,2,21.76,21.76,6,6,0,0,0,0,0,39,279,3,0,7.0
00-0036972,Mac Jones,QB,SF,ARI,3,13.26,13.26,1,-1,0,0,0,0,0,41,284,1,1,17.0
00-0036972,Mac Jones,QB,SF,LA,5,22.18,22.18,4,5,0,0,0,0,0,49,342,2,0,10.0
00-0036972,Mac Jones,QB,SF,TB,6,11.18,11.18,5,13,0,0,0,0,0,39,347,0,2,22.0
00-0036972,Mac Jones,QB,SF,ATL,7,5.18,5.18,5,11,0,0,0,0,0,26,152,0,1,26.0
00-0036972,Mac Jones,QB,SF,HOU,8,18.02,18.02,2,23,0,0,0,0,0,32,193,2,1,14.0
00-0036972,Mac Jones,QB,SF,NYG,9,15.8,15.8,4,4,0,0,0,0,0,24,235,2,0,17.0
00-0036972,Mac Jones,QB,SF,LA,10,23.06,23.06,1,3,0,0,0,0,0,39,319,3,1,6.0
00-0036972,Mac Jones,QB,SF,ARI,11,-0.3,-0.3,3,-3,0,0,0,0,0,0,0,0,0,32.0
00-0036972,Mac Jones,QB,SF,CLE,13,0.2,0.2,2,2,0,0,0,0,0,0,0,0,0,32.0
00-0036972,Mac Jones,QB,SF,IND,16,-0.3,-0.3,3,-3,0,0,0,0,0,0,0,0,0,31.0
00-0033555,Mack Hollins,WR,NE,LV,1,1.3,0.3,0,0,0,2,1,3,0,0,0,0,0,76.0
00-0033555,Mack Hollins,WR,NE,MIA,2,7.8,6.8,0,0,0,2,1,8,1,0,0,0,0,55.0
00-0033555,Mack Hollins,WR,NE,PIT,3,6.7,2.7,0,0,0,4,4,27,0,0,0,0,0,50.0
00-0033555,Mack Hollins,WR,NE,CAR,4,7.4,6.4,0,0,0,1,1,4,1,0,0,0,0,46.0
00-0033555,Mack Hollins,WR,NE,NO,6,4.8,2.8,0,0,0,3,2,28,0,0,0,0,0,52.0
00-0033555,Mack Hollins,WR,NE,TEN,7,7.3,5.3,1,4,0,2,2,49,0,0,0,0,0,46.0
00-0033555,Mack Hollins,WR,NE,CLE,8,15.9,8.9,0,0,0,7,7,89,0,0,0,0,0,14.0
00-0033555,Mack Hollins,WR,NE,ATL,9,2.9,0.9,0,0,0,2,2,9,0,0,0,0,0,62.0
00-0033555,Mack Hollins,WR,NE,TB,10,16.6,10.6,0,0,0,10,6,106,0,0,0,0,0,20.0
00-0033555,Mack Hollins,WR,NE,NYJ,11,10.4,6.4,0,0,0,5,4,64,0,0,0,0,0,26.0
00-0033555,Mack Hollins,WR,NE,CIN,12,5.0,3.0,0,0,0,6,2,30,0,0,0,0,0,47.0
00-0033555,Mack Hollins,WR,NE,NYG,13,5.3,2.3,0,0,0,4,3,23,0,0,0,0,0,57.0
00-0033555,Mack Hollins,WR,NE,BUF,15,8.1,4.1,0,0,0,8,4,41,0,0,0,0,0,42.0
00-0033555,Mack Hollins,WR,NE,BAL,16,13.9,6.9,0,0,0,9,7,69,0,0,0,0,0,24.0
00-0039880,Malik Washington,WR,MIA,IND,1,4.9,2.9,1,9,0,5,2,20,0,0,0,0,0,55.0
00-0039880,Malik Washington,WR,MIA,NE,2,9.5,8.5,3,23,0,2,1,2,0,0,0,0,0,43.0
00-0039880,Malik Washington,WR,MIA,BUF,3,6.2,3.2,2,20,0,5,3,12,0,0,0,0,0,54.0
00-0039880,Malik Washington,WR,MIA,NYJ,4,4.1,2.1,2,8,0,3,2,13,0,0,0,0,0,64.0
00-0039880,Malik Washington,WR,MIA,CAR,5,4.0,0.0,0,0,0,5,4,0,0,0,0,0,0,57.0
00-0039880,Malik Washington,WR,MIA,LAC,6,6.3,2.3,1,1,0,5,4,22,0,0,0,0,0,43.0
00-0039880,Malik Washington,WR,MIA,CLE,7,8.0,3.0,0,0,0,8,5,30,0,0,0,0,0,38.0
00-0039880,Malik Washington,WR,MIA,ATL,8,13.6,9.6,0,0,0,5,4,36,1,0,0,0,0,23.0
00-0039880,Malik Washington,WR,MIA,BAL,9,7.1,4.1,3,13,0,3,3,48,0,0,0,0,0,49.0
00-0039880,Malik Washington,WR,MIA,BUF,10,9.3,7.3,1,4,0,3,2,9,1,0,0,0,0,35.0
00-0039880,Malik Washington,WR,MIA,WAS,11,7.2,4.2,0,0,0,3,3,42,0,0,0,0,0,41.0
00-0039880,Malik Washington,WR,MIA,NO,13,7.0,3.0,0,0,0,5,4,30,0,0,0,0,0,43.0
00-0039880,Malik Washington,WR,MIA,NYJ,14,4.0,1.0,0,0,0,4,3,10,0,0,0,0,0,55.0
00-0039880,Malik Washington,WR,MIA,PIT,15,2.0,1.0,0,0,0,1,1,10,0,0,0,0,0,74.0
00-0039880,Malik Washington,WR,MIA,CIN,16,10.2,9.2,1,9,1,1,1,23,0,0,0,0,0,32.0
00-0039880,Malik Washington,WR,MIA,TB,17,1.5,0.5,1,1,0,3,1,4,0,0,0,0,0,71.0
00-0039880,Malik Washington,WR,MIA,NE,18,11.8,8.8,2,22,0,4,3,6,1,0,0,0,0,17.0
00-0032268,Marcus Mariota,QB,WAS,LV,3,20.28,20.28,6,40,1,0,0,0,0,21,207,1,0,6.0
00-0032268,Marcus Mariota,QB,WAS,ATL,4,16.24,16.24,2,20,0,0,0,0,0,27,156,2,1,16.0
00-0032268,Marcus Mariota,QB,WAS,DAL,7,3.92,3.92,2,34,0,0,0,0,0,10,63,0,1,29.0
00-0032268,Marcus Mariota,QB,WAS,KC,8,11.32,11.32,8,28,0,0,0,0,0,30,213,1,2,19.0
00-0032268,Marcus Mariota,QB,WAS,DET,10,18.72,18.72,5,22,0,0,0,0,0,22,213,2,0,12.0
00-0032268,Marcus Mariota,QB,WAS,MIA,11,15.42,15.42,4,49,0,0,0,0,0,30,213,1,1,11.0
00-0032268,Marcus Mariota,QB,WAS,DEN,13,23.26,23.26,10,55,0,0,0,0,0,50,294,2,1,3.0
00-0032268,Marcus Mariota,QB,WAS,MIN,14,-2.1,-2.1,2,7,0,0,0,0,0,4,30,0,1,29.0
00-0032268,Marcus Mariota,QB,WAS,NYG,15,14.74,14.74,10,43,0,0,0,0,0,19,211,1,0,21.0
00-0032268,Marcus Mariota,QB,WAS,PHI,16,3.7,3.7,1,-1,0,0,0,0,0,14,95,0,0,27.0
00-0034753,Mark Andrews,TE,BAL,BUF,1,1.5,0.5,0,0,0,1,1,5,0,0,0,0,0,35.0
00-0034753,Mark Andrews,TE,BAL,CLE,2,1.4,0.4,1,2,0,3,1,2,0,0,0,0,0,37.0
00-0034753,Mark Andrews,TE,BAL,DET,3,27.1,21.1,0,0,0,6,6,91,2,0,0,0,0,2.0
00-0034753,Mark Andrews,TE,BAL,KC,4,10.0,3.0,0,0,0,8,7,30,0,0,0,0,0,15.0
00-0034753,Mark Andrews,TE,BAL,HOU,5,4.2,2.2,0,0,0,3,2,22,0,0,0,0,0,24.0
00-0034753,Mark Andrews,TE,BAL,LA,6,6.6,2.6,3,2,0,6,4,24,0,0,0,0,0,23.0
00-0034753,Mark Andrews,TE,BAL,CHI,8,6.4,3.4,0,0,0,3,3,34,0,0,0,0,0,20.0
00-0034753,Mark Andrews,TE,BAL,MIA,9,16.6,14.6,2,4,0,3,2,22,2,0,0,0,0,5.0
00-0034753,Mark Andrews,TE,BAL,MIN,10,10.4,7.4,0,0,0,5,3,14,1,0,0,0,0,9.0
00-0034753,Mark Andrews,TE,BAL,CLE,11,15.7,12.7,1,35,1,5,3,32,0,0,0,0,0,5.0
00-0034753,Mark Andrews,TE,BAL,NYJ,12,2.1,1.1,2,2,0,3,1,9,0,0,0,0,0,29.0
00-0034753,Mark Andrews,TE,BAL,CIN,13,8.7,4.7,0,0,0,6,4,47,0,0,0,0,0,17.0
00-0034753,Mark Andrews,TE,BAL,PIT,14,1.9,0.9,0,0,0,5,1,9,0,0,0,0,0,32.0
00-0034753,Mark Andrews,TE,BAL,CIN,15,3.8,1.8,0,0,0,3,2,18,0,0,0,0,0,29.0
00-0034753,Mark Andrews,TE,BAL,NE,16,4.4,2.4,1,3,0,3,2,21,0,0,0,0,0,23.0
00-0034753,Mark Andrews,TE,BAL,GB,17,6.8,2.8,0,0,0,4,4,28,0,0,0,0,0,22.0
00-0034753,Mark Andrews,TE,BAL,PIT,18,3.4,1.4,0,0,0,3,2,14,0,0,0,0,0,25.0
00-0035662,Marquise Brown,WR,KC,LAC,1,19.9,9.9,0,0,0,16,10,99,0,0,0,0,0,9.0
00-0035662,Marquise Brown,WR,KC,PHI,2,8.0,3.0,0,0,0,5,5,30,0,0,0,0,0,53.0
00-0035662,Marquise Brown,WR,KC,NYG,3,8.2,4.2,0,0,0,6,4,42,0,0,0,0,0,40.0
00-0035662,Marquise Brown,WR,KC,BAL,4,12.8,9.8,0,0,0,5,3,38,1,0,0,0,0,25.0
00-0035662,Marquise Brown,WR,KC,JAX,5,8.8,4.8,0,0,0,8,4,48,0,0,0,0,0,45.0
00-0035662,Marquise Brown,WR,KC,DET,6,20.5,16.5,0,0,0,4,4,45,2,0,0,0,0,8.0
00-0035662,Marquise Brown,WR,KC,LV,7,9.4,7.4,0,0,0,4,2,14,1,0,0,0,0,33.0
00-0035662,Marquise Brown,WR,KC,WAS,8,0.0,0.0,0,0,0,1,0,0,0,0,0,0,0,65.0
00-0035662,Marquise Brown,WR,KC,BUF,9,9.3,7.3,0,0,0,4,2,73,0,0,0,0,0,38.0
00-0035662,Marquise Brown,WR,KC,DEN,11,8.0,4.0,0,0,0,4,4,40,0,0,0,0,0,39.0
00-0035662,Marquise Brown,WR,KC,IND,12,2.0,1.0,0,0,0,1,1,10,0,0,0,0,0,62.0
00-0035662,Marquise Brown,WR,KC,DAL,13,10.0,8.0,0,0,0,2,2,20,1,0,0,0,0,34.0
00-0035662,Marquise Brown,WR,KC,HOU,14,4.5,3.5,0,0,0,2,1,35,0,0,0,0,0,51.0
00-0035662,Marquise Brown,WR,KC,TEN,16,5.2,2.2,0,0,0,3,3,22,0,0,0,0,0,59.0
00-0035662,Marquise Brown,WR,KC,DEN,17,1.7,0.7,0,0,0,3,1,7,0,0,0,0,0,67.0
00-0035662,Marquise Brown,WR,KC,LV,18,9.4,6.4,0,0,0,6,3,64,0,0,0,0,0,23.0
00-0039849,Marvin Harrison Jr.,WR,ARI,NO,1,18.1,13.1,0,0,0,6,5,71,1,0,0,0,0,12.0
00-0039849,Marvin Harrison Jr.,WR,ARI,CAR,2,4.7,2.7,0,0,0,5,2,27,0,0,0,0,0,67.0
00-0039849,Marvin Harrison Jr.,WR,ARI,SF,3,7.4,4.4,0,0,0,6,3,44,0,0,0,0,0,47.0
00-0039849,Marvin Harrison Jr.,WR,ARI,SEA,4,18.6,12.6,0,0,0,10,6,66,1,0,0,0,0,14.0
00-0039849,Marvin Harrison Jr.,WR,ARI,TEN,5,13.8,9.8,0,0,0,5,4,98,0,0,0,0,0,21.0
00-0039849,Marvin Harrison Jr.,WR,ARI,IND,6,5.2,3.2,0,0,0,2,2,32,0,0,0,0,0,49.0
00-0039849,Marvin Harrison Jr.,WR,ARI,GB,7,7.8,5.8,0,0,0,6,2,58,0,0,0,0,0,42.0
00-0039849,Marvin Harrison Jr.,WR,ARI,DAL,9,22.6,15.6,0,0,0,10,7,96,1,0,0,0,0,6.0
00-0039849,Marvin Harrison Jr.,WR,ARI,SEA,10,14.3,11.3,0,0,0,12,3,33,1,0,0,0,0,24.0
00-0039849,Marvin Harrison Jr.,WR,ARI,TB,13,12.9,6.9,0,0,0,7,6,69,0,0,0,0,0,24.0
00-0039849,Marvin Harrison Jr.,WR,ARI,ATL,16,2.4,1.4,0,0,0,3,1,14,0,0,0,0,0,73.0
00-0039849,Marvin Harrison Jr.,WR,ARI,CIN,17,0.0,0.0,0,0,0,1,0,0,0,0,0,0,0,78.0
00-0038976,Marvin Mims Jr.,WR,DEN,TEN,1,4.2,1.2,0,0,0,4,3,12,0,0,0,0,0,61.0
00-0038976,Marvin Mims Jr.,WR,DEN,IND,2,10.4,8.4,0,0,0,2,2,24,1,0,0,0,0,38.0
00-0038976,Marvin Mims Jr.,WR,DEN,LAC,3,1.4,0.4,0,0,0,4,1,4,0,0,0,0,0,79.0
00-0038976,Marvin Mims Jr.,WR,DEN,CIN,4,20.5,14.5,1,16,1,6,6,69,0,0,0,0,0,9.0
00-0038976,Marvin Mims Jr.,WR,DEN,PHI,5,3.9,1.9,1,9,0,5,2,10,0,0,0,0,0,58.0
00-0038976,Marvin Mims Jr.,WR,DEN,NYJ,6,4.8,2.8,1,-2,0,3,2,30,0,0,0,0,0,52.0
00-0038976,Marvin Mims Jr.,WR,DEN,NYG,7,15.8,9.8,1,13,0,7,6,85,0,0,0,0,0,17.0
00-0038976,Marvin Mims Jr.,WR,DEN,DAL,8,1.8,1.8,3,18,0,1,0,0,0,0,0,0,0,59.0
00-0038976,Marvin Mims Jr.,WR,DEN,KC,11,0.2,0.2,1,2,0,0,0,0,0,0,0,0,0,77.0
00-0038976,Marvin Mims Jr.,WR,DEN,WAS,13,3.7,1.7,1,9,0,2,2,8,0,0,0,0,0,67.0
00-0038976,Marvin Mims Jr.,WR,DEN,LV,14,7.7,6.7,1,2,0,1,1,5,0,0,0,0,0,35.0
00-0038976,Marvin Mims Jr.,WR,DEN,GB,15,7.7,3.7,1,8,0,6,4,29,0,0,0,0,0,45.0
00-0038976,Marvin Mims Jr.,WR,DEN,JAX,16,5.9,2.9,1,3,0,3,3,26,0,0,0,0,0,55.0
00-0038976,Marvin Mims Jr.,WR,DEN,KC,17,4.0,1.0,0,0,0,4,3,10,0,0,0,0,0,57.0
00-0038976,Marvin Mims Jr.,WR,DEN,LAC,18,3.0,1.0,0,0,0,3,2,10,0,0,0,0,0,53.0
00-0040736,Mason Taylor,TE,NYJ,PIT,1,3.0,2.0,0,0,0,1,1,20,0,0,0,0,0,31.0
00-0040736,Mason Taylor,TE,NYJ,BUF,2,1.5,0.5,0,0,0,2,1,5,0,0,0,0,0,36.0
00-0040736,Mason Taylor,TE,NYJ,TB,3,5.8,1.8,0,0,0,6,4,18,0,0,0,0,0,22.0
00-0040736,Mason Taylor,TE,NYJ,MIA,4,11.5,6.5,0,0,0,7,5,65,0,0,0,0,0,11.0
00-0040736,Mason Taylor,TE,NYJ,DAL,5,17.7,8.7,0,0,0,12,9,67,0,0,0,0,0,8.0
00-0040736,Mason Taylor,TE,NYJ,DEN,6,1.2,0.2,0,0,0,1,1,2,0,0,0,0,0,35.0
00-0040736,Mason Taylor,TE,NYJ,CAR,7,6.1,3.1,0,0,0,5,3,31,0,0,0,0,0,24.0
00-0040736,Mason Taylor,TE,NYJ,CIN,8,14.4,9.4,0,0,0,8,5,34,1,0,0,0,0,7.0
00-0040736,Mason Taylor,TE,NYJ,CLE,10,1.4,0.4,0,0,0,2,1,4,0,0,0,0,0,33.0
00-0040736,Mason Taylor,TE,NYJ,NE,11,7.0,3.0,0,0,0,4,4,30,0,0,0,0,0,16.0
00-0040736,Mason Taylor,TE,NYJ,BAL,12,5.1,2.1,0,0,0,5,3,21,0,0,0,0,0,22.0
00-0040736,Mason Taylor,TE,NYJ,ATL,13,4.1,2.1,0,0,0,4,2,21,0,0,0,0,0,30.0
00-0040736,Mason Taylor,TE,NYJ,MIA,14,10.1,5.1,0,0,0,8,5,51,0,0,0,0,0,13.0
00-0040667,Matthew Golden,WR,GB,DET,1,3.6,1.6,0,0,0,2,2,16,0,0,0,0,0,65.0
00-0040667,Matthew Golden,WR,GB,WAS,2,1.5,1.5,2,15,0,2,0,0,0,0,0,0,0,84.0
00-0040667,Matthew Golden,WR,GB,CLE,3,10.1,6.1,3,9,0,4,4,52,0,0,0,0,0,34.0
00-0040667,Matthew Golden,WR,GB,DAL,4,11.3,6.3,1,5,0,6,5,58,0,0,0,0,0,27.0
00-0040667,Matthew Golden,WR,GB,CIN,6,13.2,10.2,2,16,0,5,3,86,0,0,0,0,0,20.0
00-0040667,Matthew Golden,WR,GB,ARI,7,7.7,3.7,0,0,0,4,4,37,0,0,0,0,0,44.0
00-0040667,Matthew Golden,WR,GB,PIT,8,3.4,0.4,0,0,0,3,3,4,0,0,0,0,0,55.0
00-0040667,Matthew Golden,WR,GB,CAR,9,2.9,0.9,0,0,0,3,2,9,0,0,0,0,0,62.0
00-0040667,Matthew Golden,WR,GB,NYG,11,3.4,2.4,0,0,0,3,1,24,0,0,0,0,0,60.0
00-0040667,Matthew Golden,WR,GB,CHI,14,0.0,0.0,0,0,0,1,0,0,0,0,0,0,0,72.0
00-0040667,Matthew Golden,WR,GB,DEN,15,8.5,5.5,0,0,0,4,3,55,0,0,0,0,0,40.0
00-0040667,Matthew Golden,WR,GB,CHI,16,0.4,0.4,2,4,0,1,0,0,0,0,0,0,0,84.0
00-0040667,Matthew Golden,WR,GB,BAL,17,2.2,1.2,0,0,0,3,1,12,0,0,0,0,0,64.0
00-0040667,Matthew Golden,WR,GB,MIN,18,1.8,0.8,0,0,0,3,1,8,0,0,0,0,0,59.0
00-0026498,Matthew Stafford,QB,LA,HOU,1,13.6,13.6,4,-2,0,0,0,0,0,29,245,1,0,19.0
00-0026498,Matthew Stafford,QB,LA,TEN,2,17.32,17.32,2,-6,0,0,0,0,0,33,298,2,1,17.0
00-0026498,Matthew Stafford,QB,LA,PHI,3,13.84,13.84,0,0,0,0,0,0,0,33,196,2,1,15.0
00-0026498,Matthew Stafford,QB,LA,IND,4,27.4,27.4,4,4,0,0,0,0,0,41,375,3,0,2.0
00-0026498,Matthew Stafford,QB,LA,SF,5,25.56,25.56,1,0,0,0,0,0,0,47,389,3,0,8.0
00-0026498,Matthew Stafford,QB,LA,BAL,6,9.34,9.34,4,1,0,0,0,0,0,26,181,1,0,24.0
00-0026498,Matthew Stafford,QB,LA,JAX,7,27.38,27.38,2,1,0,0,0,0,0,33,182,5,0,4.0
00-0026498,Matthew Stafford,QB,LA,NO,9,26.84,26.84,4,-4,0,0,0,0,0,32,281,4,0,7.0
00-0026498,Matthew Stafford,QB,LA,SF,10,26.9,26.9,3,-3,0,0,0,0,0,36,280,4,0,2.0
00-0026498,Matthew Stafford,QB,LA,SEA,11,13.2,13.2,0,0,0,0,0,0,0,28,130,2,0,15.0
00-0026498,Matthew Stafford,QB,LA,TB,12,22.92,22.92,0,0,0,0,0,0,0,35,273,3,0,4.0
00-0026498,Matthew Stafford,QB,LA,CAR,13,11.62,11.62,1,-1,0,0,0,0,0,28,243,2,2,23.0
00-0026498,Matthew Stafford,QB,LA,ARI,14,23.24,23.24,0,0,0,0,0,0,0,31,281,3,0,4.0
00-0026498,Matthew Stafford,QB,LA,DET,15,20.92,20.92,1,2,0,0,0,0,0,38,368,2,1,11.0
00-0026498,Matthew Stafford,QB,LA,SEA,16,30.88,30.88,2,6,0,0,0,0,0,49,457,3,0,3.0
00-0026498,Matthew Stafford,QB,LA,ATL,17,12.76,12.76,0,0,0,0,0,0,0,38,269,2,3,16.0
00-0026498,Matthew Stafford,QB,LA,ARI,18,26.66,26.66,1,3,0,0,0,0,0,40,259,4,0,1.0
00-0036924,Michael Carter,RB,ARI,SEA,4,0.1,0.1,1,1,0,0,0,0,0,0,0,0,0,54.0
00-0036924,Michael Carter,RB,ARI,TEN,5,18.3,13.3,18,51,1,5,5,22,0,0,0,0,0,9.0
00-0036924,Michael Carter,RB,ARI,IND,6,8.4,6.4,9,34,0,5,2,30,0,0,0,0,0,26.0
00-0036924,Michael Carter,RB,ARI,GB,7,5.6,3.6,7,11,0,2,2,25,0,0,0,0,0,38.0
00-0036924,Michael Carter,RB,ARI,SEA,10,0.4,0.4,3,4,0,0,0,0,0,0,0,0,0,52.0
00-0036924,Michael Carter,RB,ARI,SF,11,7.8,2.8,2,6,0,7,5,22,0,0,0,0,0,36.0
00-0036924,Michael Carter,RB,ARI,JAX,12,8.8,5.8,5,28,0,3,3,30,0,0,0,0,0,26.0
00-0036924,Michael Carter,RB,ARI,TB,13,11.4,6.4,5,17,0,6,5,47,0,0,0,0,0,27.0
00-0036924,Michael Carter,RB,ARI,LA,14,5.1,3.1,3,13,0,4,2,18,0,0,0,0,0,40.0
00-0036924,Michael Carter,RB,ARI,HOU,15,13.4,9.4,14,56,0,4,4,38,0,0,0,0,0,18.0
00-0036924,Michael Carter,RB,ARI,ATL,16,6.5,6.5,11,65,0,2,0,0,0,0,0,0,0,40.0
00-0036924,Michael Carter,RB,ARI,CIN,17,6.3,4.3,7,29,0,4,2,14,0,0,0,0,0,36.0
00-0036924,Michael Carter,RB,ARI,LA,18,6.9,3.9,7,18,0,3,3,21,0,0,0,0,0,27.0
00-0039066,Michael Mayer,TE,LV,NE,1,7.8,3.8,0,0,0,4,4,38,0,0,0,0,0,20.0
00-0039066,Michael Mayer,TE,LV,LAC,2,2.9,0.9,0,0,0,2,2,9,0,0,0,0,0,30.0
00-0039066,Michael Mayer,TE,LV,WAS,3,0.0,0.0,0,0,0,1,0,0,0,0,0,0,0,36.0
00-0039066,Michael Mayer,TE,LV,TEN,6,16.0,11.0,0,0,0,7,5,50,1,0,0,0,0,6.0
00-0039066,Michael Mayer,TE,LV,KC,7,2.0,1.0,0,0,0,2,1,10,0,0,0,0,0,30.0
00-0039066,Michael Mayer,TE,LV,JAX,9,5.6,2.6,0,0,0,7,3,26,0,0,0,0,0,27.0
00-0039066,Michael Mayer,TE,LV,DEN,10,5.2,2.2,0,0,0,4,3,22,0,0,0,0,0,22.0
00-0039066,Michael Mayer,TE,LV,DAL,11,4.3,1.3,0,0,0,4,3,13,0,0,0,0,0,27.0
00-0039066,Michael Mayer,TE,LV,CLE,12,2.4,1.4,0,0,0,1,1,14,0,0,0,0,0,28.0
00-0039066,Michael Mayer,TE,LV,PHI,15,0.0,0.0,0,0,0,0,0,0,0,0,0,0,0,36.0
00-0039066,Michael Mayer,TE,LV,HOU,16,2.0,1.0,0,0,0,3,1,10,0,0,0,0,0,29.0
00-0039066,Michael Mayer,TE,LV,NYG,17,17.9,8.9,0,0,0,10,9,89,0,0,0,0,0,4.0
00-0039066,Michael Mayer,TE,LV,KC,18,7.7,4.7,0,0,0,5,3,47,0,0,0,0,0,16.0
00-0039917,Michael Penix Jr.,QB,ATL,TB,1,24.02,24.02,6,21,1,0,0,0,0,42,298,1,0,10.0
00-0039917,Michael Penix Jr.,QB,ATL,MIN,2,5.3,5.3,1,-1,0,0,0,0,0,21,135,0,0,29.0
00-0039917,Michael Penix Jr.,QB,ATL,CAR,3,3.78,3.78,2,9,0,0,0,0,0,36,172,0,2,29.0
00-0039917,Michael Penix Jr.,QB,ATL,WAS,4,18.72,18.72,4,2,0,0,0,0,0,26,313,2,1,13.0
00-0039917,Michael Penix Jr.,QB,ATL,BUF,6,14.6,14.6,2,6,0,0,0,0,0,32,250,1,0,20.0
00-0039917,Michael Penix Jr.,QB,ATL,SF,7,12.24,12.24,2,6,0,0,0,0,0,38,241,1,0,17.0
00-0039917,Michael Penix Jr.,QB,ATL,NE,9,22.74,22.74,2,19,0,0,0,0,0,37,221,3,0,11.0
00-0039917,Michael Penix Jr.,QB,ATL,IND,10,10.98,10.98,1,-1,0,0,0,0,0,28,177,1,0,19.0
00-0039917,Michael Penix Jr.,QB,ATL,CAR,11,7.9,7.9,1,9,0,0,0,0,0,16,175,0,0,23.0
00-0036252,Michael Pittman,WR,IND,MIA,1,20.0,14.0,0,0,0,8,6,80,1,0,0,0,0,8.0
00-0036252,Michael Pittman,WR,IND,DEN,2,8.0,4.0,0,0,0,5,4,40,0,0,0,0,0,53.0
00-0036252,Michael Pittman,WR,IND,TEN,3,19.3,13.3,0,0,0,6,6,73,1,0,0,0,0,13.0
00-0036252,Michael Pittman,WR,IND,LA,4,15.1,10.1,0,0,0,10,5,41,1,0,0,0,0,21.0
00-0036252,Michael Pittman,WR,IND,LV,5,14.9,9.9,0,0,0,6,5,39,1,0,0,0,0,19.0
00-0036252,Michael Pittman,WR,IND,ARI,6,4.0,2.0,0,0,0,3,2,20,0,0,0,0,0,60.0
00-0036252,Michael Pittman,WR,IND,LAC,7,20.8,13.8,0,0,0,9,7,58,1,0,0,0,0,13.0
00-0036252,Michael Pittman,WR,IND,TEN,8,23.5,15.5,0,0,0,9,8,95,1,0,0,0,0,3.0
00-0036252,Michael Pittman,WR,IND,PIT,9,20.5,11.5,0,0,0,12,9,115,0,0,0,0,0,9.0
00-0036252,Michael Pittman,WR,IND,ATL,10,3.9,1.9,0,0,0,2,2,19,0,0,0,0,0,54.0
00-0036252,Michael Pittman,WR,IND,KC,12,13.7,8.7,0,0,0,8,5,27,1,0,0,0,0,23.0
00-0036252,Michael Pittman,WR,IND,HOU,13,2.3,1.3,0,0,0,4,1,13,0,0,0,0,0,74.0
00-0036252,Michael Pittman,WR,IND,JAX,14,16.9,7.9,0,0,0,12,9,79,0,0,0,0,0,12.0
00-0036252,Michael Pittman,WR,IND,SEA,15,5.6,2.6,0,0,0,5,3,26,0,0,0,0,0,54.0
00-0036252,Michael Pittman,WR,IND,SF,16,7.2,3.2,0,0,0,5,4,32,0,0,0,0,0,50.0
00-0036252,Michael Pittman,WR,IND,JAX,17,3.6,1.6,0,0,0,3,2,16,0,0,0,0,0,59.0
00-0036252,Michael Pittman,WR,IND,HOU,18,3.1,1.1,0,0,0,4,2,11,0,0,0,0,0,52.0
00-0038559,Michael Wilson,WR,ARI,NO,1,1.5,0.5,0,0,0,4,1,5,0,0,0,0,0,75.0
00-0038559,Michael Wilson,WR,ARI,CAR,2,8.1,7.1,0,0,0,2,1,11,1,0,0,0,0,52.0
00-0038559,Michael Wilson,WR,ARI,SF,3,1.5,0.5,0,0,0,2,1,5,0,0,0,0,0,77.0
00-0038559,Michael Wilson,WR,ARI,SEA,4,4.5,1.5,0,0,0,6,3,15,0,0,0,0,0,61.0
00-0038559,Michael Wilson,WR,ARI,TEN,5,3.6,1.6,0,0,0,4,2,16,0,0,0,0,0,63.0
00-0038559,Michael Wilson,WR,ARI,IND,6,8.4,4.4,0,0,0,5,4,44,0,0,0,0,0,34.0
00-0038559,Michael Wilson,WR,ARI,GB,7,7.0,4.0,0,0,0,4,3,40,0,0,0,0,0,48.0
00-0038559,Michael Wilson,WR,ARI,DAL,9,9.1,6.1,0,0,0,4,3,61,0,0,0,0,0,40.0
00-0038559,Michael Wilson,WR,ARI,SEA,10,7.4,3.4,0,0,0,7,4,34,0,0,0,0,0,41.0
00-0038559,Michael Wilson,WR,ARI,SF,11,33.5,18.5,0,0,0,18,15,185,0,0,0,0,0,1.0
00-0038559,Michael Wilson,WR,ARI,JAX,12,21.8,11.8,0,0,0,15,10,118,0,0,0,0,0,9.0
00-0038559,Michael Wilson,WR,ARI,TB,13,6.6,3.6,0,0,0,7,3,36,0,0,0,0,0,46.0
00-0038559,Michael Wilson,WR,ARI,LA,14,37.2,26.2,0,0,0,16,11,142,2,0,0,0,0,1.0
00-0038559,Michael Wilson,WR,ARI,HOU,15,16.4,11.4,0,0,0,11,5,54,1,0,0,0,0,17.0
00-0038559,Michael Wilson,WR,ARI,ATL,16,13.2,11.2,0,0,0,3,2,52,1,0,0,0,0,25.0
00-0038559,Michael Wilson,WR,ARI,CIN,17,19.9,14.9,0,0,0,10,5,89,1,0,0,0,0,8.0
00-0038559,Michael Wilson,WR,ARI,LA,18,20.9,15.9,0,0,0,8,5,99,1,0,0,0,0,6.0
00-0031408,Mike Evans,WR,TB,ATL,1,10.1,5.1,0,0,0,8,5,51,0,0,0,0,0,35.0
00-0031408,Mike Evans,WR,TB,HOU,2,10.6,5.6,0,0,0,11,5,56,0,0,0,0,0,37.0
00-0031408,Mike Evans,WR,TB,NYJ,3,13.3,9.3,0,0,0,9,4,33,1,0,0,0,0,25.0
00-0031408,Mike Evans,WR,TB,DET,7,0.0,0.0,0,0,0,4,0,0,0,0,0,0,0,73.0
00-0031408,Mike Evans,WR,TB,ATL,15,19.2,13.2,0,0,0,12,6,132,0,0,0,0,0,11.0
00-0031408,Mike Evans,WR,TB,CAR,16,14.1,9.1,0,0,0,9,5,31,1,0,0,0,0,23.0
00-0031408,Mike Evans,WR,TB,MIA,17,12.1,9.1,0,0,0,7,3,31,1,0,0,0,0,23.0
00-0031408,Mike Evans,WR,TB,CAR,18,5.4,3.4,0,0,0,2,2,34,0,0,0,0,0,38.0
00-0034829,Mike Gesicki,TE,CIN,CLE,1,2.4,1.4,0,0,0,3,1,14,0,0,0,0,0,33.0
00-0034829,Mike Gesicki,TE,CIN,JAX,2,4.8,1.8,0,0,0,4,3,18,0,0,0,0,0,27.0
00-0034829,Mike Gesicki,TE,CIN,MIN,3,1.6,0.6,0,0,0,3,1,6,0,0,0,0,0,32.0
00-0034829,Mike Gesicki,TE,CIN,DEN,4,1.8,0.8,0,0,0,1,1,8,0,0,0,0,0,36.0
00-0034829,Mike Gesicki,TE,CIN,DET,5,3.5,1.5,0,0,0,5,2,15,0,0,0,0,0,26.0
00-0034829,Mike Gesicki,TE,CIN,NE,12,7.5,3.5,0,0,0,6,4,35,0,0,0,0,0,16.0
00-0034829,Mike Gesicki,TE,CIN,BAL,13,3.9,1.9,0,0,0,4,2,19,0,0,0,0,0,31.0
00-0034829,Mike Gesicki,TE,CIN,BUF,14,20.6,14.6,0,0,0,6,6,86,1,0,0,0,0,2.0
00-0034829,Mike Gesicki,TE,CIN,BAL,15,2.1,1.1,0,0,0,2,1,11,0,0,0,0,0,35.0
00-0034829,Mike Gesicki,TE,CIN,MIA,16,12.5,9.5,0,0,0,4,3,35,1,0,0,0,0,11.0
00-0034829,Mike Gesicki,TE,CIN,ARI,17,6.7,4.7,0,0,0,2,2,47,0,0,0,0,0,23.0
00-0034829,Mike Gesicki,TE,CIN,CLE,18,3.3,1.3,0,0,0,2,2,13,0,0,0,0,0,27.0
00-0034791,Nick Chubb,RB,HOU,LA,1,6.0,6.0,13,60,0,1,0,0,0,0,0,0,0,32.0
00-0034791,Nick Chubb,RB,HOU,TB,2,15.2,13.2,12,43,1,2,2,29,0,0,0,0,0,18.0
00-0034791,Nick Chubb,RB,HOU,JAX,3,7.0,4.0,9,38,0,4,3,2,0,0,0,0,0,34.0
00-0034791,Nick Chubb,RB,HOU,TEN,4,8.2,6.2,13,47,0,2,2,15,0,0,0,0,0,36.0
00-0034791,Nick Chubb,RB,HOU,BAL,5,12.1,12.1,11,61,1,1,0,0,0,0,0,0,0,23.0
00-0034791,Nick Chubb,RB,HOU,SEA,7,2.1,1.1,5,16,0,3,1,-5,0,0,0,0,0,50.0
00-0034791,Nick Chubb,RB,HOU,SF,8,8.9,6.9,17,56,0,2,2,13,0,0,0,0,0,27.0
00-0034791,Nick Chubb,RB,HOU,DEN,9,3.4,3.4,11,34,0,0,0,0,0,0,0,0,0,39.0
00-0034791,Nick Chubb,RB,HOU,JAX,10,6.2,5.2,5,47,0,1,1,5,0,0,0,0,0,35.0
00-0034791,Nick Chubb,RB,HOU,TEN,11,1.7,1.7,3,17,0,2,0,0,0,0,0,0,0,50.0
00-0034791,Nick Chubb,RB,HOU,BUF,12,2.5,1.5,6,16,0,1,1,-1,0,0,0,0,0,45.0
00-0034791,Nick Chubb,RB,HOU,IND,13,9.4,9.4,9,34,1,0,0,0,0,0,0,0,0,35.0
00-0034791,Nick Chubb,RB,HOU,KC,14,0.3,0.3,1,3,0,0,0,0,0,0,0,0,0,50.0
00-0034791,Nick Chubb,RB,HOU,LV,16,5.2,4.2,6,33,0,1,1,9,0,0,0,0,0,45.0
00-0034791,Nick Chubb,RB,HOU,LAC,17,0.1,0.1,1,1,0,0,0,0,0,0,0,0,0,53.0
00-0036554,Nico Collins,WR,HOU,LA,1,5.5,2.5,0,0,0,5,3,25,0,0,0,0,0,51.0
00-0036554,Nico Collins,WR,HOU,TB,2,14.2,11.2,0,0,0,9,3,52,1,0,0,0,0,25.0
00-0036554,Nico Collins,WR,HOU,JAX,3,22.4,14.4,0,0,0,11,8,104,1,0,0,0,0,6.0
00-0036554,Nico Collins,WR,HOU,TEN,4,11.9,7.9,0,0,0,6,4,79,0,0,0,0,0,26.0
00-0036554,Nico Collins,WR,HOU,BAL,5,16.0,12.0,1,8,0,5,4,52,1,0,0,0,0,17.0
00-0036554,Nico Collins,WR,HOU,SEA,7,6.7,2.7,0,0,0,10,4,27,0,0,0,0,0,49.0
00-0036554,Nico Collins,WR,HOU,DEN,9,14.5,7.5,0,0,0,11,7,75,0,0,0,0,0,24.0
00-0036554,Nico Collins,WR,HOU,JAX,10,22.6,15.6,0,0,0,15,7,136,0,0,0,0,0,5.0
00-0036554,Nico Collins,WR,HOU,TEN,11,24.2,15.2,0,0,0,10,9,92,1,0,0,0,0,4.0
00-0036554,Nico Collins,WR,HOU,BUF,12,8.5,5.5,0,0,0,3,3,55,0,0,0,0,0,34.0
00-0036554,Nico Collins,WR,HOU,IND,13,21.5,16.5,1,7,1,10,5,98,0,0,0,0,0,10.0
00-0036554,Nico Collins,WR,HOU,KC,14,16.1,12.1,0,0,0,8,4,121,0,0,0,0,0,15.0
00-0036554,Nico Collins,WR,HOU,ARI,15,23.5,20.5,0,0,0,4,3,85,2,0,0,0,0,5.0
00-0036554,Nico Collins,WR,HOU,LV,16,9.9,5.9,0,0,0,9,4,59,0,0,0,0,0,33.0
00-0036554,Nico Collins,WR,HOU,LAC,17,8.7,5.7,0,0,0,4,3,57,0,0,0,0,0,36.0
00-0035644,Noah Fant,TE,CIN,CLE,1,12.6,8.6,0,0,0,5,4,26,1,0,0,0,0,9.0
00-0035644,Noah Fant,TE,CIN,JAX,2,5.8,2.8,0,0,0,4,3,28,0,0,0,0,0,22.0
00-0035644,Noah Fant,TE,CIN,MIN,3,5.6,0.6,0,0,0,5,5,26,0,0,0,0,0,24.0
00-0035644,Noah Fant,TE,CIN,GB,6,6.7,2.7,0,0,0,4,4,27,0,0,0,0,0,22.0
00-0035644,Noah Fant,TE,CIN,PIT,7,14.4,10.4,0,0,0,4,4,44,1,0,0,0,0,10.0
00-0035644,Noah Fant,TE,CIN,NYJ,8,7.1,4.1,0,0,0,3,3,41,0,0,0,0,0,18.0
00-0035644,Noah Fant,TE,CIN,CHI,9,10.8,8.8,0,0,0,3,2,28,1,0,0,0,0,14.0
00-0035644,Noah Fant,TE,CIN,PIT,11,6.6,1.6,0,0,0,6,5,36,0,0,0,0,0,20.0
00-0035644,Noah Fant,TE,CIN,NE,12,1.9,0.9,0,0,0,1,1,9,0,0,0,0,0,31.0
00-0035644,Noah Fant,TE,CIN,BAL,13,1.3,0.3,0,0,0,2,1,3,0,0,0,0,0,37.0
00-0035644,Noah Fant,TE,CIN,BUF,14,2.5,1.5,0,0,0,2,1,15,0,0,0,0,0,29.0
00-0035644,Noah Fant,TE,CIN,ARI,17,0.0,0.0,0,0,0,1,0,0,0,0,0,0,0,34.0
00-0035644,Noah Fant,TE,CIN,CLE,18,-0.5,-1.5,0,0,0,1,1,5,0,0,0,0,0,32.0
00-0035208,Olamide Zaccheaus,WR,CHI,MIN,1,8.2,4.2,0,0,0,7,4,42,0,0,0,0,0,43.0
00-0035208,Olamide Zaccheaus,WR,CHI,DET,2,4.1,2.1,1,9,0,5,2,12,0,0,0,0,0,68.0
00-0035208,Olamide Zaccheaus,WR,CHI,DAL,3,6.6,3.6,1,12,0,4,3,24,0,0,0,0,0,52.0
00-0035208,Olamide Zaccheaus,WR,CHI,LV,4,9.1,4.1,0,0,0,6,5,41,0,0,0,0,0,36.0
00-0035208,Olamide Zaccheaus,WR,CHI,WAS,6,4.8,2.8,1,4,0,6,2,24,0,0,0,0,0,52.0
00-0035208,Olamide Zaccheaus,WR,CHI,NO,7,2.9,0.9,1,0,0,3,2,9,0,0,0,0,0,64.0
00-0035208,Olamide Zaccheaus,WR,CHI,BAL,8,10.3,3.3,0,0,0,7,7,33,0,0,0,0,0,34.0
00-0035208,Olamide Zaccheaus,WR,CHI,CIN,9,17.8,11.8,0,0,0,8,6,58,1,0,0,0,0,14.0
00-0035208,Olamide Zaccheaus,WR,CHI,NYG,10,1.5,0.5,0,0,0,4,1,5,0,0,0,0,0,66.0
00-0035208,Olamide Zaccheaus,WR,CHI,PIT,12,1.6,0.6,0,0,0,1,1,6,0,0,0,0,0,65.0
00-0035208,Olamide Zaccheaus,WR,CHI,PHI,13,3.9,1.9,0,0,0,3,2,19,0,0,0,0,0,66.0
00-0035208,Olamide Zaccheaus,WR,CHI,GB,14,8.7,6.7,0,0,0,3,2,7,1,0,0,0,0,31.0
00-0035208,Olamide Zaccheaus,WR,CHI,CLE,15,0.0,0.0,0,0,0,3,0,0,0,0,0,0,0,78.0
00-0035208,Olamide Zaccheaus,WR,CHI,GB,16,5.3,3.3,0,0,0,5,2,33,0,0,0,0,0,58.0
00-0040666,Omarion Hampton,RB,LAC,KC,1,8.1,6.1,15,48,0,2,2,13,0,0,0,0,0,29.0
00-0040666,Omarion Hampton,RB,LAC,LV,2,3.5,2.5,8,24,0,2,1,1,0,0,0,0,0,42.0
00-0040666,Omarion Hampton,RB,LAC,DEN,3,24.9,18.9,19,70,1,7,6,59,0,0,0,0,0,4.0
00-0040666,Omarion Hampton,RB,LAC,NYG,4,27.5,22.5,12,128,1,5,5,37,0,0,0,0,0,7.0
00-0040666,Omarion Hampton,RB,LAC,WAS,5,13.0,7.0,12,44,0,6,6,26,0,0,0,0,0,21.0
00-0040666,Omarion Hampton,RB,LAC,PHI,14,14.7,12.7,13,56,0,2,2,11,1,0,0,0,0,16.0
00-0040666,Omarion Hampton,RB,LAC,KC,15,7.5,6.5,15,61,0,1,1,4,0,0,0,0,0,33.0
00-0040666,Omarion Hampton,RB,LAC,DAL,16,16.5,15.5,16,85,1,2,1,10,0,0,0,0,0,19.0
00-0040666,Omarion Hampton,RB,LAC,HOU,17,20.0,12.0,14,29,1,8,8,31,0,0,0,0,0,10.0
00-0040189,Oronde Gadsden II,TE,LAC,DEN,3,9.6,4.6,0,0,0,7,5,46,0,0,0,0,0,12.0
00-0040189,Oronde Gadsden II,TE,LAC,NYG,4,3.6,1.6,0,0,0,3,2,16,0,0,0,0,0,31.0
00-0040189,Oronde Gadsden II,TE,LAC,WAS,5,2.4,1.4,0,0,0,1,1,14,0,0,0,0,0,29.0
00-0040189,Oronde Gadsden II,TE,LAC,MIA,6,11.8,4.8,0,0,0,8,7,68,0,0,0,0,0,12.0
00-0040189,Oronde Gadsden II,TE,LAC,IND,7,29.4,22.4,0,0,0,9,7,164,1,0,0,0,0,1.0
00-0040189,Oronde Gadsden II,TE,LAC,MIN,8,18.7,13.7,0,0,0,5,5,77,1,0,0,0,0,3.0
00-0040189,Oronde Gadsden II,TE,LAC,TEN,9,11.8,6.8,0,0,0,5,5,68,0,0,0,0,0,10.0
00-0040189,Oronde Gadsden II,TE,LAC,PIT,10,4.3,1.3,0,0,0,6,3,13,0,0,0,0,0,23.0
00-0040189,Oronde Gadsden II,TE,LAC,JAX,11,6.1,4.1,0,0,0,5,2,41,0,0,0,0,0,23.0
00-0040189,Oronde Gadsden II,TE,LAC,LV,13,3.7,2.7,0,0,0,2,1,27,0,0,0,0,0,32.0
00-0040189,Oronde Gadsden II,TE,LAC,PHI,14,1.7,0.7,0,0,0,4,1,7,0,0,0,0,0,35.0
00-0040189,Oronde Gadsden II,TE,LAC,KC,15,10.1,6.1,0,0,0,5,4,61,0,0,0,0,0,15.0
00-0040189,Oronde Gadsden II,TE,LAC,DAL,16,1.7,0.7,0,0,0,1,1,7,0,0,0,0,0,31.0
00-0040189,Oronde Gadsden II,TE,LAC,HOU,17,12.2,9.2,0,0,0,6,3,32,1,0,0,0,0,10.0
00-0040189,Oronde Gadsden II,TE,LAC,DEN,18,4.3,2.3,0,0,0,2,2,23,0,0,0,0,0,23.0
00-0038606,Parker Washington,WR,JAX,CAR,1,0.0,0.0,0,0,0,0,0,0,0,0,0,0,0,80.0
00-0038606,Parker Washington,WR,JAX,CIN,2,12.6,7.6,0,0,0,5,5,76,0,0,0,0,0,29.0
00-0038606,Parker Washington,WR,JAX,HOU,3,7.4,3.4,0,0,0,11,4,34,0,0,0,0,0,47.0
00-0038606,Parker Washington,WR,JAX,SF,4,5.9,5.9,1,-1,0,2,0,0,0,0,0,0,0,56.0
00-0038606,Parker Washington,WR,JAX,KC,5,9.6,7.6,0,0,0,3,2,16,1,0,0,0,0,43.0
00-0038606,Parker Washington,WR,JAX,SEA,6,4.9,2.9,0,0,0,4,2,29,0,0,0,0,0,51.0
00-0038606,Parker Washington,WR,JAX,LA,7,10.2,6.2,3,10,0,10,4,52,0,0,0,0,0,30.0
00-0038606,Parker Washington,WR,JAX,LV,9,17.0,9.0,0,0,0,9,8,90,0,0,0,0,0,18.0
00-0038606,Parker Washington,WR,JAX,HOU,10,17.9,14.9,2,-4,0,7,3,33,1,0,0,0,0,15.0
00-0038606,Parker Washington,WR,JAX,LAC,11,4.0,2.0,0,0,0,2,2,20,0,0,0,0,0,59.0
00-0038606,Parker Washington,WR,JAX,ARI,12,18.1,13.1,0,0,0,7,5,71,1,0,0,0,0,12.0
00-0038606,Parker Washington,WR,JAX,TEN,13,3.6,2.6,0,0,0,3,1,26,0,0,0,0,0,68.0
00-0038606,Parker Washington,WR,JAX,NYJ,15,8.3,5.3,0,0,0,3,3,53,0,0,0,0,0,41.0
00-0038606,Parker Washington,WR,JAX,DEN,16,26.5,20.5,0,0,0,10,6,145,1,0,0,0,0,3.0
00-0038606,Parker Washington,WR,JAX,IND,17,19.0,11.0,1,-5,0,10,8,115,0,0,0,0,0,9.0
00-0038606,Parker Washington,WR,JAX,TEN,18,19.7,14.7,0,0,0,9,5,87,1,0,0,0,0,7.0
00-0040134,Pat Bryant,WR,DEN,IND,2,3.8,1.8,0,0,0,3,2,18,0,0,0,0,0,73.0
00-0040134,Pat Bryant,WR,DEN,CIN,4,0.0,0.0,0,0,0,1,0,0,0,0,0,0,0,82.0
00-0040134,Pat Bryant,WR,DEN,PHI,5,0.0,0.0,0,0,0,0,0,0,0,0,0,0,0,69.0
00-0040134,Pat Bryant,WR,DEN,NYJ,6,4.2,2.2,0,0,0,2,2,22,0,0,0,0,0,58.0
00-0040134,Pat Bryant,WR,DEN,NYG,7,1.6,0.6,0,0,0,4,1,6,0,0,0,0,0,71.0
00-0040134,Pat Bryant,WR,DEN,DAL,8,12.0,10.0,0,0,0,4,2,40,1,0,0,0,0,27.0
00-0040134,Pat Bryant,WR,DEN,HOU,9,4.0,2.0,0,0,0,3,2,20,0,0,0,0,0,56.0
00-0040134,Pat Bryant,WR,DEN,LV,10,5.3,4.3,0,0,0,2,1,43,0,0,0,0,0,52.0
00-0040134,Pat Bryant,WR,DEN,KC,11,13.2,8.2,0,0,0,6,5,82,0,0,0,0,0,18.0
00-0040134,Pat Bryant,WR,DEN,WAS,13,7.2,4.2,0,0,0,7,3,42,0,0,0,0,0,42.0
00-0040134,Pat Bryant,WR,DEN,LV,14,7.2,3.2,0,0,0,4,4,32,0,0,0,0,0,39.0
00-0040134,Pat Bryant,WR,DEN,JAX,16,9.2,4.2,0,0,0,8,5,42,0,0,0,0,0,39.0
00-0040134,Pat Bryant,WR,DEN,LAC,18,7.1,3.1,0,0,0,5,4,31,0,0,0,0,0,36.0
00-0036894,Pat Freiermuth,TE,PIT,NYJ,1,5.8,2.8,0,0,0,3,3,28,0,0,0,0,0,23.0
00-0036894,Pat Freiermuth,TE,PIT,SEA,2,6.1,3.1,0,0,0,4,3,31,0,0,0,0,0,20.0
00-0036894,Pat Freiermuth,TE,PIT,NE,3,1.6,0.6,0,0,0,3,1,6,0,0,0,0,0,32.0
00-0036894,Pat Freiermuth,TE,PIT,CLE,6,2.1,1.1,0,0,0,1,1,11,0,0,0,0,0,32.0
00-0036894,Pat Freiermuth,TE,PIT,CIN,7,28.1,23.1,0,0,0,6,5,111,2,0,0,0,0,3.0
00-0036894,Pat Freiermuth,TE,PIT,GB,8,4.3,1.3,0,0,0,4,3,13,0,0,0,0,0,25.0
00-0036894,Pat Freiermuth,TE,PIT,IND,9,11.7,8.7,0,0,0,4,3,27,1,0,0,0,0,11.0
00-0036894,Pat Freiermuth,TE,PIT,LAC,10,6.3,3.3,0,0,0,3,3,33,0,0,0,0,0,18.0
00-0036894,Pat Freiermuth,TE,PIT,CIN,11,2.9,1.9,0,0,0,1,1,19,0,0,0,0,0,33.0
00-0036894,Pat Freiermuth,TE,PIT,CHI,12,10.9,7.9,0,0,0,3,3,19,1,0,0,0,0,10.0
00-0036894,Pat Freiermuth,TE,PIT,BAL,14,2.9,0.9,0,0,0,3,2,9,0,0,0,0,0,26.0
00-0036894,Pat Freiermuth,TE,PIT,MIA,15,7.5,4.5,0,0,0,5,3,45,0,0,0,0,0,18.0
00-0036894,Pat Freiermuth,TE,PIT,DET,16,6.0,2.0,0,0,0,4,4,20,0,0,0,0,0,15.0
00-0036894,Pat Freiermuth,TE,PIT,CLE,17,9.3,6.3,0,0,0,5,3,63,0,0,0,0,0,14.0
00-0036894,Pat Freiermuth,TE,PIT,BAL,18,8.1,5.1,0,0,0,5,3,51,0,0,0,0,0,13.0
00-0033873,Patrick Mahomes,QB,KC,LAC,1,26.02,26.02,6,57,1,0,0,0,0,39,258,1,0,6.0
00-0033873,Patrick Mahomes,QB,KC,PHI,2,22.08,22.08,7,66,1,0,0,0,0,29,187,1,1,6.0
00-0033873,Patrick Mahomes,QB,KC,NYG,3,13.16,13.16,5,2,0,0,0,0,0,37,224,1,0,18.0
00-0033873,Patrick Mahomes,QB,KC,BAL,4,27.3,27.3,4,5,0,0,0,0,0,37,270,4,0,3.0
00-0033873,Patrick Mahomes,QB,KC,JAX,5,26.72,26.72,6,60,1,0,0,0,0,41,318,1,1,4.0
00-0033873,Patrick Mahomes,QB,KC,DET,6,31.48,31.48,10,32,1,0,0,0,0,30,257,3,0,1.0
00-0033873,Patrick Mahomes,QB,KC,LV,7,26.24,26.24,4,28,0,0,0,0,0,35,286,3,0,5.0
00-0033873,Patrick Mahomes,QB,KC,WAS,8,22.96,22.96,4,30,0,0,0,0,0,34,299,3,2,10.0
00-0033873,Patrick Mahomes,QB,KC,BUF,9,10.5,10.5,1,5,0,0,0,0,0,34,250,0,1,22.0
00-0033873,Patrick Mahomes,QB,KC,DEN,11,13.34,13.34,1,3,0,0,0,0,0,45,276,1,1,14.0
00-0033873,Patrick Mahomes,QB,KC,IND,12,17.08,17.08,4,30,0,0,0,0,0,46,352,0,1,10.0
00-0033873,Patrick Mahomes,QB,KC,DAL,13,29.44,29.44,3,30,0,0,0,0,0,34,261,4,0,1.0
00-0033873,Patrick Mahomes,QB,KC,HOU,14,6.3,5.3,7,59,0,1,1,-10,0,33,160,0,3,23.0
00-0033873,Patrick Mahomes,QB,KC,LAC,15,13.06,13.06,2,15,1,0,0,0,0,28,189,0,1,24.0
00-0039075,Puka Nacua,WR,LA,HOU,1,23.1,13.1,1,1,0,11,10,130,0,0,0,0,0,5.0
00-0039075,Puka Nacua,WR,LA,TEN,2,27.6,19.6,1,45,1,9,8,91,0,0,0,0,0,5.0
00-0039075,Puka Nacua,WR,LA,PHI,3,22.8,11.8,1,6,0,15,11,112,0,0,0,0,0,5.0
00-0039075,Puka Nacua,WR,LA,IND,4,36.0,23.0,0,0,0,15,13,170,1,0,0,0,0,1.0
00-0039075,Puka Nacua,WR,LA,SF,5,24.5,14.5,0,0,0,12,10,85,1,0,0,0,0,5.0
00-0039075,Puka Nacua,WR,LA,BAL,6,4.8,2.8,0,0,0,3,2,28,0,0,0,0,0,52.0
00-0039075,Puka Nacua,WR,LA,NO,9,22.8,15.8,1,3,0,8,7,95,1,0,0,0,0,5.0
00-0039075,Puka Nacua,WR,LA,SF,10,17.4,12.4,0,0,0,6,5,64,1,0,0,0,0,16.0
00-0039075,Puka Nacua,WR,LA,SEA,11,14.3,7.3,2,18,0,8,7,75,0,0,0,0,0,16.0
00-0039075,Puka Nacua,WR,LA,TB,12,16.7,9.7,0,0,0,11,7,97,0,0,0,0,0,15.0
00-0039075,Puka Nacua,WR,LA,CAR,13,13.2,7.2,0,0,0,9,6,72,0,0,0,0,0,23.0
00-0039075,Puka Nacua,WR,LA,ARI,14,35.7,28.7,0,0,0,11,7,167,2,0,0,0,0,2.0
00-0039075,Puka Nacua,WR,LA,DET,15,27.9,18.9,2,8,0,11,9,181,0,0,0,0,0,2.0
00-0039075,Puka Nacua,WR,LA,SEA,16,46.5,34.5,0,0,0,16,12,225,2,0,0,0,0,1.0
00-0039075,Puka Nacua,WR,LA,ATL,17,15.7,10.7,0,0,0,10,5,47,1,0,0,0,0,12.0
00-0039075,Puka Nacua,WR,LA,ARI,18,26.0,16.0,2,24,0,11,10,76,1,0,0,0,0,3.0
00-0038544,Quentin Johnston,WR,LAC,KC,1,24.9,19.9,0,0,0,7,5,79,2,0,0,0,0,3.0
00-0038544,Quentin Johnston,WR,LAC,LV,2,15.9,12.9,1,-2,0,7,3,71,1,0,0,0,0,18.0
00-0038544,Quentin Johnston,WR,LAC,DEN,3,14.9,8.9,0,0,0,9,6,89,0,0,0,0,0,19.0
00-0038544,Quentin Johnston,WR,LAC,NYG,4,23.8,15.8,0,0,0,13,8,98,1,0,0,0,0,6.0
00-0038544,Quentin Johnston,WR,LAC,WAS,5,6.9,2.9,1,9,0,4,4,40,0,0,0,0,0,53.0
00-0038544,Quentin Johnston,WR,LAC,IND,7,11.0,9.0,0,0,0,6,2,30,1,0,0,0,0,29.0
00-0038544,Quentin Johnston,WR,LAC,TEN,9,15.3,11.3,0,0,0,6,4,53,1,0,0,0,0,23.0
00-0038544,Quentin Johnston,WR,LAC,PIT,10,9.2,4.2,0,0,0,10,5,42,0,0,0,0,0,36.0
00-0038544,Quentin Johnston,WR,LAC,JAX,11,0.0,0.0,0,0,0,3,0,0,0,0,0,0,0,78.0
00-0038544,Quentin Johnston,WR,LAC,LV,13,11.3,8.3,0,0,0,3,3,23,1,0,0,0,0,29.0
00-0038544,Quentin Johnston,WR,LAC,PHI,14,2.8,0.8,0,0,0,3,2,8,0,0,0,0,0,66.0
00-0038544,Quentin Johnston,WR,LAC,DAL,16,20.4,16.4,0,0,0,5,4,104,1,0,0,0,0,11.0
00-0038544,Quentin Johnston,WR,LAC,HOU,17,14.8,9.8,0,0,0,8,5,98,0,0,0,0,0,14.0
00-0040784,Quinshon Judkins,RB,CLE,BAL,2,10.1,7.1,10,61,0,3,3,10,0,0,0,0,0,27.0
00-0040784,Quinshon Judkins,RB,CLE,GB,3,16.5,15.5,18,94,1,2,1,1,0,0,0,0,0,11.0
00-0040784,Quinshon Judkins,RB,CLE,DET,4,21.5,17.5,21,82,1,4,4,33,0,0,0,0,0,11.0
00-0040784,Quinshon Judkins,RB,CLE,MIN,5,13.8,12.8,23,110,0,2,1,18,0,0,0,0,0,20.0
00-0040784,Quinshon Judkins,RB,CLE,PIT,6,3.6,3.6,12,36,0,1,0,0,0,0,0,0,0,48.0
00-0040784,Quinshon Judkins,RB,CLE,MIA,7,26.4,26.4,25,84,3,0,0,0,0,0,0,0,0,4.0
00-0040784,Quinshon Judkins,RB,CLE,NE,8,4.7,1.7,9,19,0,3,3,-2,0,0,0,0,0,39.0
00-0040784,Quinshon Judkins,RB,CLE,NYJ,10,10.5,8.5,22,75,0,3,2,10,0,0,0,0,0,25.0
00-0040784,Quinshon Judkins,RB,CLE,BAL,11,5.9,5.9,17,59,0,2,0,0,0,0,0,0,0,39.0
00-0040784,Quinshon Judkins,RB,CLE,LV,12,16.7,16.7,16,47,2,0,0,0,0,0,0,0,0,10.0
00-0040784,Quinshon Judkins,RB,CLE,SF,13,15.9,12.9,23,91,0,3,3,18,0,0,0,0,0,16.0
00-0040784,Quinshon Judkins,RB,CLE,TEN,14,9.4,8.4,14,26,0,3,1,58,0,0,0,0,0,26.0
00-0040784,Quinshon Judkins,RB,CLE,CHI,15,4.7,1.7,12,21,0,4,3,-4,0,0,0,0,0,42.0
00-0040784,Quinshon Judkins,RB,CLE,BUF,16,10.1,5.1,8,22,0,6,5,29,0,0,0,0,0,28.0
00-0040730,RJ Harvey,RB,DEN,TEN,1,7.9,6.9,6,70,0,1,1,-1,0,0,0,0,0,30.0
00-0040730,RJ Harvey,RB,DEN,IND,2,3.4,2.4,5,8,0,2,1,16,0,0,0,0,0,43.0
00-0040730,RJ Harvey,RB,DEN,LAC,3,4.6,1.6,2,2,0,3,3,14,0,0,0,0,0,42.0
00-0040730,RJ Harvey,RB,DEN,CIN,4,19.8,15.8,14,58,0,5,4,40,1,0,0,0,0,12.0
00-0040730,RJ Harvey,RB,DEN,PHI,5,6.0,3.0,4,12,0,3,3,18,0,0,0,0,0,34.0
00-0040730,RJ Harvey,RB,DEN,NYJ,6,6.5,2.5,2,4,0,4,4,21,0,0,0,0,0,32.0
00-0040730,RJ Harvey,RB,DEN,NYG,7,7.2,6.2,4,0,0,2,1,2,1,0,0,0,0,29.0
00-0040730,RJ Harvey,RB,DEN,DAL,8,24.1,23.1,7,46,2,1,1,5,1,0,0,0,0,6.0
00-0040730,RJ Harvey,RB,DEN,HOU,9,16.6,11.6,2,5,0,5,5,51,1,0,0,0,0,10.0
00-0040730,RJ Harvey,RB,DEN,LV,10,3.8,1.8,4,9,0,3,2,9,0,0,0,0,0,43.0
00-0040730,RJ Harvey,RB,DEN,KC,11,8.0,5.0,11,30,0,3,3,20,0,1,0,0,0,35.0
00-0040730,RJ Harvey,RB,DEN,WAS,13,21.2,18.2,13,35,2,4,3,27,0,0,0,0,0,2.0
00-0040730,RJ Harvey,RB,DEN,LV,14,22.0,16.0,17,75,1,6,6,25,0,0,0,0,0,4.0
00-0040730,RJ Harvey,RB,DEN,GB,15,10.5,10.5,19,65,1,1,0,0,0,0,0,0,0,23.0
00-0040730,RJ Harvey,RB,DEN,JAX,16,22.1,18.1,7,50,1,5,4,71,0,0,0,0,0,11.0
00-0040730,RJ Harvey,RB,DEN,KC,17,18.6,13.6,14,43,0,6,5,33,1,0,0,0,0,11.0
00-0040730,RJ Harvey,RB,DEN,LAC,18,4.3,3.3,15,28,0,4,1,5,0,0,0,0,0,38.0
00-0037256,Rachaad White,RB,TB,ATL,1,2.6,1.6,2,14,0,1,1,2,0,0,0,0,0,42.0
00-0037256,Rachaad White,RB,TB,HOU,2,14.6,12.6,10,65,1,2,2,1,0,0,0,0,0,20.0
00-0037256,Rachaad White,RB,TB,NYJ,3,2.4,1.4,5,12,0,1,1,2,0,0,0,0,0,48.0
00-0037256,Rachaad White,RB,TB,PHI,4,8.6,4.6,6,17,0,5,4,29,0,0,0,0,0,35.0
00-0037256,Rachaad White,RB,TB,SEA,5,23.1,19.1,14,41,2,4,4,30,0,0,0,0,0,7.0
00-0037256,Rachaad White,RB,TB,SF,6,17.6,14.6,17,65,1,3,3,21,0,0,0,0,0,10.0
00-0037256,Rachaad White,RB,TB,DET,7,8.4,4.4,10,38,0,6,4,6,0,0,0,0,0,26.0
00-0037256,Rachaad White,RB,TB,NO,8,8.1,6.1,13,35,0,2,2,26,0,0,0,0,0,28.0
00-0037256,Rachaad White,RB,TB,NE,10,10.4,5.4,10,38,0,5,5,16,0,0,0,0,0,26.0
00-0037256,Rachaad White,RB,TB,BUF,11,8.2,6.2,10,51,0,3,2,11,0,0,0,0,0,34.0
00-0037256,Rachaad White,RB,TB,LA,12,5.2,4.2,7,38,0,1,1,4,0,0,0,0,0,41.0
00-0037256,Rachaad White,RB,TB,ARI,13,5.9,2.9,2,7,0,3,3,22,0,0,0,0,0,42.0
00-0037256,Rachaad White,RB,TB,NO,14,6.5,5.5,11,53,0,2,1,2,0,0,0,0,0,35.0
00-0037256,Rachaad White,RB,TB,ATL,15,3.6,2.6,1,20,0,1,1,6,0,0,0,0,0,43.0
00-0037256,Rachaad White,RB,TB,CAR,16,8.0,6.0,5,45,0,2,2,15,0,0,0,0,0,37.0
00-0037256,Rachaad White,RB,TB,MIA,17,3.7,1.7,2,10,0,2,2,7,0,0,0,0,0,42.0
00-0037256,Rachaad White,RB,TB,CAR,18,6.1,4.1,7,23,0,2,2,18,0,0,0,0,0,32.0
00-0039067,Rashee Rice,WR,KC,LV,7,23.2,16.2,0,0,0,10,7,42,2,0,0,0,0,9.0
00-0039067,Rashee Rice,WR,KC,WAS,8,25.5,16.5,2,12,0,9,9,93,1,0,0,0,0,2.0
00-0039067,Rashee Rice,WR,KC,BUF,9,18.6,14.6,2,6,1,7,4,80,0,0,0,0,0,12.0
00-0039067,Rashee Rice,WR,KC,DEN,11,9.8,3.8,0,0,0,9,6,38,0,0,0,0,0,31.0
00-0039067,Rashee Rice,WR,KC,IND,12,24.1,16.1,0,0,0,12,8,141,0,0,0,0,0,6.0
00-0039067,Rashee Rice,WR,KC,DAL,13,29.4,21.4,1,2,0,12,8,92,2,0,0,0,0,2.0
00-0039067,Rashee Rice,WR,KC,HOU,14,7.4,3.4,0,0,0,8,4,34,0,0,0,0,0,37.0
00-0039067,Rashee Rice,WR,KC,LAC,15,12.1,5.1,0,0,0,11,7,51,0,0,0,0,0,26.0
00-0037545,Rashid Shaheed,WR,NO,ARI,1,9.3,3.3,0,0,0,9,6,33,0,0,0,0,0,36.0
00-0037545,Rashid Shaheed,WR,NO,SF,2,15.2,11.2,0,0,0,5,4,52,1,0,0,0,0,21.0
00-0037545,Rashid Shaheed,WR,NO,SEA,3,8.2,4.2,0,0,0,6,4,42,0,0,0,0,0,40.0
00-0037545,Rashid Shaheed,WR,NO,BUF,4,9.2,5.2,2,5,0,5,4,47,0,0,0,0,0,34.0
00-0037545,Rashid Shaheed,WR,NO,NYG,5,21.4,17.4,0,0,0,5,4,114,1,0,0,0,0,9.0
00-0037545,Rashid Shaheed,WR,NO,NE,6,6.8,2.8,0,0,0,6,4,28,0,0,0,0,0,39.0
00-0037545,Rashid Shaheed,WR,NO,CHI,7,8.0,4.0,0,0,0,9,4,40,0,0,0,0,0,38.0
00-0037545,Rashid Shaheed,WR,NO,TB,8,14.5,5.5,0,0,0,12,9,75,0,0,0,0,0,17.0
00-0037545,Rashid Shaheed,WR,NO,LA,9,11.8,6.8,0,0,0,9,5,68,0,0,0,0,0,30.0
00-0037545,Rashid Shaheed,WR,SEA,ARI,10,3.3,2.3,2,20,0,1,1,3,0,0,0,0,0,58.0
00-0037545,Rashid Shaheed,WR,SEA,LA,11,4.9,2.9,1,2,0,5,2,27,0,0,0,0,0,57.0
00-0037545,Rashid Shaheed,WR,SEA,TEN,12,0.5,0.5,1,5,0,2,0,0,0,0,0,0,0,68.0
00-0037545,Rashid Shaheed,WR,SEA,MIN,13,2.6,1.6,1,9,0,3,1,7,0,0,0,0,0,72.0
00-0037545,Rashid Shaheed,WR,SEA,ATL,14,16.7,12.7,0,0,0,5,4,67,0,0,0,0,0,13.0
00-0037545,Rashid Shaheed,WR,SEA,IND,15,12.1,7.1,1,-3,0,7,5,74,0,0,0,0,0,26.0
00-0037545,Rashid Shaheed,WR,SEA,LA,16,9.1,9.1,1,31,0,1,0,0,0,0,0,0,0,40.0
00-0037545,Rashid Shaheed,WR,SEA,CAR,17,1.8,0.8,0,0,0,1,1,8,0,0,0,0,0,66.0
00-0037545,Rashid Shaheed,WR,SEA,SF,18,1.2,0.2,0,0,0,1,1,2,0,0,0,0,0,66.0
00-0039875,Ray Davis,RB,BUF,BAL,1,1.1,0.1,1,2,0,1,1,-1,0,0,0,0,0,50.0
00-0039875,Ray Davis,RB,BUF,NYJ,2,2.4,2.4,9,24,0,0,0,0,0,0,0,0,0,46.0
00-0039875,Ray Davis,RB,BUF,MIA,3,0.0,0.0,0,0,0,1,0,0,0,0,0,0,0,55.0
00-0039875,Ray Davis,RB,BUF,NO,4,0.3,0.3,1,3,0,0,0,0,0,0,0,0,0,53.0
00-0039875,Ray Davis,RB,BUF,NE,5,0.1,0.1,2,1,0,0,0,0,0,0,0,0,0,51.0
00-0039875,Ray Davis,RB,BUF,ATL,6,9.9,7.9,0,0,0,2,2,19,1,0,0,0,0,17.0
00-0039875,Ray Davis,RB,BUF,CAR,8,1.6,1.6,9,16,0,1,0,0,0,0,0,0,0,45.0
00-0039875,Ray Davis,RB,BUF,KC,9,0.0,0.0,0,0,0,0,0,0,0,0,0,0,0,49.0
00-0039875,Ray Davis,RB,BUF,MIA,10,0.8,-0.2,2,-2,0,2,1,0,0,0,0,0,0,51.0
00-0039875,Ray Davis,RB,BUF,TB,11,0.0,0.0,0,0,0,0,0,0,0,0,0,0,0,53.0
00-0039875,Ray Davis,RB,BUF,HOU,12,6.0,6.0,0,0,0,0,0,0,0,0,0,0,0,36.0
00-0039875,Ray Davis,RB,BUF,PIT,13,6.2,6.2,9,62,0,0,0,0,0,0,0,0,0,41.0
00-0039875,Ray Davis,RB,BUF,CIN,14,0.0,0.0,0,0,0,0,0,0,0,0,0,0,0,51.0
00-0039875,Ray Davis,RB,BUF,NE,15,2.3,1.3,0,0,0,1,1,13,0,0,0,0,0,50.0
00-0039875,Ray Davis,RB,BUF,CLE,16,5.4,3.4,3,14,0,2,2,20,0,0,0,0,0,44.0
00-0039875,Ray Davis,RB,BUF,PHI,17,2.6,1.6,1,4,0,1,1,12,0,0,0,0,0,47.0
00-0039875,Ray Davis,RB,BUF,NYJ,18,25.4,23.4,21,151,0,2,2,23,1,0,0,0,0,3.0
00-0036875,Rhamondre Stevenson,RB,NE,LV,1,4.7,2.7,7,15,0,3,2,12,0,0,0,0,0,37.0
00-0036875,Rhamondre Stevenson,RB,NE,MIA,2,21.2,16.2,11,54,0,5,5,88,0,0,0,0,0,6.0
00-0036875,Rhamondre Stevenson,RB,NE,PIT,3,4.6,1.6,4,18,0,3,3,38,0,0,0,0,0,41.0
00-0036875,Rhamondre Stevenson,RB,NE,CAR,4,5.1,4.1,9,38,0,1,1,3,0,0,0,0,0,42.0
00-0036875,Rhamondre Stevenson,RB,NE,BUF,5,14.7,12.7,7,14,2,2,2,13,0,0,0,0,0,18.0
00-0036875,Rhamondre Stevenson,RB,NE,NO,6,1.8,1.8,13,18,0,1,0,0,0,0,0,0,0,51.0
00-0036875,Rhamondre Stevenson,RB,NE,TEN,7,16.8,14.8,18,88,1,2,2,0,0,0,0,0,0,13.0
00-0036875,Rhamondre Stevenson,RB,NE,CLE,8,5.9,4.9,14,34,0,2,1,15,0,0,0,0,0,33.0
00-0036875,Rhamondre Stevenson,RB,NE,CIN,12,2.0,1.0,6,5,0,2,1,5,0,0,0,0,0,47.0
00-0036875,Rhamondre Stevenson,RB,NE,NYG,13,11.0,8.0,12,40,0,3,3,40,0,0,0,0,0,29.0
00-0036875,Rhamondre Stevenson,RB,NE,BUF,15,10.7,7.7,6,50,0,3,3,27,0,0,0,0,0,22.0
00-0036875,Rhamondre Stevenson,RB,NE,BAL,16,17.8,15.8,8,51,1,3,2,27,0,0,0,0,0,15.0
00-0036875,Rhamondre Stevenson,RB,NE,NYJ,17,27.2,22.2,8,47,1,5,5,55,1,0,0,0,0,5.0
00-0036875,Rhamondre Stevenson,RB,NE,MIA,18,35.3,33.3,7,131,2,2,2,22,1,0,0,0,0,1.0
00-0039916,Ricky Pearsall,WR,SF,SEA,1,14.8,10.8,0,0,0,7,4,108,0,0,0,0,0,20.0
00-0039916,Ricky Pearsall,WR,SF,NO,2,9.2,5.2,1,-4,0,6,4,56,0,0,0,0,0,45.0
00-0039916,Ricky Pearsall,WR,SF,ARI,3,19.7,11.7,0,0,0,11,8,117,0,0,0,0,0,11.0
00-0039916,Ricky Pearsall,WR,SF,JAX,4,8.6,4.6,0,0,0,5,4,46,0,0,0,0,0,39.0
00-0039916,Ricky Pearsall,WR,SF,ARI,11,1.0,0.0,0,0,0,2,1,0,0,0,0,0,0,74.0
00-0039916,Ricky Pearsall,WR,SF,CAR,12,2.8,0.8,1,2,0,4,2,6,0,0,0,0,0,60.0
00-0039916,Ricky Pearsall,WR,SF,CLE,13,3.4,1.4,0,0,0,3,2,14,0,0,0,0,0,69.0
00-0039916,Ricky Pearsall,WR,SF,TEN,15,15.6,9.6,0,0,0,7,6,96,0,0,0,0,0,21.0
00-0039916,Ricky Pearsall,WR,SF,CHI,17,13.5,8.5,0,0,0,8,5,85,0,0,0,0,0,19.0
00-0036139,Rico Dowdle,RB,CAR,JAX,1,3.6,1.6,3,12,0,3,2,4,0,0,0,0,0,40.0
00-0036139,Rico Dowdle,RB,CAR,ARI,2,2.9,1.9,6,9,0,1,1,10,0,0,0,0,0,44.0
00-0036139,Rico Dowdle,RB,CAR,ATL,3,10.8,9.8,10,30,1,1,1,8,0,0,0,0,0,23.0
00-0036139,Rico Dowdle,RB,CAR,NE,4,4.0,3.0,9,32,0,1,1,-2,0,0,0,0,0,44.0
00-0036139,Rico Dowdle,RB,CAR,MIA,5,32.4,29.4,23,206,1,4,3,28,0,0,0,0,0,1.0
00-0036139,Rico Dowdle,RB,CAR,DAL,6,33.9,29.9,30,183,0,5,4,56,1,0,0,0,0,2.0
00-0036139,Rico Dowdle,RB,CAR,NYJ,7,10.6,9.6,17,79,0,2,1,17,0,0,0,0,0,21.0
00-0036139,Rico Dowdle,RB,CAR,BUF,8,5.4,5.4,8,54,0,0,0,0,0,0,0,0,0,37.0
00-0036139,Rico Dowdle,RB,CAR,GB,9,28.1,26.1,25,130,2,3,2,11,0,0,0,0,0,2.0
00-0036139,Rico Dowdle,RB,CAR,NO,10,15.3,12.3,18,53,1,3,3,10,0,0,0,0,0,14.0
00-0036139,Rico Dowdle,RB,CAR,ATL,11,15.0,10.0,19,45,0,7,5,55,0,0,0,0,0,16.0
00-0036139,Rico Dowdle,RB,CAR,SF,12,11.4,7.4,6,38,0,4,4,36,0,0,0,0,0,21.0
00-0036139,Rico Dowdle,RB,CAR,LA,13,9.9,7.9,18,58,0,2,2,21,0,0,0,0,0,33.0
00-0036139,Rico Dowdle,RB,CAR,NO,15,12.4,11.4,16,49,1,1,1,5,0,0,0,0,0,21.0
00-0036139,Rico Dowdle,RB,CAR,TB,16,8.3,4.3,9,29,0,6,4,14,0,0,0,0,0,33.0
00-0036139,Rico Dowdle,RB,CAR,SEA,17,9.3,6.3,12,59,0,5,3,4,0,0,0,0,0,21.0
00-0036139,Rico Dowdle,RB,CAR,TB,18,3.0,1.0,7,10,0,2,2,20,0,0,0,0,0,40.0
00-0039919,Rome Odunze,WR,CHI,MIN,1,15.7,9.7,0,0,0,9,6,37,1,0,0,0,0,19.0
00-0039919,Rome Odunze,WR,CHI,DET,2,31.8,24.8,0,0,0,11,7,128,2,0,0,0,0,3.0
00-0039919,Rome Odunze,WR,CHI,DAL,3,15.2,12.2,0,0,0,7,3,62,1,0,0,0,0,18.0
00-0039919,Rome Odunze,WR,CHI,LV,4,16.9,12.9,0,0,0,8,4,69,1,0,0,0,0,17.0
00-0039919,Rome Odunze,WR,CHI,WAS,6,5.2,3.2,0,0,0,5,2,32,0,0,0,0,0,49.0
00-0039919,Rome Odunze,WR,CHI,NO,7,5.1,3.1,0,0,0,6,2,31,0,0,0,0,0,54.0
00-0039919,Rome Odunze,WR,CHI,BAL,8,18.4,11.4,0,0,0,10,7,114,0,0,0,0,0,8.0
00-0039919,Rome Odunze,WR,CHI,CIN,9,0.0,0.0,0,0,0,3,0,0,0,0,0,0,0,72.0
00-0039919,Rome Odunze,WR,CHI,NYG,10,20.6,14.6,0,0,0,10,6,86,1,0,0,0,0,8.0
00-0039919,Rome Odunze,WR,CHI,MIN,11,6.1,4.1,0,0,0,6,2,41,0,0,0,0,0,49.0
00-0039919,Rome Odunze,WR,CHI,PIT,12,8.3,5.3,0,0,0,9,3,53,0,0,0,0,0,35.0
00-0039919,Rome Odunze,WR,CHI,PHI,13,2.8,0.8,0,0,0,6,2,8,0,0,0,0,0,71.0
00-0037816,Romeo Doubs,WR,GB,DET,1,8.8,6.8,0,0,0,4,2,68,0,0,0,0,0,39.0
00-0037816,Romeo Doubs,WR,GB,WAS,2,11.8,8.8,0,0,0,5,3,28,1,0,0,0,0,30.0
00-0037816,Romeo Doubs,WR,GB,CLE,3,4.5,2.5,0,0,0,2,2,25,0,0,0,0,0,63.0
00-0037816,Romeo Doubs,WR,GB,DAL,4,29.8,23.8,0,0,0,8,6,58,3,0,0,0,0,3.0
00-0037816,Romeo Doubs,WR,GB,CIN,6,10.5,5.5,0,0,0,9,5,55,0,0,0,0,0,27.0
00-0037816,Romeo Doubs,WR,GB,ARI,7,13.2,7.2,0,0,0,8,6,72,0,0,0,0,0,24.0
00-0037816,Romeo Doubs,WR,GB,PIT,8,9.4,6.4,0,0,0,6,3,44,0,0,0,0,0,36.0
00-0037816,Romeo Doubs,WR,GB,CAR,9,16.1,9.1,0,0,0,10,7,91,0,0,0,0,0,21.0
00-0037816,Romeo Doubs,WR,GB,PHI,10,1.5,0.5,0,0,0,4,1,5,0,0,0,0,0,66.0
00-0037816,Romeo Doubs,WR,GB,NYG,11,9.3,5.3,0,0,0,8,4,53,0,0,0,0,0,34.0
00-0037816,Romeo Doubs,WR,GB,MIN,12,4.3,2.3,0,0,0,3,2,23,0,0,0,0,0,49.0
00-0037816,Romeo Doubs,WR,GB,DET,13,12.0,8.0,0,0,0,4,4,20,1,0,0,0,0,25.0
00-0037816,Romeo Doubs,WR,GB,CHI,14,0.0,0.0,0,0,0,2,0,0,0,0,0,0,0,72.0
00-0037816,Romeo Doubs,WR,GB,DEN,15,5.6,3.6,0,0,0,3,2,36,0,0,0,0,0,54.0
00-0037816,Romeo Doubs,WR,GB,CHI,16,19.4,14.4,0,0,0,6,5,84,1,0,0,0,0,13.0
00-0037816,Romeo Doubs,WR,GB,BAL,17,9.2,6.2,0,0,0,3,3,62,0,0,0,0,0,34.0
00-0039410,Ryan Flournoy,WR,DAL,NYG,2,0.0,0.0,0,0,0,0,0,0,0,0,0,0,0,89.0
00-0039410,Ryan Flournoy,WR,DAL,CHI,3,4.1,2.1,0,0,0,3,2,21,0,0,0,0,0,64.0
00-0039410,Ryan Flournoy,WR,DAL,GB,4,4.6,2.6,1,12,0,2,2,14,0,0,0,0,0,60.0
00-0039410,Ryan Flournoy,WR,DAL,NYJ,5,18.4,12.4,2,10,0,9,6,114,0,0,0,0,0,13.0
00-0039410,Ryan Flournoy,WR,DAL,CAR,6,6.3,3.3,1,3,0,6,3,30,0,0,0,0,0,43.0
00-0039410,Ryan Flournoy,WR,DAL,WAS,7,0.0,0.0,0,0,0,0,0,0,0,0,0,0,0,73.0
00-0039410,Ryan Flournoy,WR,DAL,DEN,8,1.7,0.7,0,0,0,2,1,7,0,0,0,0,0,61.0
00-0039410,Ryan Flournoy,WR,DAL,ARI,9,9.2,7.2,0,0,0,2,2,12,1,0,0,0,0,39.0
00-0039410,Ryan Flournoy,WR,DAL,LV,11,7.2,6.2,0,0,0,1,1,2,1,0,0,0,0,41.0
00-0039410,Ryan Flournoy,WR,DAL,PHI,12,0.0,0.0,0,0,0,1,0,0,0,0,0,0,0,69.0
00-0039410,Ryan Flournoy,WR,DAL,KC,13,6.4,3.4,0,0,0,3,3,34,0,0,0,0,0,47.0
00-0039410,Ryan Flournoy,WR,DAL,DET,14,26.5,17.5,0,0,0,13,9,115,1,0,0,0,0,5.0
00-0039410,Ryan Flournoy,WR,DAL,MIN,15,8.0,4.0,0,0,0,5,4,40,0,0,0,0,0,43.0
00-0039410,Ryan Flournoy,WR,DAL,LAC,16,9.8,7.8,0,0,0,2,2,18,1,0,0,0,0,34.0
00-0039410,Ryan Flournoy,WR,DAL,NYG,18,11.8,6.8,0,0,0,7,5,68,0,0,0,0,0,17.0
00-0034869,Sam Darnold,QB,SEA,SF,1,5.4,5.4,2,14,0,0,0,0,0,23,150,0,0,29.0
00-0034869,Sam Darnold,QB,SEA,PIT,2,15.8,15.8,0,0,0,0,0,0,0,33,295,2,2,19.0
00-0034869,Sam Darnold,QB,SEA,NO,3,16.72,16.72,0,0,0,0,0,0,0,18,218,2,0,9.0
00-0034869,Sam Darnold,QB,SEA,ARI,4,16.08,16.08,1,24,0,0,0,0,0,26,242,1,0,18.0
00-0034869,Sam Darnold,QB,SEA,TB,5,27.64,27.64,0,0,0,0,0,0,0,34,341,4,1,3.0
00-0034869,Sam Darnold,QB,SEA,JAX,6,20.0,20.0,4,2,0,0,0,0,0,27,295,2,0,10.0
00-0034869,Sam Darnold,QB,SEA,HOU,7,8.62,8.62,3,1,0,0,0,0,0,31,213,1,1,24.0
00-0034869,Sam Darnold,QB,SEA,WAS,9,27.2,27.2,0,0,0,0,0,0,0,24,330,4,1,6.0
00-0034869,Sam Darnold,QB,SEA,ARI,10,4.92,4.92,3,-2,0,0,0,0,0,12,178,1,1,26.0
00-0034869,Sam Darnold,QB,SEA,LA,11,4.26,4.26,2,11,0,0,0,0,0,44,279,0,4,27.0
00-0034869,Sam Darnold,QB,SEA,TEN,12,17.66,17.66,1,-1,0,0,0,0,0,26,244,2,0,7.0
00-0034869,Sam Darnold,QB,SEA,MIN,13,3.12,3.12,0,0,0,0,0,0,0,26,128,0,0,30.0
00-0034869,Sam Darnold,QB,SEA,ATL,14,22.26,22.26,3,23,0,0,0,0,0,30,249,3,1,5.0
00-0034869,Sam Darnold,QB,SEA,IND,15,11.34,11.34,4,5,0,0,0,0,0,36,271,0,0,26.0
00-0034869,Sam Darnold,QB,SEA,LA,16,19.5,19.5,3,7,0,0,0,0,0,34,270,2,2,9.0
00-0034869,Sam Darnold,QB,SEA,CAR,17,6.08,6.08,3,2,0,0,0,0,0,27,147,1,1,23.0
00-0034869,Sam Darnold,QB,SEA,SF,18,8.82,8.82,6,9,0,0,0,0,0,26,198,0,0,18.0
00-0039065,Sam LaPorta,TE,DET,GB,1,13.9,7.9,0,0,0,9,6,79,0,0,0,0,0,5.0
00-0039065,Sam LaPorta,TE,DET,CHI,2,5.6,2.6,0,0,0,4,3,26,0,0,0,0,0,23.0
00-0039065,Sam LaPorta,TE,DET,BAL,3,7.3,3.3,0,0,0,4,4,33,0,0,0,0,0,17.0
00-0039065,Sam LaPorta,TE,DET,CLE,4,6.9,3.9,0,0,0,4,3,39,0,0,0,0,0,22.0
00-0039065,Sam LaPorta,TE,DET,CIN,5,20.2,15.2,0,0,0,6,5,92,1,0,0,0,0,4.0
00-0039065,Sam LaPorta,TE,DET,KC,6,16.5,11.5,0,0,0,6,5,55,1,0,0,0,0,4.0
00-0039065,Sam LaPorta,TE,DET,TB,7,4.5,1.5,0,0,0,3,3,15,0,0,0,0,0,28.0
00-0039065,Sam LaPorta,TE,DET,MIN,9,21.7,15.7,0,0,0,8,6,97,1,0,0,0,0,4.0
00-0039065,Sam LaPorta,TE,DET,WAS,10,10.3,5.3,0,0,0,5,5,53,0,0,0,0,0,10.0
00-0033526,Samaje Perine,RB,CIN,CLE,1,2.6,0.6,0,0,0,2,2,6,0,0,0,0,0,42.0
00-0033526,Samaje Perine,RB,CIN,JAX,2,0.0,0.0,0,0,0,0,0,0,0,0,0,0,0,55.0
00-0033526,Samaje Perine,RB,CIN,MIN,3,0.1,0.1,4,21,0,0,0,0,0,0,0,0,0,54.0
00-0033526,Samaje Perine,RB,CIN,DEN,4,0.4,0.4,1,4,0,1,0,0,0,0,0,0,0,52.0
00-0033526,Samaje Perine,RB,CIN,DET,5,4.9,2.9,4,27,0,2,2,2,0,0,0,0,0,35.0
00-0033526,Samaje Perine,RB,CIN,GB,6,5.2,3.2,6,16,0,3,2,16,0,0,0,0,0,38.0
00-0033526,Samaje Perine,RB,CIN,PIT,7,3.1,3.1,7,31,0,0,0,0,0,0,0,0,0,46.0
00-0033526,Samaje Perine,RB,CIN,NYJ,8,17.0,16.0,9,94,1,1,1,6,0,0,0,0,0,14.0
00-0033526,Samaje Perine,RB,CIN,CHI,9,0.5,0.5,1,5,0,0,0,0,0,0,0,0,0,48.0
00-0033526,Samaje Perine,RB,CIN,BAL,13,5.4,3.4,14,39,0,2,2,15,0,0,0,0,0,46.0
00-0033526,Samaje Perine,RB,CIN,BUF,14,4.8,3.8,6,31,0,1,1,7,0,0,0,0,0,41.0
00-0033526,Samaje Perine,RB,CIN,BAL,15,5.3,4.3,14,42,0,1,1,1,0,0,0,0,0,39.0
00-0033526,Samaje Perine,RB,CIN,MIA,16,12.1,10.1,7,25,1,3,2,16,0,0,0,0,0,24.0
00-0033526,Samaje Perine,RB,CIN,ARI,17,8.3,7.3,3,5,1,1,1,8,0,0,0,0,0,25.0
00-0033526,Samaje Perine,RB,CIN,CLE,18,8.2,5.2,8,42,0,4,3,10,0,0,0,0,0,23.0
00-0034844,Saquon Barkley,RB,PHI,DAL,1,18.4,14.4,18,60,1,5,4,24,0,0,0,0,0,7.0
00-0034844,Saquon Barkley,RB,PHI,KC,2,17.4,15.4,22,88,1,2,2,6,0,0,0,0,0,12.0
00-0034844,Saquon Barkley,RB,PHI,LA,3,9.5,5.5,18,46,0,5,4,9,0,0,0,0,0,29.0
00-0034844,Saquon Barkley,RB,PHI,TB,4,17.4,13.4,19,43,1,4,4,31,0,0,0,0,0,16.0
00-0034844,Saquon Barkley,RB,PHI,DEN,5,17.8,14.8,6,30,0,3,3,58,1,0,0,0,0,11.0
00-0034844,Saquon Barkley,RB,PHI,NYG,6,8.7,6.7,12,58,0,3,2,9,0,0,0,0,0,24.0
00-0034844,Saquon Barkley,RB,PHI,MIN,7,5.2,4.2,18,44,0,1,1,-2,0,0,0,0,0,40.0
00-0034844,Saquon Barkley,RB,PHI,NYG,8,33.4,29.4,14,150,1,5,4,24,1,0,0,0,0,3.0
00-0034844,Saquon Barkley,RB,PHI,GB,10,13.1,10.1,22,60,0,3,3,41,0,0,0,0,0,19.0
00-0034844,Saquon Barkley,RB,PHI,DET,11,10.0,9.0,26,83,0,2,1,7,0,0,0,0,0,26.0
00-0034844,Saquon Barkley,RB,PHI,DAL,12,12.4,5.4,10,22,0,8,7,52,0,0,0,0,0,19.0
00-0034844,Saquon Barkley,RB,PHI,CHI,13,5.6,5.6,13,56,0,2,0,0,0,0,0,0,0,44.0
00-0034844,Saquon Barkley,RB,PHI,LAC,14,18.2,18.2,20,122,1,2,0,0,0,0,0,0,0,7.0
00-0034844,Saquon Barkley,RB,PHI,LV,15,17.2,15.2,22,78,1,3,2,14,0,0,0,0,0,12.0
00-0034844,Saquon Barkley,RB,PHI,WAS,16,21.2,21.2,21,132,1,2,0,0,0,0,0,0,0,13.0
00-0034844,Saquon Barkley,RB,PHI,BUF,17,6.8,6.8,19,68,0,0,0,0,0,0,0,0,0,31.0
00-0038951,Sean Tucker,RB,TB,ATL,1,0.2,0.2,1,2,0,0,0,0,0,0,0,0,0,56.0
00-0038951,Sean Tucker,RB,TB,HOU,2,0.0,0.0,0,0,0,0,0,0,0,0,0,0,0,55.0
00-0038951,Sean Tucker,RB,TB,NYJ,3,0.0,0.0,0,0,0,0,0,0,0,0,0,0,0,55.0
00-0038951,Sean Tucker,RB,TB,PHI,4,0.0,0.0,0,0,0,0,0,0,0,0,0,0,0,55.0
00-0038951,Sean Tucker,RB,TB,SEA,5,2.9,-0.1,3,3,0,3,3,-4,0,0,0,0,0,40.0
00-0038951,Sean Tucker,RB,TB,SF,6,8.5,8.5,6,25,1,0,0,0,0,0,0,0,0,25.0
00-0038951,Sean Tucker,RB,TB,DET,7,1.6,0.6,1,4,0,1,1,2,0,0,0,0,0,52.0
00-0038951,Sean Tucker,RB,TB,NO,8,10.2,10.2,12,42,1,0,0,0,0,0,0,0,0,21.0
00-0038951,Sean Tucker,RB,TB,NE,10,6.1,5.1,9,53,0,2,1,-2,0,0,0,0,0,36.0
00-0038951,Sean Tucker,RB,TB,BUF,11,34.0,32.0,19,106,2,2,2,34,1,0,0,0,0,2.0
00-0038951,Sean Tucker,RB,TB,LA,12,5.6,4.6,12,42,0,2,1,4,0,0,0,0,0,39.0
00-0038951,Sean Tucker,RB,TB,ARI,13,0.0,0.0,2,0,0,0,0,0,0,0,0,0,0,57.0
00-0038951,Sean Tucker,RB,TB,NO,14,8.9,8.9,7,29,1,0,0,0,0,0,0,0,0,29.0
00-0038951,Sean Tucker,RB,TB,ATL,15,6.7,6.7,4,7,1,0,0,0,0,0,0,0,0,34.0
00-0038951,Sean Tucker,RB,TB,CAR,16,6.3,6.3,4,3,1,0,0,0,0,0,0,0,0,41.0
00-0038951,Sean Tucker,RB,TB,MIA,17,0.8,0.8,2,8,0,1,0,0,0,0,0,0,0,52.0
00-0038951,Sean Tucker,RB,TB,CAR,18,-0.4,-0.4,4,-4,0,0,0,0,0,0,0,0,0,47.0
00-0040668,Shedeur Sanders,QB,CLE,BAL,11,1.48,1.48,3,16,0,0,0,0,0,16,47,0,1,31.0
00-0040668,Shedeur Sanders,QB,CLE,LV,12,10.26,10.26,1,-1,0,0,0,0,0,20,209,1,1,17.0
00-0040668,Shedeur Sanders,QB,CLE,SF,13,10.56,10.56,1,6,0,0,0,0,0,25,149,1,0,24.0
00-0040668,Shedeur Sanders,QB,CLE,TEN,14,33.46,33.46,3,29,1,0,0,0,0,42,364,3,1,2.0
00-0040668,Shedeur Sanders,QB,CLE,CHI,15,3.48,3.48,2,24,0,0,0,0,0,35,177,0,3,29.0
00-0040668,Shedeur Sanders,QB,CLE,BUF,16,11.18,11.18,4,49,0,0,0,0,0,29,157,1,2,21.0
00-0040668,Shedeur Sanders,QB,CLE,PIT,17,9.44,9.44,4,20,0,0,0,0,0,23,186,1,2,17.0
00-0040668,Shedeur Sanders,QB,CLE,CIN,18,5.04,5.04,3,26,0,0,0,0,0,22,111,0,0,21.0
00-0039376,Spencer Rattler,QB,NO,ARI,1,11.46,11.46,4,29,0,0,0,0,0,46,214,0,0,21.0
00-0039376,Spencer Rattler,QB,NO,SF,2,21.68,21.68,4,14,0,0,0,0,0,34,207,3,0,8.0
00-0039376,Spencer Rattler,QB,NO,SEA,3,11.72,11.72,2,10,0,0,0,0,0,39,218,1,1,23.0
00-0039376,Spencer Rattler,QB,NO,BUF,4,13.94,13.94,6,49,0,1,0,0,0,27,126,1,0,20.0
00-0039376,Spencer Rattler,QB,NO,NYG,5,16.1,15.1,6,21,0,1,1,0,0,31,225,1,0,17.0
00-0039376,Spencer Rattler,QB,NO,NE,6,11.08,11.08,4,20,0,0,0,0,0,26,227,0,0,23.0
00-0039376,Spencer Rattler,QB,NO,CHI,7,10.52,10.52,2,12,0,0,0,0,0,32,233,2,3,20.0
00-0039376,Spencer Rattler,QB,NO,TB,8,2.64,2.64,3,12,0,0,0,0,0,21,136,0,1,25.0
00-0039376,Spencer Rattler,QB,NO,CAR,15,0.0,0.0,0,0,0,0,0,0,0,1,0,0,0,30.0
00-0031588,Stefon Diggs,WR,NE,LV,1,11.7,5.7,0,0,0,7,6,57,0,0,0,0,0,29.0
00-0031588,Stefon Diggs,WR,NE,MIA,2,7.2,3.2,0,0,0,5,4,32,0,0,0,0,0,59.0
00-0031588,Stefon Diggs,WR,NE,PIT,3,5.3,2.3,0,0,0,3,3,23,0,0,0,0,0,57.0
00-0031588,Stefon Diggs,WR,NE,CAR,4,16.1,10.1,0,0,0,7,6,101,0,0,0,0,0,18.0
00-0031588,Stefon Diggs,WR,NE,BUF,5,24.6,14.6,0,0,0,12,10,146,0,0,0,0,0,4.0
00-0031588,Stefon Diggs,WR,NE,NO,6,5.8,2.8,0,0,0,3,3,28,0,0,0,0,0,46.0
00-0031588,Stefon Diggs,WR,NE,TEN,7,13.9,6.9,0,0,0,7,7,69,0,0,0,0,0,22.0
00-0031588,Stefon Diggs,WR,NE,CLE,8,10.4,7.4,0,0,0,5,3,14,1,0,0,0,0,33.0
00-0031588,Stefon Diggs,WR,NE,ATL,9,12.8,9.8,0,0,0,4,3,38,1,0,0,0,0,29.0
00-0031588,Stefon Diggs,WR,NE,TB,10,15.6,10.6,0,0,0,8,5,46,1,0,0,0,0,21.0
00-0031588,Stefon Diggs,WR,NE,NYJ,11,19.5,10.5,0,0,0,11,9,105,0,0,0,0,0,9.0
00-0031588,Stefon Diggs,WR,NE,CIN,12,4.0,2.0,0,0,0,3,2,20,0,0,0,0,0,52.0
00-0031588,Stefon Diggs,WR,NE,NYG,13,5.6,2.6,0,0,0,4,3,26,0,0,0,0,0,54.0
00-0031588,Stefon Diggs,WR,NE,BUF,15,5.6,2.6,0,0,0,4,3,26,0,0,0,0,0,54.0
00-0031588,Stefon Diggs,WR,NE,BAL,16,22.8,13.8,0,0,0,10,9,138,0,0,0,0,0,7.0
00-0031588,Stefon Diggs,WR,NE,NYJ,17,22.1,16.1,0,0,0,6,6,101,1,0,0,0,0,7.0
00-0031588,Stefon Diggs,WR,NE,MIA,18,7.3,4.3,0,0,0,3,3,43,0,0,0,0,0,35.0
00-0032385,Sterling Shepard,WR,TB,ATL,1,6.9,3.9,0,0,0,6,3,39,0,0,0,0,0,46.0
00-0032385,Sterling Shepard,WR,TB,HOU,2,7.4,3.4,0,0,0,4,4,34,0,0,0,0,0,57.0
00-0032385,Sterling Shepard,WR,TB,NYJ,3,12.0,8.0,0,0,0,5,4,80,0,0,0,0,0,30.0
00-0032385,Sterling Shepard,WR,TB,PHI,4,4.0,2.0,1,6,0,4,2,14,0,0,0,0,0,65.0
00-0032385,Sterling Shepard,WR,TB,SEA,5,11.9,7.9,1,-5,0,5,4,24,1,0,0,0,0,31.0
00-0032385,Sterling Shepard,WR,TB,SF,6,7.1,5.1,0,0,0,3,2,51,0,0,0,0,0,38.0
00-0032385,Sterling Shepard,WR,TB,DET,7,7.5,0.5,0,0,0,7,7,25,0,0,0,0,0,45.0
00-0032385,Sterling Shepard,WR,TB,NO,8,1.8,0.8,0,0,0,2,1,8,0,0,0,0,0,59.0
00-0032385,Sterling Shepard,WR,TB,NE,10,6.1,3.1,1,11,0,4,3,20,0,0,0,0,0,48.0
00-0032385,Sterling Shepard,WR,TB,BUF,11,10.1,6.1,1,7,0,5,4,54,0,0,0,0,0,27.0
00-0032385,Sterling Shepard,WR,TB,LA,12,4.2,1.2,0,0,0,5,3,12,0,0,0,0,0,50.0
00-0032385,Sterling Shepard,WR,TB,ARI,13,1.5,0.5,0,0,0,2,1,5,0,0,0,0,0,77.0
00-0032385,Sterling Shepard,WR,TB,NO,14,1.5,0.5,0,0,0,1,1,5,0,0,0,0,0,69.0
00-0035229,T.J. Hockenson,TE,MIN,CHI,1,4.5,1.5,0,0,0,4,3,15,0,0,0,0,0,27.0
00-0035229,T.J. Hockenson,TE,MIN,ATL,2,2.2,1.2,0,0,0,3,1,12,0,0,0,0,0,32.0
00-0035229,T.J. Hockenson,TE,MIN,CIN,3,15.9,10.9,0,0,0,6,5,49,1,0,0,0,0,5.0
00-0035229,T.J. Hockenson,TE,MIN,PIT,4,7.9,3.9,0,0,0,5,4,39,0,0,0,0,0,20.0
00-0035229,T.J. Hockenson,TE,MIN,CLE,5,9.8,3.8,0,0,0,6,6,38,0,0,0,0,0,17.0
00-0035229,T.J. Hockenson,TE,MIN,PHI,7,10.3,4.3,0,0,0,9,6,43,0,0,0,0,0,16.0
00-0035229,T.J. Hockenson,TE,MIN,LAC,8,4.6,2.6,0,0,0,3,2,26,0,0,0,0,0,23.0
00-0035229,T.J. Hockenson,TE,MIN,DET,9,9.1,7.1,0,0,0,3,2,11,1,0,0,0,0,18.0
00-0035229,T.J. Hockenson,TE,MIN,BAL,10,2.8,0.8,0,0,0,2,2,8,0,0,0,0,0,28.0
00-0035229,T.J. Hockenson,TE,MIN,CHI,11,6.9,3.9,0,0,0,6,3,39,0,0,0,0,0,18.0
00-0035229,T.J. Hockenson,TE,MIN,GB,12,5.9,1.9,1,0,0,4,4,19,0,0,0,0,0,19.0
00-0035229,T.J. Hockenson,TE,MIN,SEA,13,11.9,5.9,0,0,0,6,6,59,0,0,0,0,0,11.0
00-0035229,T.J. Hockenson,TE,MIN,WAS,14,9.2,7.2,0,0,0,3,2,12,1,0,0,0,0,14.0
00-0035229,T.J. Hockenson,TE,MIN,DAL,15,10.6,6.6,0,0,0,5,4,66,0,0,0,0,0,12.0
00-0035229,T.J. Hockenson,TE,MIN,NYG,16,1.2,0.2,0,0,0,1,1,2,0,0,0,0,0,35.0
00-0036410,Tee Higgins,WR,CIN,CLE,1,6.3,3.3,0,0,0,4,3,33,0,0,0,0,0,48.0
00-0036410,Tee Higgins,WR,CIN,JAX,2,14.6,11.6,0,0,0,8,3,56,1,0,0,0,0,23.0
00-0036410,Tee Higgins,WR,CIN,MIN,3,2.5,1.5,0,0,0,2,1,15,0,0,0,0,0,73.0
00-0036410,Tee Higgins,WR,CIN,DEN,4,6.2,3.2,0,0,0,6,3,32,0,0,0,0,0,55.0
00-0036410,Tee Higgins,WR,CIN,DET,5,11.2,8.2,0,0,0,7,3,22,1,0,0,0,0,34.0
00-0036410,Tee Higgins,WR,CIN,GB,6,11.2,6.2,0,0,0,8,5,62,0,0,0,0,0,25.0
00-0036410,Tee Higgins,WR,CIN,PIT,7,21.6,15.6,0,0,0,10,6,96,1,0,0,0,0,12.0
00-0036410,Tee Higgins,WR,CIN,NYJ,8,11.4,10.4,0,0,0,2,1,44,1,0,0,0,0,30.0
00-0036410,Tee Higgins,WR,CIN,CHI,9,33.1,26.1,0,0,0,9,7,121,2,0,0,0,0,2.0
00-0036410,Tee Higgins,WR,CIN,PIT,11,15.3,12.3,0,0,0,8,3,63,1,0,0,0,0,14.0
00-0036410,Tee Higgins,WR,CIN,NE,12,8.1,3.1,0,0,0,6,5,31,0,0,0,0,0,36.0
00-0036410,Tee Higgins,WR,CIN,BUF,14,27.2,21.2,0,0,0,11,6,92,2,0,0,0,0,4.0
00-0036410,Tee Higgins,WR,CIN,MIA,16,14.3,11.3,0,0,0,3,3,53,1,0,0,0,0,21.0
00-0036410,Tee Higgins,WR,CIN,ARI,17,9.9,5.9,0,0,0,5,4,59,0,0,0,0,0,30.0
00-0036410,Tee Higgins,WR,CIN,CLE,18,18.7,12.7,0,0,0,9,6,67,1,0,0,0,0,8.0
00-0035659,Terry McLaurin,WR,WAS,NYG,1,4.7,2.7,0,0,0,4,2,27,0,0,0,0,0,56.0
00-0035659,Terry McLaurin,WR,WAS,GB,2,9.8,4.8,0,0,0,9,5,48,0,0,0,0,0,40.0
00-0035659,Terry McLaurin,WR,WAS,LV,3,10.4,7.4,0,0,0,4,3,74,0,0,0,0,0,33.0
00-0035659,Terry McLaurin,WR,WAS,KC,8,14.4,11.4,0,0,0,4,3,54,1,0,0,0,0,18.0
00-0035659,Terry McLaurin,WR,WAS,DEN,13,22.6,15.6,0,0,0,14,7,96,1,0,0,0,0,8.0
00-0035659,Terry McLaurin,WR,WAS,MIN,14,7.1,4.1,0,0,0,6,3,41,0,0,0,0,0,40.0
00-0035659,Terry McLaurin,WR,WAS,NYG,15,15.9,12.9,0,0,0,4,3,69,1,0,0,0,0,19.0
00-0035659,Terry McLaurin,WR,WAS,PHI,16,8.3,5.3,0,0,0,4,3,53,0,0,0,0,0,43.0
00-0035659,Terry McLaurin,WR,WAS,DAL,17,11.3,6.3,0,0,0,7,5,63,0,0,0,0,0,26.0
00-0035659,Terry McLaurin,WR,WAS,PHI,18,9.7,5.7,0,0,0,4,4,57,0,0,0,0,0,21.0
00-0040124,Tetairoa McMillan,WR,CAR,JAX,1,11.8,6.8,0,0,0,9,5,68,0,0,0,0,0,28.0
00-0040124,Tetairoa McMillan,WR,CAR,ARI,2,16.0,10.0,0,0,0,10,6,100,0,0,0,0,0,16.0
00-0040124,Tetairoa McMillan,WR,CAR,ATL,3,7.8,4.8,0,0,0,8,3,48,0,0,0,0,0,43.0
00-0040124,Tetairoa McMillan,WR,CAR,NE,4,10.2,6.2,0,0,0,8,4,62,0,0,0,0,0,30.0
00-0040124,Tetairoa McMillan,WR,CAR,MIA,5,13.3,7.3,0,0,0,8,6,73,0,0,0,0,0,24.0
00-0040124,Tetairoa McMillan,WR,CAR,DAL,6,17.9,14.9,0,0,0,5,3,29,2,0,0,0,0,13.0
00-0040124,Tetairoa McMillan,WR,CAR,NYJ,7,6.3,3.3,0,0,0,5,3,33,0,0,0,0,0,51.0
00-0040124,Tetairoa McMillan,WR,CAR,BUF,8,16.9,9.9,0,0,0,10,7,99,0,0,0,0,0,10.0
00-0040124,Tetairoa McMillan,WR,CAR,GB,9,8.6,4.6,0,0,0,6,4,46,0,0,0,0,0,42.0
00-0040124,Tetairoa McMillan,WR,CAR,NO,10,11.0,6.0,0,0,0,8,5,60,0,0,0,0,0,31.0
00-0040124,Tetairoa McMillan,WR,CAR,ATL,11,33.0,25.0,0,0,0,12,8,130,2,0,0,0,0,2.0
00-0040124,Tetairoa McMillan,WR,CAR,SF,12,11.5,9.5,0,0,0,7,2,35,1,0,0,0,0,26.0
00-0040124,Tetairoa McMillan,WR,CAR,LA,13,11.3,10.3,0,0,0,2,1,43,1,0,0,0,0,29.0
00-0040124,Tetairoa McMillan,WR,CAR,NO,15,4.5,2.5,0,0,0,4,2,25,0,0,0,0,0,61.0
00-0040124,Tetairoa McMillan,WR,CAR,TB,16,19.3,13.3,0,0,0,10,6,73,1,0,0,0,0,14.0
00-0040124,Tetairoa McMillan,WR,CAR,SEA,17,1.5,0.5,0,0,0,4,1,5,0,0,0,0,0,71.0
00-0040124,Tetairoa McMillan,WR,CAR,TB,18,12.5,8.5,0,0,0,6,4,85,0,0,0,0,0,16.0
00-0040237,Tez Johnson,WR,TB,ATL,1,0.0,0.0,0,0,0,1,0,0,0,0,0,0,0,80.0
00-0040237,Tez Johnson,WR,TB,NYJ,3,0.0,0.0,0,0,0,1,0,0,0,0,0,0,0,82.0
00-0040237,Tez Johnson,WR,TB,PHI,4,2.3,1.3,1,5,0,1,1,8,0,0,0,0,0,75.0
00-0040237,Tez Johnson,WR,TB,SEA,5,9.9,5.9,0,0,0,4,4,59,0,0,0,0,0,41.0
00-0040237,Tez Johnson,WR,TB,SF,6,11.5,10.5,0,0,0,3,1,45,1,0,0,0,0,23.0
00-0040237,Tez Johnson,WR,TB,DET,7,15.8,11.8,0,0,0,9,4,58,1,0,0,0,0,17.0
00-0040237,Tez Johnson,WR,TB,NO,8,9.3,4.3,0,0,0,6,5,43,0,0,0,0,0,37.0
00-0040237,Tez Johnson,WR,TB,NE,10,20.2,16.2,0,0,0,5,4,42,2,0,0,0,0,10.0
00-0040237,Tez Johnson,WR,TB,BUF,11,1.6,0.6,3,0,0,3,1,6,0,0,0,0,0,71.0
00-0040237,Tez Johnson,WR,TB,LA,12,12.3,9.3,2,12,0,4,3,21,1,0,0,0,0,24.0
00-0040237,Tez Johnson,WR,TB,ARI,13,1.5,0.5,0,0,0,2,1,5,0,0,0,0,0,77.0
00-0040237,Tez Johnson,WR,TB,ATL,15,0.0,0.0,0,0,0,1,0,0,0,0,0,0,0,78.0
00-0040237,Tez Johnson,WR,TB,CAR,16,0.9,-0.1,0,0,0,1,1,-1,0,0,0,0,0,83.0
00-0040237,Tez Johnson,WR,TB,MIA,17,3.9,1.9,0,0,0,2,2,19,0,0,0,0,0,58.0
00-0040237,Tez Johnson,WR,TB,CAR,18,3.2,2.2,1,5,0,1,1,17,0,0,0,0,0,51.0
00-0039847,Theo Johnson,TE,NYG,WAS,1,1.5,0.5,0,0,0,3,1,5,0,0,0,0,0,35.0
00-0039847,Theo Johnson,TE,NYG,DAL,2,7.4,3.4,0,0,0,5,4,34,0,0,0,0,0,17.0
00-0039847,Theo Johnson,TE,NYG,KC,3,2.0,1.0,0,0,0,2,1,10,0,0,0,0,0,31.0
00-0039847,Theo Johnson,TE,NYG,LAC,4,10.7,7.7,0,0,0,5,3,17,1,0,0,0,0,12.0
00-0039847,Theo Johnson,TE,NYG,NO,5,21.3,15.3,0,0,0,7,6,33,2,0,0,0,0,3.0
00-0039847,Theo Johnson,TE,NYG,PHI,6,4.7,2.7,0,0,0,4,2,27,0,0,0,0,0,28.0
00-0039847,Theo Johnson,TE,NYG,DEN,7,15.6,12.6,0,0,0,7,3,66,1,0,0,0,0,9.0
00-0039847,Theo Johnson,TE,NYG,PHI,8,5.0,2.0,0,0,0,4,3,20,0,0,0,0,0,22.0
00-0039847,Theo Johnson,TE,NYG,SF,9,11.7,8.7,0,0,0,6,3,27,1,0,0,0,0,11.0
00-0039847,Theo Johnson,TE,NYG,CHI,10,14.5,7.5,0,0,0,8,7,75,0,0,0,0,0,7.0
00-0039847,Theo Johnson,TE,NYG,GB,11,6.6,3.6,0,0,0,4,3,36,0,0,0,0,0,20.0
00-0039847,Theo Johnson,TE,NYG,DET,12,10.7,7.7,0,0,0,5,3,77,0,0,0,0,0,11.0
00-0039847,Theo Johnson,TE,NYG,NE,13,5.9,2.9,0,0,0,8,3,29,0,0,0,0,0,25.0
00-0039847,Theo Johnson,TE,NYG,WAS,15,10.2,7.2,0,0,0,4,3,72,0,0,0,0,0,14.0
00-0039847,Theo Johnson,TE,NYG,MIN,16,0.0,0.0,0,0,0,2,0,0,0,0,0,0,0,36.0
00-0037005,Tommy Tremble,TE,CAR,JAX,1,1.2,0.2,0,0,0,1,1,2,0,0,0,0,0,37.0
00-0037005,Tommy Tremble,TE,CAR,ARI,2,5.0,2.0,0,0,0,3,3,20,0,0,0,0,0,25.0
00-0037005,Tommy Tremble,TE,CAR,ATL,3,3.6,1.6,0,0,0,2,2,16,0,0,0,0,0,29.0
00-0037005,Tommy Tremble,TE,CAR,NE,4,15.2,10.2,0,0,0,8,5,42,1,0,0,0,0,6.0
00-0037005,Tommy Tremble,TE,CAR,MIA,5,1.7,0.7,0,0,0,2,1,7,0,0,0,0,0,31.0
00-0037005,Tommy Tremble,TE,CAR,DAL,6,7.9,3.9,0,0,0,4,4,39,0,0,0,0,0,21.0
00-0037005,Tommy Tremble,TE,CAR,NYJ,7,1.0,0.0,0,0,0,1,1,0,0,0,0,0,0,33.0
00-0037005,Tommy Tremble,TE,CAR,BUF,8,1.4,0.4,0,0,0,1,1,4,0,0,0,0,0,31.0
00-0037005,Tommy Tremble,TE,CAR,GB,9,0.0,0.0,0,0,0,1,0,0,0,0,0,0,0,35.0
00-0037005,Tommy Tremble,TE,CAR,ATL,11,6.4,5.4,0,0,0,2,1,54,0,0,0,0,0,22.0
00-0037005,Tommy Tremble,TE,CAR,LA,13,1.2,0.2,0,0,0,2,1,2,0,0,0,0,0,38.0
00-0037005,Tommy Tremble,TE,CAR,NO,15,3.3,1.3,0,0,0,4,2,13,0,0,0,0,0,32.0
00-0037005,Tommy Tremble,TE,CAR,TB,16,1.6,0.6,0,0,0,1,1,6,0,0,0,0,0,33.0
00-0037005,Tommy Tremble,TE,CAR,SEA,17,1.6,0.6,0,0,0,1,1,6,0,0,0,0,0,31.0
00-0037005,Tommy Tremble,TE,CAR,TB,18,12.8,9.8,0,0,0,4,3,38,1,0,0,0,0,7.0
00-0035261,Tony Pollard,RB,TEN,DEN,1,7.9,6.9,18,60,0,1,1,29,0,0,0,0,0,30.0
00-0035261,Tony Pollard,RB,TEN,LA,2,9.2,9.2,20,92,0,1,0,0,0,0,0,0,0,29.0
00-0035261,Tony Pollard,RB,TEN,IND,3,13.9,11.9,16,45,1,4,2,14,0,0,0,0,0,15.0
00-0035261,Tony Pollard,RB,TEN,HOU,4,10.6,7.6,14,64,0,3,3,12,0,0,0,0,0,30.0
00-0035261,Tony Pollard,RB,TEN,ARI,5,14.8,11.8,14,67,1,3,3,11,0,0,0,0,0,17.0
00-0035261,Tony Pollard,RB,TEN,LV,6,6.7,4.7,10,34,0,2,2,13,0,0,0,0,0,31.0
00-0035261,Tony Pollard,RB,TEN,NE,7,12.1,6.1,6,18,0,6,6,43,0,0,0,0,0,18.0
00-0035261,Tony Pollard,RB,TEN,IND,8,6.3,5.3,11,44,0,2,1,9,0,0,0,0,0,32.0
00-0035261,Tony Pollard,RB,TEN,LAC,9,7.8,6.8,10,56,0,2,1,12,0,0,0,0,0,25.0
00-0035261,Tony Pollard,RB,TEN,HOU,11,5.6,2.6,10,22,0,3,3,4,0,0,0,0,0,40.0
00-0035261,Tony Pollard,RB,TEN,SEA,12,8.1,4.1,11,20,0,5,4,21,0,0,0,0,0,31.0
00-0035261,Tony Pollard,RB,TEN,JAX,13,5.3,4.3,10,60,0,2,1,3,0,0,0,0,0,47.0
00-0035261,Tony Pollard,RB,TEN,CLE,14,28.1,28.1,25,161,2,0,0,0,0,0,0,0,0,2.0
00-0035261,Tony Pollard,RB,TEN,SF,15,18.2,17.2,14,104,1,2,1,8,0,0,0,0,0,11.0
00-0035261,Tony Pollard,RB,TEN,KC,16,10.2,10.2,21,102,0,0,0,0,0,0,0,0,0,27.0
00-0035261,Tony Pollard,RB,TEN,NO,17,11.5,9.5,18,85,0,2,2,10,0,0,0,0,0,17.0
00-0035261,Tony Pollard,RB,TEN,JAX,18,9.5,6.5,14,48,0,3,3,17,0,0,0,0,0,20.0
00-0040648,Tory Horton,WR,SEA,SF,1,0.0,0.0,0,0,0,0,0,0,0,0,0,0,0,80.0
00-0040648,Tory Horton,WR,SEA,PIT,2,11.2,9.2,0,0,0,4,2,32,1,0,0,0,0,32.0
00-0040648,Tory Horton,WR,SEA,NO,3,18.2,15.2,0,0,0,4,3,32,1,0,0,0,0,14.0
00-0040648,Tory Horton,WR,SEA,ARI,4,2.0,1.0,0,0,0,2,1,10,0,0,0,0,0,77.0
00-0040648,Tory Horton,WR,SEA,TB,5,12.9,9.9,0,0,0,4,3,39,1,0,0,0,0,26.0
00-0040648,Tory Horton,WR,SEA,JAX,6,0.0,0.0,0,0,0,1,0,0,0,0,0,0,0,70.0
00-0040648,Tory Horton,WR,SEA,HOU,7,0.0,0.0,0,0,0,3,0,0,0,0,0,0,0,73.0
00-0040648,Tory Horton,WR,SEA,WAS,9,20.8,16.8,0,0,0,4,4,48,2,0,0,0,0,8.0
00-0036973,Travis Etienne,RB,JAX,CAR,1,18.6,15.6,16,143,0,3,3,13,0,0,0,0,0,6.0
00-0036973,Travis Etienne,RB,JAX,CIN,2,16.9,14.9,14,71,0,3,2,18,1,0,0,0,0,14.0
00-0036973,Travis Etienne,RB,JAX,HOU,3,11.6,11.6,16,56,1,2,0,0,0,0,0,0,0,21.0
00-0036973,Travis Etienne,RB,JAX,SF,4,19.5,18.5,19,124,1,2,1,1,0,0,0,0,0,13.0
00-0036973,Travis Etienne,RB,JAX,KC,5,8.8,5.8,12,49,0,4,3,9,0,0,0,0,0,30.0
00-0036973,Travis Etienne,RB,JAX,SEA,6,9.5,5.5,12,27,0,5,4,28,0,0,0,0,0,19.0
00-0036973,Travis Etienne,RB,JAX,LA,7,6.5,5.5,8,44,0,3,1,11,0,0,0,0,0,34.0
00-0036973,Travis Etienne,RB,JAX,LV,9,16.5,11.5,22,84,0,5,5,31,0,0,0,0,0,12.0
00-0036973,Travis Etienne,RB,JAX,HOU,10,15.7,13.7,16,58,1,4,2,19,0,0,0,0,0,13.0
00-0036973,Travis Etienne,RB,JAX,LAC,11,19.3,19.3,19,73,2,2,0,0,0,0,0,0,0,11.0
00-0036973,Travis Etienne,RB,JAX,ARI,12,20.6,17.6,15,86,0,4,3,30,1,0,0,0,0,7.0
00-0036973,Travis Etienne,RB,JAX,TEN,13,5.1,4.1,12,28,0,1,1,13,0,0,0,0,0,49.0
00-0036973,Travis Etienne,RB,JAX,IND,14,21.2,20.2,20,74,2,1,1,8,0,0,0,0,0,5.0
00-0036973,Travis Etienne,RB,JAX,NYJ,15,31.5,28.5,12,32,0,4,3,73,3,0,0,0,0,1.0
00-0036973,Travis Etienne,RB,JAX,DEN,16,16.6,12.6,16,50,0,5,4,16,1,0,0,0,0,18.0
00-0036973,Travis Etienne,RB,JAX,IND,17,11.2,9.2,17,76,0,3,2,16,0,0,0,0,0,19.0
00-0036973,Travis Etienne,RB,JAX,TEN,18,4.8,3.8,14,32,0,1,1,6,0,0,0,0,0,37.0
00-0030506,Travis Kelce,TE,KC,LAC,1,12.7,10.7,0,0,0,4,2,47,1,0,0,0,0,8.0
00-0030506,Travis Kelce,TE,KC,PHI,2,10.1,6.1,0,0,0,6,4,61,0,0,0,0,0,8.0
00-0030506,Travis Kelce,TE,KC,NYG,3,6.6,2.6,0,0,0,7,4,26,0,0,0,0,0,20.0
00-0030506,Travis Kelce,TE,KC,BAL,4,9.8,4.8,0,0,0,5,5,48,0,0,0,0,0,16.0
00-0030506,Travis Kelce,TE,KC,JAX,5,19.1,12.1,0,0,0,8,7,61,1,0,0,0,0,5.0
00-0030506,Travis Kelce,TE,KC,DET,6,13.8,7.8,0,0,0,7,6,78,0,0,0,0,0,9.0
00-0030506,Travis Kelce,TE,KC,LV,7,8.4,5.4,0,0,0,3,3,54,0,0,0,0,0,19.0
00-0030506,Travis Kelce,TE,KC,WAS,8,21.9,15.9,0,0,0,8,6,99,1,0,0,0,0,2.0
00-0030506,Travis Kelce,TE,KC,BUF,9,12.6,8.6,0,0,0,5,4,66,0,0,0,0,0,8.0
00-0030506,Travis Kelce,TE,KC,DEN,11,24.1,15.1,0,0,0,13,9,91,1,0,0,0,0,3.0
00-0030506,Travis Kelce,TE,KC,IND,12,8.4,4.4,1,1,0,6,4,43,0,0,0,0,0,14.0
00-0030506,Travis Kelce,TE,KC,DAL,13,15.5,10.5,0,0,0,6,5,45,1,0,0,0,0,4.0
00-0030506,Travis Kelce,TE,KC,HOU,14,1.8,0.8,0,0,0,5,1,8,0,0,0,0,0,33.0
00-0030506,Travis Kelce,TE,KC,LAC,15,14.0,7.0,0,0,0,9,7,70,0,0,0,0,0,10.0
00-0030506,Travis Kelce,TE,KC,TEN,16,1.6,0.6,0,0,0,4,1,6,0,0,0,0,0,33.0
00-0030506,Travis Kelce,TE,KC,DEN,17,8.6,3.6,0,0,0,6,5,36,0,0,0,0,0,16.0
00-0030506,Travis Kelce,TE,KC,LV,18,4.2,1.2,0,0,0,6,3,12,0,0,0,0,0,24.0
00-0040727,Tre Harris,WR,LAC,KC,1,2.1,1.1,0,0,0,1,1,11,0,0,0,0,0,72.0
00-0040727,Tre Harris,WR,LAC,LV,2,5.4,3.4,0,0,0,3,2,34,0,0,0,0,0,64.0
00-0040727,Tre Harris,WR,LAC,DEN,3,0.0,0.0,0,0,0,1,0,0,0,0,0,0,0,82.0
00-0040727,Tre Harris,WR,LAC,NYG,4,0.0,0.0,0,0,0,1,0,0,0,0,0,0,0,82.0
00-0040727,Tre Harris,WR,LAC,MIA,6,6.7,2.7,0,0,0,5,4,27,0,0,0,0,0,41.0
00-0040727,Tre Harris,WR,LAC,IND,7,4.3,2.3,0,0,0,2,2,23,0,0,0,0,0,59.0
00-0040727,Tre Harris,WR,LAC,MIN,8,8.8,6.8,0,0,0,2,2,8,1,0,0,0,0,40.0
00-0040727,Tre Harris,WR,LAC,TEN,9,3.8,1.8,0,0,0,2,2,18,0,0,0,0,0,57.0
00-0040727,Tre Harris,WR,LAC,PIT,10,2.4,0.4,0,0,0,2,2,4,0,0,0,0,0,64.0
00-0040727,Tre Harris,WR,LAC,JAX,11,2.2,1.2,0,0,0,1,1,12,0,0,0,0,0,65.0
00-0040727,Tre Harris,WR,LAC,LV,13,6.0,3.0,0,0,0,4,3,30,0,0,0,0,0,51.0
00-0040727,Tre Harris,WR,LAC,PHI,14,3.1,2.1,1,3,0,2,1,18,0,0,0,0,0,64.0
00-0040727,Tre Harris,WR,LAC,KC,15,7.9,4.9,0,0,0,5,3,49,0,0,0,0,0,44.0
00-0040727,Tre Harris,WR,LAC,DAL,16,9.4,5.4,0,0,0,5,4,54,0,0,0,0,0,35.0
00-0040727,Tre Harris,WR,LAC,HOU,17,2.5,1.5,1,7,0,1,1,8,0,0,0,0,0,63.0
00-0040727,Tre Harris,WR,LAC,DEN,18,4.8,2.8,0,0,0,6,2,28,0,0,0,0,0,45.0
00-0038563,Tre Tucker,WR,LV,NE,1,13.4,11.4,0,0,0,3,2,54,1,0,0,0,0,23.0
00-0038563,Tre Tucker,WR,LV,LAC,2,4.9,1.9,1,7,0,8,3,12,0,0,0,0,0,65.0
00-0038563,Tre Tucker,WR,LV,WAS,3,40.9,32.9,1,4,0,9,8,145,3,0,0,0,0,1.0
00-0038563,Tre Tucker,WR,LV,CHI,4,4.2,2.2,2,9,0,2,2,13,0,0,0,0,0,63.0
00-0038563,Tre Tucker,WR,LV,IND,5,11.1,7.1,1,9,0,6,4,62,0,0,0,0,0,35.0
00-0038563,Tre Tucker,WR,LV,TEN,6,12.0,7.0,0,0,0,5,5,70,0,0,0,0,0,21.0
00-0038563,Tre Tucker,WR,LV,KC,7,8.3,3.3,0,0,0,6,5,33,0,0,0,0,0,34.0
00-0038563,Tre Tucker,WR,LV,JAX,9,6.8,3.8,0,0,0,4,3,38,0,0,0,0,0,50.0
00-0038563,Tre Tucker,WR,LV,DEN,10,5.5,3.5,1,7,0,3,2,28,0,0,0,0,0,49.0
00-0038563,Tre Tucker,WR,LV,DAL,11,14.7,10.7,0,0,0,8,4,47,1,0,0,0,0,15.0
00-0038563,Tre Tucker,WR,LV,CLE,12,5.8,2.8,0,0,0,10,3,28,0,0,0,0,0,43.0
00-0038563,Tre Tucker,WR,LV,LAC,13,5.0,2.0,0,0,0,3,3,20,0,0,0,0,0,58.0
00-0038563,Tre Tucker,WR,LV,DEN,14,4.4,2.4,0,0,0,5,2,24,0,0,0,0,0,52.0
00-0038563,Tre Tucker,WR,LV,PHI,15,0.0,0.0,0,0,0,3,0,0,0,0,0,0,0,78.0
00-0038563,Tre Tucker,WR,LV,HOU,16,9.4,5.4,2,11,0,5,4,43,0,0,0,0,0,35.0
00-0038563,Tre Tucker,WR,LV,NYG,17,9.9,4.9,2,0,0,6,5,49,0,0,0,0,0,30.0
00-0038563,Tre Tucker,WR,LV,KC,18,5.4,3.4,1,4,0,6,2,30,0,0,0,0,0,38.0
00-0040734,TreVeyon Henderson,RB,NE,LV,1,11.1,5.1,5,27,0,6,6,24,0,0,0,0,0,24.0
00-0040734,TreVeyon Henderson,RB,NE,MIA,2,6.0,4.0,3,10,0,2,2,30,0,0,0,0,0,35.0
00-0040734,TreVeyon Henderson,RB,NE,PIT,3,7.7,4.7,11,28,0,3,3,19,0,0,0,0,0,32.0
00-0040734,TreVeyon Henderson,RB,NE,CAR,4,12.6,10.6,7,32,1,2,2,14,0,0,0,0,0,23.0
00-0040734,TreVeyon Henderson,RB,NE,BUF,5,4.7,2.7,6,24,0,3,2,3,0,0,0,0,0,37.0
00-0040734,TreVeyon Henderson,RB,NE,NO,6,4.6,3.6,9,27,0,2,1,9,0,0,0,0,0,43.0
00-0040734,TreVeyon Henderson,RB,NE,TEN,7,0.5,0.5,2,5,0,0,0,0,0,0,0,0,0,54.0
00-0040734,TreVeyon Henderson,RB,NE,CLE,8,5.5,5.5,10,75,0,0,0,0,0,0,0,0,0,36.0
00-0040734,TreVeyon Henderson,RB,NE,ATL,9,12.7,8.7,14,55,0,6,4,32,0,0,0,0,0,15.0
00-0040734,TreVeyon Henderson,RB,NE,TB,10,28.0,27.0,14,147,2,1,1,3,0,0,0,0,0,4.0
00-0040734,TreVeyon Henderson,RB,NE,NYJ,11,32.3,27.3,19,62,2,5,5,31,1,0,0,0,0,3.0
00-0040734,TreVeyon Henderson,RB,NE,CIN,12,11.1,8.1,18,66,0,4,3,15,0,0,0,0,0,23.0
00-0040734,TreVeyon Henderson,RB,NE,NYG,13,11.6,8.6,11,67,0,4,3,19,0,0,0,0,0,25.0
00-0040734,TreVeyon Henderson,RB,NE,BUF,15,30.1,28.1,14,148,2,3,2,13,0,0,0,0,0,3.0
00-0040734,TreVeyon Henderson,RB,NE,BAL,16,2.2,1.2,5,3,0,1,1,9,0,0,0,0,0,49.0
00-0040734,TreVeyon Henderson,RB,NE,NYJ,17,8.2,8.2,19,82,0,0,0,0,0,0,0,0,0,27.0
00-0040734,TreVeyon Henderson,RB,NE,MIA,18,17.3,17.3,13,53,2,0,0,0,0,0,0,0,0,9.0
00-0036971,Trevor Lawrence,QB,JAX,CAR,1,10.32,10.32,4,12,0,0,0,0,0,31,178,1,1,23.0
00-0036971,Trevor Lawrence,QB,JAX,CIN,2,19.24,19.24,2,4,0,0,0,0,0,42,271,3,2,14.0
00-0036971,Trevor Lawrence,QB,JAX,HOU,3,7.78,7.78,2,9,0,0,0,0,0,40,222,0,1,28.0
00-0036971,Trevor Lawrence,QB,JAX,SF,4,11.66,11.66,7,7,0,0,0,0,0,31,174,1,0,25.0
00-0036971,Trevor Lawrence,QB,JAX,KC,5,26.24,26.24,10,54,2,0,0,0,0,25,221,1,1,6.0
00-0036971,Trevor Lawrence,QB,JAX,SEA,6,19.22,19.22,3,9,0,0,0,0,0,42,258,2,0,12.0
00-0036971,Trevor Lawrence,QB,JAX,LA,7,17.64,17.64,2,18,0,0,0,0,0,48,296,1,0,14.0
00-0036971,Trevor Lawrence,QB,JAX,LV,9,21.2,21.2,9,24,2,0,0,0,0,34,220,0,1,12.0
00-0036971,Trevor Lawrence,QB,JAX,HOU,10,9.82,9.82,5,35,0,0,0,0,0,23,158,1,1,21.0
00-0036971,Trevor Lawrence,QB,JAX,LAC,11,15.02,15.02,5,9,1,0,0,0,0,22,153,1,1,12.0
00-0036971,Trevor Lawrence,QB,JAX,ARI,12,17.14,17.14,5,29,0,0,0,0,0,30,256,3,3,9.0
00-0036971,Trevor Lawrence,QB,JAX,TEN,13,21.66,21.66,3,25,0,0,0,0,0,27,229,2,0,5.0
00-0036971,Trevor Lawrence,QB,JAX,IND,14,19.36,19.36,4,16,0,0,0,0,0,30,244,2,0,10.0
00-0036971,Trevor Lawrence,QB,JAX,NYJ,15,44.3,44.3,5,51,1,0,0,0,0,32,330,5,0,1.0
00-0036971,Trevor Lawrence,QB,JAX,DEN,16,31.16,31.16,6,20,1,0,0,0,0,36,279,3,0,1.0
00-0036971,Trevor Lawrence,QB,JAX,IND,17,23.12,23.12,8,26,2,0,0,0,0,37,263,0,1,5.0
00-0036971,Trevor Lawrence,QB,JAX,TEN,18,23.3,23.3,2,11,0,0,0,0,0,30,255,3,0,2.0
00-0037744,Trey McBride,TE,ARI,NO,1,12.1,6.1,0,0,0,9,6,61,0,0,0,0,0,12.0
00-0037744,Trey McBride,TE,ARI,CAR,2,13.8,7.8,0,0,0,7,6,78,0,0,0,0,0,5.0
00-0037744,Trey McBride,TE,ARI,SF,3,15.3,10.3,0,0,0,8,5,43,1,0,0,0,0,6.0
00-0037744,Trey McBride,TE,ARI,SEA,4,12.2,5.2,0,0,0,11,7,52,0,0,0,0,0,8.0
00-0037744,Trey McBride,TE,ARI,TEN,5,9.1,4.1,0,0,0,7,5,41,0,0,0,0,0,19.0
00-0037744,Trey McBride,TE,ARI,IND,6,21.2,13.2,0,0,0,11,8,72,1,0,0,0,0,2.0
00-0037744,Trey McBride,TE,ARI,GB,7,29.4,19.4,0,0,0,13,10,74,2,0,0,0,0,2.0
00-0037744,Trey McBride,TE,ARI,DAL,9,16.5,11.5,0,0,0,9,5,55,1,0,0,0,0,6.0
00-0037744,Trey McBride,TE,ARI,SEA,10,27.7,18.7,0,0,0,13,9,127,1,0,0,0,0,1.0
00-0037744,Trey McBride,TE,ARI,SF,11,27.5,17.5,0,0,0,11,10,115,1,0,0,0,0,1.0
00-0037744,Trey McBride,TE,ARI,JAX,12,16.9,7.9,0,0,0,10,9,79,0,0,0,0,0,2.0
00-0037744,Trey McBride,TE,ARI,TB,13,22.2,14.2,0,0,0,9,8,82,1,0,0,0,0,2.0
00-0037744,Trey McBride,TE,ARI,LA,14,10.8,5.8,0,0,0,9,5,58,0,0,0,0,0,11.0
00-0037744,Trey McBride,TE,ARI,HOU,15,37.4,25.4,0,0,0,13,12,134,2,0,0,0,0,2.0
00-0037744,Trey McBride,TE,ARI,ATL,16,6.7,2.7,0,0,0,8,4,27,0,0,0,0,0,14.0
00-0037744,Trey McBride,TE,ARI,CIN,17,23.6,13.6,0,0,0,13,10,76,1,0,0,0,0,1.0
00-0037744,Trey McBride,TE,ARI,LA,18,13.5,6.5,0,0,0,8,7,65,0,0,0,0,0,6.0
00-0039868,Troy Franklin,WR,DEN,TEN,1,8.4,4.4,0,0,0,6,4,44,0,0,0,0,0,41.0
00-0039868,Troy Franklin,WR,DEN,IND,2,24.0,16.0,1,11,0,9,8,89,1,0,0,0,0,6.0
00-0039868,Troy Franklin,WR,DEN,LAC,3,2.8,0.8,0,0,0,4,2,8,0,0,0,0,0,69.0
00-0039868,Troy Franklin,WR,DEN,CIN,4,9.5,5.5,0,0,0,8,4,55,0,0,0,0,0,31.0
00-0039868,Troy Franklin,WR,DEN,PHI,5,8.5,5.5,0,0,0,5,3,35,0,0,0,0,0,46.0
00-0039868,Troy Franklin,WR,DEN,NYJ,6,3.1,0.1,1,2,0,4,3,19,0,0,0,0,0,63.0
00-0039868,Troy Franklin,WR,DEN,NYG,7,12.9,9.9,0,0,0,10,3,19,1,0,0,0,0,25.0
00-0039868,Troy Franklin,WR,DEN,DAL,8,26.9,20.9,0,0,0,8,6,89,2,0,0,0,0,1.0
00-0039868,Troy Franklin,WR,DEN,HOU,9,8.3,4.3,2,-4,0,10,4,27,0,0,0,0,0,45.0
00-0039868,Troy Franklin,WR,DEN,LV,10,15.0,10.0,0,0,0,9,5,40,1,0,0,0,0,23.0
00-0039868,Troy Franklin,WR,DEN,KC,11,12.4,8.4,0,0,0,8,4,84,0,0,0,0,0,19.0
00-0039868,Troy Franklin,WR,DEN,WAS,13,4.1,2.1,0,0,0,3,2,21,0,0,0,0,0,65.0
00-0039868,Troy Franklin,WR,DEN,LV,14,4.1,1.1,0,0,0,4,3,11,0,0,0,0,0,53.0
00-0039868,Troy Franklin,WR,DEN,GB,15,20.8,14.8,1,3,0,6,6,85,1,0,0,0,0,8.0
00-0039868,Troy Franklin,WR,DEN,JAX,16,10.6,6.6,0,0,0,5,4,66,0,0,0,0,0,31.0
00-0039868,Troy Franklin,WR,DEN,KC,17,5.7,1.7,0,0,0,4,4,17,0,0,0,0,0,45.0
00-0039868,Troy Franklin,WR,DEN,LAC,18,0.0,0.0,0,0,0,1,0,0,0,0,0,0,0,68.0
00-0036212,Tua Tagovailoa,QB,MIA,IND,1,5.26,5.26,1,7,0,0,0,0,0,23,114,1,2,30.0
00-0036212,Tua Tagovailoa,QB,MIA,NE,2,18.6,18.6,0,0,0,0,0,0,0,32,315,2,1,16.0
00-0036212,Tua Tagovailoa,QB,MIA,BUF,3,12.84,12.84,2,10,0,0,0,0,0,34,146,2,1,19.0
00-0036212,Tua Tagovailoa,QB,MIA,NYJ,4,15.68,15.68,3,6,0,0,0,0,0,25,177,2,0,19.0
00-0036212,Tua Tagovailoa,QB,MIA,CAR,5,22.74,22.74,1,5,0,0,0,0,0,36,256,3,0,9.0
00-0036212,Tua Tagovailoa,QB,MIA,LAC,6,6.6,6.6,1,4,0,0,0,0,0,32,205,1,3,28.0
00-0036212,Tua Tagovailoa,QB,MIA,CLE,7,-1.4,-1.4,3,6,0,0,0,0,0,23,100,0,3,32.0
00-0036212,Tua Tagovailoa,QB,MIA,ATL,8,24.2,24.2,0,0,0,0,0,0,0,26,205,4,0,6.0
00-0036212,Tua Tagovailoa,QB,MIA,BAL,9,8.54,8.54,1,1,0,0,0,0,0,40,261,0,1,25.0
00-0036212,Tua Tagovailoa,QB,MIA,BUF,10,10.82,10.82,2,-1,0,0,0,0,0,21,173,2,2,20.0
00-0036212,Tua Tagovailoa,QB,MIA,WAS,11,6.84,6.84,0,0,0,0,0,0,0,20,171,0,0,24.0
00-0036212,Tua Tagovailoa,QB,MIA,NO,13,4.68,4.68,4,4,0,0,0,0,0,23,157,0,1,29.0
00-0036212,Tua Tagovailoa,QB,MIA,NYJ,14,9.08,9.08,1,0,0,0,0,0,0,21,127,1,0,21.0
00-0036212,Tua Tagovailoa,QB,MIA,PIT,15,16.22,16.22,1,1,0,0,0,0,0,28,253,2,1,18.0
00-0038996,Tucker Kraft,TE,GB,DET,1,9.9,7.9,1,3,0,4,2,16,1,0,0,0,0,17.0
00-0038996,Tucker Kraft,TE,GB,WAS,2,24.4,18.4,0,0,0,7,6,124,1,0,0,0,0,1.0
00-0038996,Tucker Kraft,TE,GB,CLE,3,5.9,2.9,0,0,0,4,3,29,0,0,0,0,0,21.0
00-0038996,Tucker Kraft,TE,GB,DAL,4,10.6,5.6,0,0,0,5,5,56,0,0,0,0,0,13.0
00-0038996,Tucker Kraft,TE,GB,CIN,6,12.3,10.3,0,0,0,2,2,43,1,0,0,0,0,10.0
00-0038996,Tucker Kraft,TE,GB,ARI,7,16.8,11.8,0,0,0,10,5,58,1,0,0,0,0,8.0
00-0038996,Tucker Kraft,TE,GB,PIT,8,33.3,26.3,0,0,0,9,7,143,2,0,0,0,0,1.0
00-0038996,Tucker Kraft,TE,GB,CAR,9,4.0,2.0,0,0,0,3,2,20,0,0,0,0,0,29.0
00-0035537,Ty Johnson,RB,BUF,BAL,1,2.4,2.4,2,24,0,2,0,0,0,0,0,0,0,46.0
00-0035537,Ty Johnson,RB,BUF,NYJ,2,0.6,0.6,2,6,0,1,0,0,0,0,0,0,0,53.0
00-0035537,Ty Johnson,RB,BUF,MIA,3,3.1,2.1,3,13,0,2,1,8,0,0,0,0,0,45.0
00-0035537,Ty Johnson,RB,BUF,NO,4,0.0,0.0,1,0,0,0,0,0,0,0,0,0,0,55.0
00-0035537,Ty Johnson,RB,BUF,NE,5,1.0,1.0,2,10,0,0,0,0,0,0,0,0,0,49.0
00-0035537,Ty Johnson,RB,BUF,ATL,6,2.6,1.6,1,5,0,2,1,11,0,0,0,0,0,49.0
00-0035537,Ty Johnson,RB,BUF,CAR,8,0.6,0.6,4,6,0,0,0,0,0,0,0,0,0,48.0
00-0035537,Ty Johnson,RB,BUF,KC,9,10.0,8.0,2,8,1,2,2,12,0,0,0,0,0,21.0
00-0035537,Ty Johnson,RB,BUF,MIA,10,4.6,2.6,1,2,0,2,2,24,0,0,0,0,0,39.0
00-0035537,Ty Johnson,RB,BUF,TB,11,15.0,13.0,1,9,0,2,2,61,1,0,0,0,0,16.0
00-0035537,Ty Johnson,RB,BUF,HOU,12,8.2,5.2,2,7,0,3,3,45,0,0,0,0,0,30.0
00-0035537,Ty Johnson,RB,BUF,PIT,13,5.5,2.5,2,5,0,5,3,20,0,0,0,0,0,45.0
00-0035537,Ty Johnson,RB,BUF,CIN,14,5.9,3.9,2,25,0,3,2,14,0,0,0,0,0,37.0
00-0035537,Ty Johnson,RB,BUF,NE,15,5.8,2.8,4,13,0,3,3,15,0,0,0,0,0,35.0
00-0035537,Ty Johnson,RB,BUF,CLE,16,7.6,7.6,3,16,1,0,0,0,0,0,0,0,0,38.0
00-0035537,Ty Johnson,RB,BUF,PHI,17,7.8,4.8,5,15,0,4,3,33,0,0,0,0,0,28.0
00-0035537,Ty Johnson,RB,BUF,NYJ,18,19.6,17.6,13,36,1,2,2,20,1,0,0,0,0,6.0
00-0039032,Tyjae Spears,RB,TEN,ARI,5,1.4,1.4,4,14,0,0,0,0,0,0,0,0,0,45.0
00-0039032,Tyjae Spears,RB,TEN,LV,6,9.0,5.0,5,31,0,4,4,19,0,0,0,0,0,21.0
00-0039032,Tyjae Spears,RB,TEN,NE,7,7.0,4.0,5,22,0,4,3,18,0,0,0,0,0,32.0
00-0039032,Tyjae Spears,RB,TEN,IND,8,17.2,14.2,9,59,1,3,3,23,0,0,0,0,0,12.0
00-0039032,Tyjae Spears,RB,TEN,LAC,9,9.2,6.2,7,26,0,3,3,36,0,0,0,0,0,23.0
00-0039032,Tyjae Spears,RB,TEN,HOU,11,8.4,3.4,4,3,0,5,5,31,0,0,0,0,0,32.0
00-0039032,Tyjae Spears,RB,TEN,SEA,12,6.5,2.5,3,4,0,5,4,21,0,0,0,0,0,35.0
00-0039032,Tyjae Spears,RB,TEN,JAX,13,8.4,2.4,2,-1,0,6,6,25,0,0,0,0,0,38.0
00-0039032,Tyjae Spears,RB,TEN,CLE,14,6.7,4.7,8,19,0,4,2,28,0,0,0,0,0,34.0
00-0039032,Tyjae Spears,RB,TEN,SF,15,5.6,3.6,3,34,0,2,2,2,0,0,0,0,0,38.0
00-0039032,Tyjae Spears,RB,TEN,KC,16,21.5,16.5,13,52,1,5,5,53,0,0,0,0,0,12.0
00-0039032,Tyjae Spears,RB,TEN,NO,17,1.1,0.1,6,2,0,2,1,-1,0,0,0,0,0,51.0
00-0039032,Tyjae Spears,RB,TEN,JAX,18,9.7,2.7,3,18,0,7,7,9,0,0,0,0,0,19.0
00-0037263,Tyler Allgeier,RB,ATL,TB,1,2.4,2.4,10,24,0,0,0,0,0,0,0,0,0,46.0
00-0037263,Tyler Allgeier,RB,ATL,MIN,2,15.0,14.0,16,76,1,1,1,4,0,0,0,0,0,19.0
00-0037263,Tyler Allgeier,RB,ATL,CAR,3,1.4,0.4,1,4,0,2,1,0,0,0,0,0,0,50.0
00-0037263,Tyler Allgeier,RB,ATL,WAS,4,11.1,11.1,16,51,1,0,0,0,0,0,0,0,0,28.0
00-0037263,Tyler Allgeier,RB,ATL,BUF,6,10.8,9.8,10,32,1,1,1,6,0,0,0,0,0,16.0
00-0037263,Tyler Allgeier,RB,ATL,SF,7,1.6,1.6,4,16,0,0,0,0,0,0,0,0,0,52.0
00-0037263,Tyler Allgeier,RB,ATL,MIA,8,9.4,7.4,4,4,1,2,2,10,0,0,0,0,0,24.0
00-0037263,Tyler Allgeier,RB,ATL,NE,9,0.6,0.6,2,6,0,0,0,0,0,0,0,0,0,47.0
00-0037263,Tyler Allgeier,RB,ATL,IND,10,17.7,17.7,11,57,2,0,0,0,0,0,0,0,0,9.0
00-0037263,Tyler Allgeier,RB,ATL,CAR,11,9.6,7.6,3,10,1,2,2,6,0,0,0,0,0,27.0
00-0037263,Tyler Allgeier,RB,ATL,NO,12,5.9,4.9,12,44,0,1,1,5,0,0,0,0,0,37.0
00-0037263,Tyler Allgeier,RB,ATL,NYJ,13,13.5,11.5,8,20,1,2,2,35,0,0,0,0,0,20.0
00-0037263,Tyler Allgeier,RB,ATL,SEA,14,8.7,6.7,11,34,0,2,2,33,0,0,0,0,0,30.0
00-0037263,Tyler Allgeier,RB,ATL,TB,15,1.8,1.8,2,18,0,0,0,0,0,0,0,0,0,53.0
00-0037263,Tyler Allgeier,RB,ATL,ARI,16,8.3,7.3,16,79,0,1,1,-6,0,0,0,0,0,33.0
00-0037263,Tyler Allgeier,RB,ATL,LA,17,2.3,2.3,10,23,0,0,0,0,0,0,0,0,0,48.0
00-0037263,Tyler Allgeier,RB,ATL,NO,18,2.9,1.9,7,16,0,2,1,3,0,0,0,0,0,41.0
00-0033110,Tyler Higbee,TE,LA,HOU,1,0.0,0.0,0,0,0,0,0,0,0,0,0,0,0,39.0
00-0033110,Tyler Higbee,TE,LA,TEN,2,7.7,3.7,0,0,0,4,4,37,0,0,0,0,0,13.0
00-0033110,Tyler Higbee,TE,LA,PHI,3,0.0,0.0,0,0,0,2,0,0,0,0,0,0,0,36.0
00-0033110,Tyler Higbee,TE,LA,IND,4,4.5,2.5,0,0,0,5,2,25,0,0,0,0,0,27.0
00-0033110,Tyler Higbee,TE,LA,BAL,6,14.0,10.0,0,0,0,4,4,40,1,0,0,0,0,8.0
00-0033110,Tyler Higbee,TE,LA,JAX,7,4.9,1.9,0,0,0,6,3,19,0,0,0,0,0,26.0
00-0033110,Tyler Higbee,TE,LA,NO,9,10.3,7.3,0,0,0,4,3,13,1,0,0,0,0,15.0
00-0033110,Tyler Higbee,TE,LA,SF,10,6.3,3.3,0,0,0,3,3,33,0,0,0,0,0,18.0
00-0033110,Tyler Higbee,TE,LA,SEA,11,3.3,2.3,0,0,0,2,1,23,0,0,0,0,0,31.0
00-0033110,Tyler Higbee,TE,LA,ARI,18,20.1,15.1,0,0,0,6,5,91,1,0,0,0,0,3.0
00-0032211,Tyler Lockett,WR,TEN,DEN,1,0.0,0.0,0,0,0,1,0,0,0,0,0,0,0,80.0
00-0032211,Tyler Lockett,WR,TEN,LA,2,2.9,0.9,0,0,0,3,2,9,0,0,0,0,0,77.0
00-0032211,Tyler Lockett,WR,TEN,IND,3,7.7,3.7,0,0,0,4,4,37,0,0,0,0,0,45.0
00-0032211,Tyler Lockett,WR,TEN,HOU,4,0.0,0.0,0,0,0,4,0,0,0,0,0,0,0,82.0
00-0032211,Tyler Lockett,WR,TEN,ARI,5,1.6,0.6,0,0,0,4,1,6,0,0,0,0,0,68.0
00-0032211,Tyler Lockett,WR,TEN,LV,6,1.0,0.0,0,0,0,3,1,0,0,0,0,0,0,69.0
00-0032211,Tyler Lockett,WR,TEN,NE,7,3.8,1.8,0,0,0,2,2,18,0,0,0,0,0,60.0
00-0032211,Tyler Lockett,WR,LV,JAX,9,0.0,0.0,0,0,0,1,0,0,0,0,0,0,0,72.0
00-0032211,Tyler Lockett,WR,LV,DEN,10,9.4,4.4,0,0,0,6,5,44,0,0,0,0,0,33.0
00-0032211,Tyler Lockett,WR,LV,DAL,11,6.3,3.3,0,0,0,3,3,33,0,0,0,0,0,47.0
00-0032211,Tyler Lockett,WR,LV,CLE,12,10.2,6.2,0,0,0,5,4,62,0,0,0,0,0,29.0
00-0032211,Tyler Lockett,WR,LV,LAC,13,2.1,1.1,0,0,0,1,1,11,0,0,0,0,0,75.0
00-0032211,Tyler Lockett,WR,LV,DEN,14,7.1,4.1,0,0,0,4,3,41,0,0,0,0,0,40.0
00-0032211,Tyler Lockett,WR,LV,PHI,15,3.0,1.0,0,0,0,4,2,10,0,0,0,0,0,69.0
00-0032211,Tyler Lockett,WR,LV,HOU,16,1.6,0.6,0,0,0,2,1,6,0,0,0,0,0,79.0
00-0032211,Tyler Lockett,WR,LV,NYG,17,8.9,6.9,0,0,0,3,2,9,1,0,0,0,0,35.0
00-0032211,Tyler Lockett,WR,LV,KC,18,1.5,0.5,0,0,0,5,1,5,0,0,0,0,0,63.0
00-0040743,Tyler Shough,QB,NO,SEA,3,0.0,0.0,0,0,0,0,0,0,0,2,0,0,0,33.0
00-0040743,Tyler Shough,QB,NO,TB,8,4.32,4.32,3,12,0,0,0,0,0,30,128,0,1,23.0
00-0040743,Tyler Shough,QB,NO,LA,9,9.24,9.24,1,2,0,0,0,0,0,24,176,1,1,23.0
00-0040743,Tyler Shough,QB,NO,CAR,10,18.98,18.98,4,-3,0,0,0,0,0,27,282,2,0,11.0
00-0040743,Tyler Shough,QB,NO,ATL,12,7.92,7.92,7,22,0,0,0,0,0,43,243,0,1,21.0
00-0040743,Tyler Shough,QB,NO,MIA,13,17.36,17.36,6,18,0,0,0,0,0,38,239,2,1,12.0
00-0040743,Tyler Shough,QB,NO,TB,14,21.26,21.26,7,55,2,0,0,0,0,20,144,0,1,7.0
00-0040743,Tyler Shough,QB,NO,CAR,15,18.08,18.08,8,32,0,0,0,0,0,32,272,1,0,16.0
00-0040743,Tyler Shough,QB,NO,NYJ,16,17.12,17.12,2,8,0,0,0,0,0,49,308,1,0,15.0
00-0040743,Tyler Shough,QB,NO,TEN,17,21.92,21.92,4,6,0,0,0,0,0,27,333,2,0,8.0
00-0040743,Tyler Shough,QB,NO,ATL,18,21.76,21.76,3,34,1,0,0,0,0,35,259,1,1,3.0
00-0040128,Tyler Warren,TE,IND,MIA,1,14.9,7.9,1,3,0,9,7,76,0,0,0,0,0,3.0
00-0040128,Tyler Warren,TE,IND,DEN,2,11.9,7.9,1,0,0,7,4,79,0,0,0,0,0,6.0
00-0040128,Tyler Warren,TE,IND,TEN,3,6.8,3.8,0,0,0,5,3,38,0,0,0,0,0,18.0
00-0040128,Tyler Warren,TE,IND,LA,4,18.3,13.3,2,3,1,6,5,70,0,0,0,0,0,2.0
00-0040128,Tyler Warren,TE,IND,LV,5,14.4,10.4,0,0,0,4,4,44,1,1,0,0,0,11.0
00-0040128,Tyler Warren,TE,IND,ARI,6,18.3,12.3,0,0,0,9,6,63,1,0,0,0,0,3.0
00-0040128,Tyler Warren,TE,IND,LAC,7,16.9,12.9,0,0,0,5,4,69,1,0,0,0,0,7.0
00-0040128,Tyler Warren,TE,IND,TEN,8,9.3,5.3,0,0,0,5,4,53,0,0,0,0,0,12.0
00-0040128,Tyler Warren,TE,IND,PIT,9,7.6,2.6,0,0,0,7,5,26,0,0,0,0,0,24.0
00-0040128,Tyler Warren,TE,IND,ATL,10,17.9,9.9,0,0,0,10,8,99,0,0,0,0,0,5.0
00-0040128,Tyler Warren,TE,IND,KC,12,9.5,4.5,0,0,0,7,5,45,0,0,0,0,0,13.0
00-0040128,Tyler Warren,TE,IND,HOU,13,11.2,8.2,1,0,0,4,3,22,1,0,0,0,0,14.0
00-0040128,Tyler Warren,TE,IND,JAX,14,3.7,1.7,1,2,0,6,2,15,0,0,0,0,0,25.0
00-0040128,Tyler Warren,TE,IND,SEA,15,4.9,1.9,0,0,0,6,3,19,0,0,0,0,0,26.0
00-0040128,Tyler Warren,TE,IND,SF,16,6.0,3.0,0,0,0,9,3,30,0,0,0,0,0,15.0
00-0040128,Tyler Warren,TE,IND,JAX,17,9.3,4.3,0,0,0,5,5,43,0,0,0,0,0,14.0
00-0040128,Tyler Warren,TE,IND,HOU,18,7.6,2.6,0,0,0,8,5,26,0,0,0,0,0,17.0
00-0038104,Tyquan Thornton,WR,KC,LAC,1,6.1,4.1,0,0,0,4,2,41,0,0,0,0,0,49.0
00-0038104,Tyquan Thornton,WR,KC,PHI,2,13.9,11.9,0,0,0,5,2,59,1,0,0,0,0,26.0
00-0038104,Tyquan Thornton,WR,KC,NYG,3,18.1,13.1,0,0,0,9,5,71,1,0,0,0,0,15.0
00-0038104,Tyquan Thornton,WR,KC,BAL,4,8.1,7.1,0,0,0,2,1,11,1,0,0,0,0,40.0
00-0038104,Tyquan Thornton,WR,KC,JAX,5,12.0,9.0,0,0,0,5,3,90,0,0,0,0,0,29.0
00-0038104,Tyquan Thornton,WR,KC,LV,7,4.9,3.9,0,0,0,2,1,39,0,0,0,0,0,55.0
00-0038104,Tyquan Thornton,WR,KC,BUF,9,0.0,0.0,0,0,0,1,0,0,0,0,0,0,0,72.0
00-0038104,Tyquan Thornton,WR,KC,DEN,11,7.1,6.1,0,0,0,2,1,61,0,0,0,0,0,44.0
00-0038104,Tyquan Thornton,WR,KC,IND,12,0.0,0.0,0,0,0,1,0,0,0,0,0,0,0,69.0
00-0038104,Tyquan Thornton,WR,KC,DAL,13,0.0,0.0,0,0,0,0,0,0,0,0,0,0,0,83.0
00-0038104,Tyquan Thornton,WR,KC,HOU,14,3.9,1.9,0,0,0,3,2,19,0,0,0,0,0,56.0
00-0038104,Tyquan Thornton,WR,KC,LAC,15,6.7,4.7,0,0,0,3,2,47,0,0,0,0,0,49.0
00-0028118,Tyrod Taylor,QB,NYJ,BUF,2,8.34,8.34,3,21,0,0,0,0,0,11,56,1,0,27.0
00-0028118,Tyrod Taylor,QB,NYJ,TB,3,16.68,16.68,8,48,0,0,0,0,0,36,197,2,1,10.0
00-0028118,Tyrod Taylor,QB,NYJ,CAR,7,2.14,2.14,3,11,0,0,0,0,0,22,126,0,2,31.0
00-0028118,Tyrod Taylor,QB,NYJ,BAL,12,12.78,12.78,5,19,0,0,0,0,0,28,222,1,1,16.0
00-0028118,Tyrod Taylor,QB,NYJ,ATL,13,21.28,21.28,8,44,1,0,0,0,0,33,172,1,0,6.0
00-0028118,Tyrod Taylor,QB,NYJ,MIA,14,-1.76,-1.76,0,0,0,0,0,0,0,4,6,0,1,28.0
00-0039384,Tyrone Tracy Jr.,RB,NYG,WAS,1,5.5,3.5,10,24,0,5,2,11,0,0,0,0,0,33.0
00-0039384,Tyrone Tracy Jr.,RB,NYG,DAL,2,9.1,5.1,5,15,0,5,4,36,0,0,0,0,0,30.0
00-0039384,Tyrone Tracy Jr.,RB,NYG,KC,3,5.6,3.6,7,29,0,3,2,7,0,0,0,0,0,39.0
00-0039384,Tyrone Tracy Jr.,RB,NYG,PHI,6,0.6,0.6,4,6,0,0,0,0,0,0,0,0,0,55.0
00-0039384,Tyrone Tracy Jr.,RB,NYG,DEN,7,10.6,10.6,9,46,1,0,0,0,0,0,0,0,0,21.0
00-0039384,Tyrone Tracy Jr.,RB,NYG,PHI,8,7.3,5.3,10,39,0,3,2,14,0,0,0,0,0,30.0
00-0039384,Tyrone Tracy Jr.,RB,NYG,SF,9,6.7,3.7,5,18,0,4,3,19,0,0,0,0,0,31.0
00-0039384,Tyrone Tracy Jr.,RB,NYG,CHI,10,8.1,7.1,14,71,0,2,1,0,0,0,0,0,0,32.0
00-0039384,Tyrone Tracy Jr.,RB,NYG,GB,11,17.9,13.9,19,88,0,4,4,51,0,0,0,0,0,13.0
00-0039384,Tyrone Tracy Jr.,RB,NYG,DET,12,16.0,13.0,20,62,0,4,3,68,0,0,0,0,0,12.0
00-0039384,Tyrone Tracy Jr.,RB,NYG,NE,13,4.3,3.3,10,36,0,1,1,-3,0,0,0,0,0,52.0
00-0039384,Tyrone Tracy Jr.,RB,NYG,WAS,15,24.7,21.7,15,70,1,4,3,27,1,0,0,0,0,5.0
00-0039384,Tyrone Tracy Jr.,RB,NYG,MIN,16,9.8,7.8,16,71,0,2,2,7,0,0,0,0,0,30.0
00-0039384,Tyrone Tracy Jr.,RB,NYG,LV,17,6.7,5.7,14,62,0,2,1,-5,0,0,0,0,0,33.0
00-0039384,Tyrone Tracy Jr.,RB,NYG,DAL,18,27.9,19.9,18,103,0,9,8,56,1,0,0,0,0,2.0
00-0036415,Van Jefferson,WR,TEN,LA,2,3.0,1.0,0,0,0,2,2,10,0,0,0,0,0,76.0
00-0036415,Van Jefferson,WR,TEN,IND,3,1.8,0.8,0,0,0,1,1,8,0,0,0,0,0,75.0
00-0036415,Van Jefferson,WR,TEN,HOU,4,1.6,0.6,0,0,0,1,1,6,0,0,0,0,0,78.0
00-0036415,Van Jefferson,WR,TEN,LV,6,11.5,7.5,0,0,0,6,4,75,0,0,0,0,0,23.0
00-0036415,Van Jefferson,WR,TEN,NE,7,8.1,4.1,0,0,0,4,4,41,0,0,0,0,0,37.0
00-0036415,Van Jefferson,WR,TEN,IND,8,1.6,0.6,0,0,0,8,1,6,0,0,0,0,0,62.0
00-0036415,Van Jefferson,WR,TEN,LAC,9,3.1,2.1,0,0,0,4,1,21,0,0,0,0,0,61.0
00-0036415,Van Jefferson,WR,TEN,HOU,11,11.2,8.2,0,0,0,7,3,22,1,0,0,0,0,23.0
00-0036415,Van Jefferson,WR,TEN,SEA,12,2.1,1.1,0,0,0,1,1,11,0,0,0,0,0,61.0
00-0036415,Van Jefferson,WR,TEN,JAX,13,5.0,2.0,0,0,0,4,3,20,0,0,0,0,0,58.0
00-0036415,Van Jefferson,WR,TEN,CLE,14,3.7,1.7,0,0,0,4,2,17,0,0,0,0,0,57.0
00-0036415,Van Jefferson,WR,TEN,SF,15,5.3,4.3,0,0,0,5,1,43,0,0,0,0,0,58.0
00-0036415,Van Jefferson,WR,TEN,KC,16,4.4,2.4,0,0,0,2,2,24,0,0,0,0,0,64.0
00-0036415,Van Jefferson,WR,TEN,NO,17,7.6,4.6,0,0,0,3,3,46,0,0,0,0,0,41.0
00-0038117,Wan'Dale Robinson,WR,NYG,WAS,1,11.5,5.5,0,0,0,8,6,55,0,0,0,0,0,31.0
00-0038117,Wan'Dale Robinson,WR,NYG,DAL,2,28.2,20.2,0,0,0,10,8,142,1,0,0,0,0,4.0
00-0038117,Wan'Dale Robinson,WR,NYG,KC,3,3.6,2.6,0,0,0,4,1,26,0,0,0,0,0,66.0
00-0038117,Wan'Dale Robinson,WR,NYG,LAC,4,4.4,1.4,0,0,0,5,3,14,0,0,0,0,0,62.0
00-0038117,Wan'Dale Robinson,WR,NYG,NO,5,8.2,3.2,1,2,0,7,5,30,0,0,0,0,0,47.0
00-0038117,Wan'Dale Robinson,WR,NYG,PHI,6,20.4,14.4,0,0,0,7,6,84,1,0,0,0,0,9.0
00-0038117,Wan'Dale Robinson,WR,NYG,DEN,7,15.5,9.5,0,0,0,12,6,95,0,0,0,0,0,20.0
00-0038117,Wan'Dale Robinson,WR,NYG,PHI,8,7.8,4.8,0,0,0,4,3,48,0,0,0,0,0,44.0
00-0038117,Wan'Dale Robinson,WR,NYG,SF,9,13.6,4.6,0,0,0,11,9,46,0,0,0,0,0,28.0
00-0038117,Wan'Dale Robinson,WR,NYG,CHI,10,12.2,6.2,0,0,0,11,6,62,0,0,0,0,0,29.0
00-0038117,Wan'Dale Robinson,WR,NYG,GB,11,7.6,3.6,0,0,0,9,4,36,0,0,0,0,0,40.0
00-0038117,Wan'Dale Robinson,WR,NYG,DET,12,30.6,21.6,1,0,0,14,9,156,1,0,0,0,0,2.0
00-0038117,Wan'Dale Robinson,WR,NYG,NE,13,10.4,3.4,0,0,0,8,7,34,0,0,0,0,0,33.0
00-0038117,Wan'Dale Robinson,WR,NYG,WAS,15,16.4,11.4,0,0,0,10,5,54,1,0,0,0,0,17.0
00-0038117,Wan'Dale Robinson,WR,NYG,MIN,16,5.2,2.2,1,3,0,6,3,19,0,0,0,0,0,59.0
00-0038117,Wan'Dale Robinson,WR,NYG,LV,17,22.3,11.3,0,0,0,14,11,113,0,0,0,0,0,5.0
00-0040583,Woody Marks,RB,HOU,LA,1,0.3,0.3,3,3,0,0,0,0,0,0,0,0,0,55.0
00-0040583,Woody Marks,RB,HOU,TB,2,6.1,5.1,3,14,0,1,1,37,0,0,0,0,0,34.0
00-0040583,Woody Marks,RB,HOU,JAX,3,4.6,3.6,6,27,0,2,1,9,0,0,0,0,0,42.0
00-0040583,Woody Marks,RB,HOU,TEN,4,27.9,23.9,17,69,1,5,4,50,1,0,0,0,0,6.0
00-0040583,Woody Marks,RB,HOU,BAL,5,2.4,2.4,7,24,0,1,0,0,0,0,0,0,0,42.0
00-0040583,Woody Marks,RB,HOU,SEA,7,12.5,9.5,10,15,0,5,3,20,1,0,0,0,0,16.0
00-0040583,Woody Marks,RB,HOU,SF,8,15.1,11.1,11,62,0,4,4,49,0,0,0,0,0,15.0
00-0040583,Woody Marks,RB,HOU,DEN,9,2.7,2.7,10,27,0,3,0,0,0,0,0,0,0,41.0
00-0040583,Woody Marks,RB,HOU,JAX,10,16.1,14.1,14,63,1,3,2,18,0,0,0,0,0,11.0
00-0040583,Woody Marks,RB,HOU,TEN,11,6.1,5.1,18,44,0,1,1,7,0,0,0,0,0,38.0
00-0040583,Woody Marks,RB,HOU,BUF,12,7.9,6.9,16,74,0,1,1,-5,0,0,0,0,0,32.0
00-0040583,Woody Marks,RB,HOU,IND,13,7.7,6.7,19,64,0,1,1,3,0,0,0,0,0,39.0
00-0040583,Woody Marks,RB,HOU,KC,14,15.6,13.6,26,68,0,3,2,8,1,0,0,0,0,13.0
00-0040583,Woody Marks,RB,HOU,ARI,15,4.8,3.8,7,30,0,1,1,8,0,0,0,0,0,40.0
00-0040583,Woody Marks,RB,HOU,LAC,17,8.5,7.5,19,71,0,2,1,4,0,0,0,0,0,24.0
00-0040583,Woody Marks,RB,HOU,IND,18,6.8,4.8,10,48,0,3,2,0,0,0,0,0,0,28.0
00-0038618,Xavier Hutchinson,WR,HOU,LA,1,5.5,3.5,1,5,0,2,2,30,0,0,0,0,0,51.0
00-0038618,Xavier Hutchinson,WR,HOU,TB,2,4.9,2.9,0,0,0,3,2,29,0,0,0,0,0,65.0
00-0038618,Xavier Hutchinson,WR,HOU,JAX,3,4.6,1.6,0,0,0,3,3,16,0,0,0,0,0,62.0
00-0038618,Xavier Hutchinson,WR,HOU,TEN,4,3.7,1.7,0,0,0,3,2,17,0,0,0,0,0,67.0
00-0038618,Xavier Hutchinson,WR,HOU,BAL,5,16.8,13.8,0,0,0,3,3,18,2,0,0,0,0,16.0
00-0038618,Xavier Hutchinson,WR,HOU,SEA,7,2.3,1.3,0,0,0,4,1,13,0,0,0,0,0,68.0
00-0038618,Xavier Hutchinson,WR,HOU,SF,8,17.9,12.9,0,0,0,6,5,69,1,0,0,0,0,9.0
00-0038618,Xavier Hutchinson,WR,HOU,DEN,9,6.0,3.0,0,0,0,5,3,30,0,0,0,0,0,53.0
00-0038618,Xavier Hutchinson,WR,HOU,TEN,11,7.2,4.2,0,0,0,5,3,42,0,0,0,0,0,41.0
00-0038618,Xavier Hutchinson,WR,HOU,BUF,12,0.9,0.9,1,9,0,0,0,0,0,0,0,0,0,67.0
00-0038618,Xavier Hutchinson,WR,HOU,IND,13,5.9,3.9,0,0,0,5,2,39,0,0,0,0,0,52.0
00-0038618,Xavier Hutchinson,WR,HOU,KC,14,0.0,0.0,0,0,0,2,0,0,0,0,0,0,0,72.0
00-0038618,Xavier Hutchinson,WR,HOU,ARI,15,2.6,1.6,0,0,0,2,1,16,0,0,0,0,0,72.0
00-0038618,Xavier Hutchinson,WR,HOU,LV,16,1.4,0.4,0,0,0,2,1,4,0,0,0,0,0,81.0
00-0038618,Xavier Hutchinson,WR,HOU,LAC,17,4.9,2.9,1,8,0,3,2,21,0,0,0,0,0,53.0
00-0038618,Xavier Hutchinson,WR,HOU,IND,18,13.4,8.4,0,0,0,9,5,84,0,0,0,0,0,14.0
00-0039342,Xavier Legette,WR,CAR,JAX,1,4.0,1.0,0,0,0,7,3,10,0,0,0,0,0,63.0
00-0039342,Xavier Legette,WR,CAR,ARI,2,0.8,-0.2,1,0,0,8,1,-2,0,0,0,0,0,88.0
00-0039342,Xavier Legette,WR,CAR,MIA,5,11.1,9.1,0,0,0,3,2,31,1,0,0,0,0,37.0
00-0039342,Xavier Legette,WR,CAR,DAL,6,3.1,1.1,0,0,0,2,2,11,0,0,0,0,0,63.0
00-0039342,Xavier Legette,WR,CAR,NYJ,7,24.2,15.2,0,0,0,11,9,92,1,0,0,0,0,8.0
00-0039342,Xavier Legette,WR,CAR,BUF,8,3.7,1.7,0,0,0,3,2,17,0,0,0,0,0,54.0
00-0039342,Xavier Legette,WR,CAR,GB,9,3.2,2.2,0,0,0,3,1,22,0,0,0,0,0,60.0
00-0039342,Xavier Legette,WR,CAR,NO,10,0.0,0.0,0,0,0,1,0,0,0,0,0,0,0,70.0
00-0039342,Xavier Legette,WR,CAR,ATL,11,18.3,14.3,0,0,0,8,4,83,1,0,0,0,0,12.0
00-0039342,Xavier Legette,WR,CAR,SF,12,5.2,2.2,0,0,0,5,3,22,0,0,0,0,0,45.0
00-0039342,Xavier Legette,WR,CAR,LA,13,1.1,0.1,0,0,0,2,1,1,0,0,0,0,0,81.0
00-0039342,Xavier Legette,WR,CAR,NO,15,5.9,3.9,0,0,0,3,2,39,0,0,0,0,0,52.0
00-0039342,Xavier Legette,WR,CAR,TB,16,2.2,1.2,0,0,0,3,1,12,0,0,0,0,0,74.0
00-0039342,Xavier Legette,WR,CAR,SEA,17,1.3,0.3,0,0,0,1,1,3,0,0,0,0,0,75.0
00-0039342,Xavier Legette,WR,CAR,TB,18,5.2,2.2,0,0,0,4,3,22,0,0,0,0,0,40.0
00-0039894,Xavier Worthy,WR,KC,LAC,1,0.0,0.0,1,0,0,1,0,0,0,0,0,0,0,80.0
00-0039894,Xavier Worthy,WR,KC,BAL,4,17.1,12.1,2,38,0,8,5,83,0,0,0,0,0,16.0
00-0039894,Xavier Worthy,WR,KC,JAX,5,11.1,5.1,1,9,0,9,6,42,0,0,0,0,0,35.0
00-0039894,Xavier Worthy,WR,KC,DET,6,10.6,8.6,1,6,0,4,2,20,1,0,0,0,0,26.0
00-0039894,Xavier Worthy,WR,KC,LV,7,7.8,4.8,1,13,0,4,3,35,0,0,0,0,0,42.0
00-0039894,Xavier Worthy,WR,KC,WAS,8,10.3,5.3,0,0,0,7,5,53,0,0,0,0,0,34.0
00-0039894,Xavier Worthy,WR,KC,BUF,9,6.0,3.0,1,7,0,7,3,23,0,0,0,0,0,53.0
00-0039894,Xavier Worthy,WR,KC,DEN,11,5.5,2.5,0,0,0,5,3,25,0,0,0,0,0,53.0
00-0039894,Xavier Worthy,WR,KC,IND,12,9.9,5.9,0,0,0,8,4,59,0,0,0,0,0,30.0
00-0039894,Xavier Worthy,WR,KC,DAL,13,11.4,7.4,2,13,0,6,4,61,0,0,0,0,0,28.0
00-0039894,Xavier Worthy,WR,KC,HOU,14,8.5,5.5,0,0,0,4,3,55,0,0,0,0,0,33.0
00-0039894,Xavier Worthy,WR,KC,LAC,15,5.5,3.5,0,0,0,4,2,35,0,0,0,0,0,57.0
00-0039894,Xavier Worthy,WR,KC,TEN,16,6.1,4.1,1,0,0,3,2,41,0,0,0,0,0,54.0
00-0039894,Xavier Worthy,WR,KC,DEN,17,0.1,0.1,1,1,0,3,0,0,0,0,0,0,0,77.0
00-0039165,Zach Charbonnet,RB,SEA,SF,1,10.7,10.7,12,47,1,0,0,0,0,0,0,0,0,25.0
00-0039165,Zach Charbonnet,RB,SEA,PIT,2,1.0,1.0,15,10,0,0,0,0,0,0,0,0,0,51.0
00-0039165,Zach Charbonnet,RB,SEA,ARI,4,12.4,10.4,12,39,1,2,2,5,0,0,0,0,0,24.0
00-0039165,Zach Charbonnet,RB,SEA,TB,5,11.8,10.8,9,36,1,2,1,12,0,0,0,0,0,24.0
00-0039165,Zach Charbonnet,RB,SEA,JAX,6,4.7,3.7,12,24,0,1,1,13,0,0,0,0,0,41.0
00-0039165,Zach Charbonnet,RB,SEA,HOU,7,19.5,17.5,12,49,2,2,2,6,0,0,0,0,0,8.0
00-0039165,Zach Charbonnet,RB,SEA,WAS,9,5.6,4.6,8,25,0,1,1,21,0,0,0,0,0,35.0
00-0039165,Zach Charbonnet,RB,SEA,ARI,10,14.3,14.3,14,83,1,0,0,0,0,0,0,0,0,18.0
00-0039165,Zach Charbonnet,RB,SEA,LA,11,6.7,4.7,11,37,0,2,2,10,0,0,0,0,0,37.0
00-0039165,Zach Charbonnet,RB,SEA,TEN,12,9.5,9.5,6,35,1,0,0,0,0,0,0,0,0,25.0
00-0039165,Zach Charbonnet,RB,SEA,MIN,13,11.2,11.2,14,52,1,0,0,0,0,0,0,0,0,28.0
00-0039165,Zach Charbonnet,RB,SEA,ATL,14,8.6,6.6,7,46,0,3,2,20,0,0,0,0,0,32.0
00-0039165,Zach Charbonnet,RB,SEA,IND,15,3.1,3.1,8,31,0,1,0,0,0,0,0,0,0,45.0
00-0039165,Zach Charbonnet,RB,SEA,LA,16,17.4,13.4,9,32,1,4,4,22,0,0,0,0,0,16.0
00-0039165,Zach Charbonnet,RB,SEA,CAR,17,26.2,24.2,18,110,2,2,2,12,0,0,0,0,0,6.0
00-0039165,Zach Charbonnet,RB,SEA,SF,18,18.7,15.7,17,74,1,4,3,23,0,0,0,0,0,8.0
00-0030061,Zach Ertz,TE,WAS,NYG,1,11.6,8.6,0,0,0,5,3,26,1,0,0,0,0,13.0
00-0030061,Zach Ertz,TE,WAS,GB,2,18.4,12.4,0,0,0,8,6,64,1,0,0,0,0,2.0
00-0030061,Zach Ertz,TE,WAS,LV,3,6.8,3.8,0,0,0,3,3,38,0,0,0,0,0,18.0
00-0030061,Zach Ertz,TE,WAS,ATL,4,6.1,4.1,0,0,0,4,2,21,0,0,0,0,0,24.0
00-0030061,Zach Ertz,TE,WAS,LAC,5,0.0,0.0,0,0,0,1,0,0,0,0,0,0,0,32.0
00-0030061,Zach Ertz,TE,WAS,CHI,6,16.3,10.3,0,0,0,6,6,43,1,0,0,0,0,5.0
00-0030061,Zach Ertz,TE,WAS,DAL,7,12.7,9.7,0,0,0,7,3,37,1,0,0,0,0,14.0
00-0030061,Zach Ertz,TE,WAS,KC,8,5.6,1.6,0,0,0,6,4,16,0,0,0,0,0,21.0
00-0030061,Zach Ertz,TE,WAS,SEA,9,8.6,4.6,0,0,0,4,4,46,0,0,0,0,0,20.0
00-0030061,Zach Ertz,TE,WAS,DET,10,9.4,5.4,0,0,0,5,4,54,0,0,0,0,0,13.0
00-0030061,Zach Ertz,TE,WAS,MIA,11,8.2,4.2,0,0,0,8,4,42,0,0,0,0,0,14.0
00-0030061,Zach Ertz,TE,WAS,DEN,13,20.6,10.6,0,0,0,13,10,106,0,0,0,0,0,3.0
00-0030061,Zach Ertz,TE,WAS,MIN,14,2.1,1.1,0,0,0,2,1,11,0,0,0,0,0,31.0
00-0039064,Zay Flowers,WR,BAL,BUF,1,28.1,21.1,2,8,0,9,7,143,1,0,0,0,0,1.0
00-0039064,Zay Flowers,WR,BAL,CLE,2,14.9,7.9,1,4,0,11,7,75,0,0,0,0,0,22.0
00-0039064,Zay Flowers,WR,BAL,DET,3,3.3,1.3,0,0,0,3,2,13,0,0,0,0,0,68.0
00-0039064,Zay Flowers,WR,BAL,KC,4,14.4,7.4,0,0,0,8,7,74,0,0,0,0,0,22.0
00-0039064,Zay Flowers,WR,BAL,HOU,5,12.2,7.2,0,0,0,5,5,72,0,0,0,0,0,28.0
00-0039064,Zay Flowers,WR,BAL,LA,6,8.6,2.6,0,0,0,10,6,46,0,0,0,0,0,33.0
00-0039064,Zay Flowers,WR,BAL,CHI,8,14.1,7.1,1,8,0,9,7,63,0,0,0,0,0,21.0
00-0039064,Zay Flowers,WR,BAL,MIA,9,11.4,6.4,0,0,0,5,5,64,0,0,0,0,0,31.0
00-0039064,Zay Flowers,WR,BAL,MIN,10,12.1,8.1,1,6,0,6,4,75,0,0,0,0,0,30.0
00-0039064,Zay Flowers,WR,BAL,CLE,11,11.3,8.3,1,5,0,5,3,78,0,0,0,0,0,22.0
00-0039064,Zay Flowers,WR,BAL,NYJ,12,11.9,6.9,2,11,0,6,5,58,0,0,0,0,0,25.0
00-0039064,Zay Flowers,WR,BAL,CIN,13,0.6,-1.4,0,0,0,7,2,6,0,0,0,0,0,82.0
00-0039064,Zay Flowers,WR,BAL,PIT,14,20.6,12.6,1,2,0,11,8,124,0,0,0,0,0,8.0
00-0039064,Zay Flowers,WR,BAL,CIN,15,15.8,12.8,0,0,0,5,3,68,1,0,0,0,0,20.0
00-0039064,Zay Flowers,WR,BAL,NE,16,21.2,14.2,1,18,1,7,7,84,0,0,0,0,0,9.0
00-0039064,Zay Flowers,WR,BAL,GB,17,13.0,9.0,0,0,0,5,4,30,1,0,0,0,0,20.0
00-0039064,Zay Flowers,WR,BAL,PIT,18,29.8,25.8,0,0,0,6,4,138,2,0,0,0,0,1.0
