Rank (PPR),Player,Pos,Pos Rank Label,Team,Teams,G,G Active,PPR Pts,PPR PPG,Half PPR Pts,Half PPR PPG,Std Pts,Std PPG,Rank (PPG),Pos Rank,Pos Rank (PPG),Rank Delta,Rank (Half),Rank (Std),VOR PPG,VORP Total,Tier,Floor (P10),Ceiling (P90),Median Wk,Std Dev,CV,Best Wk,Worst Wk,Boom Wks,Boom Rate,Bust Wks,Bust Rate,Starter Wks,Starter Wk Rate,Top 5 Wks,Best Pos Finish,Touches,Touches/G,Opportunities,Opp/G,Target Share (Avg),Scrim Yds,Scrim Yds/G,Total Yds,Total TDs,TDs/G,First Downs,Turnovers,Fumbles Lost,2PT Conv,Pts/Touch,Pts/Opp,Yds/Touch,YPC,YPR,YPT,Catch Rate,TD Rate,aDOT,YAC/Rec,Comp,Att,Pass Yds,Pass TD,INT,Comp %,YPA,Air Yds/Att,TD:INT,Sack Rate,Carries,Rush Yds,Rush TD,Targets,Rec,Rec Yds,Rec TD
1,Christian McCaffrey,RB,RB1,SF,SF,17,17,416.6,24.51,365.6,21.51,314.6,18.51,1.0,1,1.0,0.0,1,7,13.58,230.8,1.0,14.1,34.62,24.1,8.22,0.3356,39.1,9.8,12,0.7059,1,0.0588,16,0.9412,9,1.0,413,24.29,440,25.88,0.2335,2126,125.06,2126,17,1.0,119,0,0,0,1.01,0.95,5.15,3.86,9.06,7.16,0.7907,0.0412,2.6,7.06,0,1,0,0,0,0.0,0.0,14.0,,0.0,311,1202,10,129,102,924,7
2,Puka Nacua,WR,WR1,LA,LA,16,16,375.0,23.44,310.5,19.41,246.0,15.38,2.0,1,1.0,0.0,11,20,12.84,205.4,1.0,13.75,35.85,22.95,10.21,0.4356,46.5,4.8,10,0.625,1,0.0625,15,0.9375,9,1.0,139,8.69,176,11.0,0.3013,1820,113.75,1820,11,0.69,85,1,1,0,2.7,2.13,13.09,10.5,13.29,10.33,0.7771,0.0791,9.43,5.16,0,0,0,0,0,,,,,,10,105,1,166,129,1715,10
3,Bijan Robinson,RB,RB2,ATL,ATL,17,17,370.8,21.81,331.3,19.49,291.8,17.16,4.0,2,2.0,-1.0,7,12,10.88,185.0,2.0,8.56,32.5,21.2,10.26,0.4703,39.9,5.8,9,0.5294,3,0.1765,14,0.8235,9,1.0,366,21.53,390,22.94,0.1976,2298,135.18,2298,11,0.65,97,3,3,1,1.01,0.95,6.28,5.15,10.38,7.96,0.767,0.0301,0.98,10.85,0,0,0,0,0,,,,,,287,1478,7,103,79,820,4
4,Jahmyr Gibbs,RB,RB3,DET,DET,17,17,366.9,21.58,328.4,19.32,289.9,17.05,5.0,3,3.0,-1.0,8,13,10.65,181.1,2.0,7.06,37.48,19.4,13.53,0.6268,55.4,5.8,7,0.4118,4,0.2353,12,0.7059,6,1.0,320,18.82,337,19.82,0.1615,1839,108.18,1839,18,1.06,84,1,1,0,1.15,1.09,5.75,5.03,8.0,6.55,0.8191,0.0562,0.57,7.99,0,0,0,0,0,,,,,,243,1223,13,94,77,616,5
5,Josh Allen,QB,QB1,BUF,BUF,16,16,364.62,22.79,364.62,22.79,364.62,22.79,3.0,1,1.0,2.0,2,1,5.31,85.03,1.0,9.97,38.3,23.1,10.4,0.4566,42.68,6.9,6,0.375,3,0.1875,10,0.625,6,1.0,112,7.0,112,7.0,0.0,579,36.19,4247,39,2.44,223,13,3,1,3.26,3.26,5.17,5.17,,,,0.125,,,319,460,3668,25,10,0.6935,7.97,7.3,2.5,0.08,112,579,14,0,0,0,0
6,Jonathan Taylor,RB,RB4,IND,IND,17,17,362.3,21.31,339.3,19.96,316.3,18.61,6.0,4,4.0,0.0,5,6,10.38,176.5,2.0,8.24,35.48,16.9,12.44,0.5838,49.6,5.9,7,0.4118,3,0.1765,14,0.8235,6,1.0,369,21.71,378,22.24,0.1098,1963,115.47,1963,20,1.18,99,1,1,1,0.98,0.96,5.32,4.91,8.22,6.87,0.8364,0.0542,-0.82,9.43,0,0,0,0,0,,,,,,323,1585,18,55,46,378,2
7,Jaxon Smith-Njigba,WR,WR2,SEA,SEA,17,17,359.9,21.17,300.4,17.67,240.9,14.17,7.0,2,2.0,0.0,14,22,10.57,179.7,2.0,13.84,28.94,20.6,7.48,0.3534,37.1,4.3,10,0.5882,1,0.0588,16,0.9412,4,1.0,126,7.41,170,10.0,0.3677,1829,107.59,1829,10,0.59,81,1,1,0,2.86,2.12,14.52,5.14,15.07,11.0,0.7301,0.0794,11.25,4.44,0,0,0,0,0,,,,,,7,36,0,163,119,1793,10
8,Drake Maye,QB,QB2,NE,NE,17,17,351.96,20.7,351.46,20.67,350.96,20.64,8.0,2,2.0,0.0,3,2,3.23,54.9,2.0,15.62,26.68,20.48,5.39,0.2603,32.44,12.12,4,0.2353,1,0.0588,10,0.5882,4,2.0,104,6.12,104,6.12,0.0013,452,26.59,4846,35,2.06,241,11,3,2,3.38,3.38,4.35,4.37,2.0,2.0,1.0,0.0385,-8.0,10.0,354,492,4394,31,8,0.7195,8.93,9.13,3.88,0.0872,103,450,4,1,1,2,0
9,Matthew Stafford,QB,QB3,LA,LA,17,17,350.38,20.61,350.38,20.61,350.38,20.61,9.0,3,3.0,0.0,4,3,3.14,53.32,2.0,12.3,27.39,22.92,6.98,0.3386,30.88,9.34,7,0.4118,6,0.3529,10,0.5882,7,2.0,29,1.71,29,1.71,0.0,1,0.06,4708,46,2.71,236,11,3,0,12.08,12.08,0.03,0.03,,,,0.0,,,388,597,4707,46,8,0.6499,7.88,9.26,5.75,0.0371,29,1,0,0,0,0,0
10,Trevor Lawrence,QB,QB4,JAX,JAX,17,17,338.18,19.89,338.18,19.89,338.18,19.89,12.0,4,5.0,-2.0,6,4,2.42,41.12,2.0,10.12,28.21,19.24,8.79,0.4416,44.3,7.78,3,0.1765,4,0.2353,11,0.6471,4,1.0,82,4.82,82,4.82,0.0,359,21.12,4366,38,2.24,234,15,3,1,4.12,4.12,4.38,4.38,,,,0.1098,,,341,560,4007,29,12,0.6089,7.16,8.71,2.42,0.0682,82,359,9,0,0,0,0
11,Amon-Ra St. Brown,WR,WR3,DET,DET,17,17,324.0,19.06,265.5,15.62,207.0,12.18,15.0,3,4.0,-4.0,22,35,8.46,143.8,3.0,7.58,33.62,18.0,10.93,0.5734,41.4,0.0,7,0.4118,4,0.2353,13,0.7647,5,1.0,120,7.06,175,10.29,0.3166,1410,82.94,1410,11,0.65,72,0,0,0,2.7,1.85,11.75,3.0,11.97,8.15,0.6802,0.0917,8.08,4.87,0,0,0,0,0,,,,,,3,9,0,172,117,1401,11
12,De'Von Achane,RB,RB5,MIA,MIA,16,16,322.8,20.18,289.3,18.08,255.8,15.99,11.0,5,5.0,1.0,16,19,9.25,147.93,2.0,15.15,28.6,17.75,7.02,0.3477,40.5,12.8,5,0.3125,0,0.0,16,1.0,3,2.0,305,19.06,323,20.19,0.1875,1838,114.88,1838,12,0.75,79,0,0,0,1.06,1.0,6.03,5.67,7.28,5.74,0.7882,0.0393,0.41,8.24,0,0,0,0,0,,,,,,238,1350,8,85,67,488,4
13,Caleb Williams,QB,QB5,CHI,CHI,17,17,318.68,18.75,317.68,18.69,316.68,18.63,18.0,5,8.0,-5.0,9,5,1.27,21.62,2.0,9.98,26.71,18.98,8.23,0.4392,38.7,4.68,4,0.2353,5,0.2941,9,0.5294,3,1.0,79,4.65,79,4.65,0.0035,410,24.12,4352,31,1.82,217,8,1,1,4.03,4.03,5.19,5.04,11.0,11.0,1.0,0.0506,-1.5,12.5,330,568,3942,27,7,0.581,6.94,8.62,3.86,0.0405,77,388,3,2,2,22,1
14,Trey McBride,TE,TE1,ARI,ARI,17,17,315.9,18.58,252.9,14.88,189.9,11.17,19.0,1,1.0,-5.0,23,41,8.0,136.0,1.0,10.12,28.38,16.5,8.37,0.4502,37.4,6.7,10,0.5882,1,0.0588,15,0.8824,9,1.0,126,7.41,169,9.94,0.2789,1239,72.88,1239,11,0.65,63,0,0,0,2.51,1.87,9.83,,9.83,7.33,0.7456,0.0873,6.66,4.63,0,0,0,0,0,,,,,,0,0,0,169,126,1239,11
15,Dak Prescott,QB,QB6,DAL,DAL,17,17,313.78,18.46,313.78,18.46,313.78,18.46,20.0,6,9.0,-5.0,10,8,0.98,16.72,2.0,7.34,27.55,20.6,8.28,0.4486,30.96,0.7,4,0.2353,5,0.2941,10,0.5882,5,1.0,53,3.12,53,3.12,0.0,177,10.41,4729,32,1.88,235,12,2,3,5.92,5.92,3.34,3.34,,,,0.0377,,,404,600,4552,30,10,0.6733,7.59,8.02,3.0,0.0491,53,177,2,0,0,0,0
16,Ja'Marr Chase,WR,WR4,CIN,CIN,16,16,313.6,19.6,251.1,15.69,188.6,11.79,14.0,4,3.0,2.0,24,42,9.0,144.0,3.0,6.65,32.75,20.5,10.26,0.5236,38.1,4.6,8,0.5,4,0.25,12,0.75,7,1.0,128,8.0,188,11.75,0.3207,1426,89.12,1426,8,0.5,73,1,1,0,2.45,1.67,11.14,4.67,11.3,7.63,0.6757,0.0625,8.49,5.12,0,0,0,0,0,,,,,,3,14,0,185,125,1412,8
17,Bo Nix,QB,QB7,DEN,DEN,17,17,304.84,17.93,304.84,17.93,304.84,17.93,21.0,7,10.0,-4.0,12,9,0.46,7.78,2.0,9.06,27.08,16.44,8.37,0.4668,39.96,5.8,3,0.1765,6,0.3529,6,0.3529,2,1.0,83,4.88,84,4.94,0.0016,356,20.94,4287,30,1.76,221,13,2,4,3.67,3.63,4.29,4.29,,0.0,0.0,0.0602,2.0,,388,612,3931,25,11,0.634,6.42,7.33,2.27,0.0347,83,356,5,1,0,0,0
18,James Cook,RB,RB6,BUF,BUF,17,17,302.2,17.78,285.7,16.81,269.2,15.84,23.0,6,6.0,-5.0,18,17,6.85,116.4,3.0,7.18,28.34,20.4,9.2,0.5176,33.6,1.5,9,0.5294,4,0.2353,12,0.7059,4,2.0,342,20.12,349,20.53,0.0819,1912,112.47,1912,14,0.82,79,3,3,0,0.88,0.87,5.59,5.25,8.82,7.28,0.825,0.0409,1.4,8.24,0,0,0,0,0,,,,,,309,1621,12,40,33,291,2
19,Jalen Hurts,QB,QB8,PHI,PHI,16,16,301.06,18.82,301.06,18.82,301.06,18.82,16.0,8,7.0,3.0,13,10,1.34,21.47,2.0,10.22,27.2,19.45,7.58,0.403,30.86,2.4,5,0.3125,4,0.25,10,0.625,3,2.0,105,6.56,105,6.56,0.0,421,26.31,3645,33,2.06,190,9,3,0,2.87,2.87,4.01,4.01,,,,0.0762,,,294,454,3224,25,6,0.6476,7.1,8.97,4.17,0.0658,105,421,8,0,0,0,0
20,Jared Goff,QB,QB9,DET,DET,17,17,297.06,17.47,297.06,17.47,297.06,17.47,24.0,9,12.0,-4.0,15,11,0.0,0.0,2.0,10.68,25.9,16.82,7.52,0.4302,33.96,2.08,4,0.2353,6,0.3529,7,0.4118,3,1.0,19,1.12,19,1.12,0.0,45,2.65,4609,34,2.0,228,13,5,0,15.63,15.63,2.37,2.37,,,,0.0,,,393,578,4564,34,8,0.6799,7.9,6.43,4.25,0.0617,19,45,0,0,0,0,0
21,George Pickens,WR,WR5,DAL,DAL,17,17,291.9,17.17,245.4,14.44,198.9,11.7,27.0,5,6.0,-6.0,26,37,6.57,111.7,4.0,6.18,30.48,14.8,9.65,0.562,33.4,1.9,5,0.2941,4,0.2353,14,0.8235,5,1.0,93,5.47,137,8.06,0.2252,1429,84.06,1429,9,0.53,73,0,0,1,3.14,2.13,15.37,,15.37,10.43,0.6788,0.0968,11.29,5.15,0,0,0,0,0,,,,,,0,0,0,137,93,1429,9
22,Justin Herbert,QB,QB10,LAC,LAC,16,16,286.88,17.93,286.88,17.93,286.88,17.93,22.0,10,11.0,0.0,17,14,0.46,7.29,2.0,11.28,27.91,14.92,7.74,0.4317,30.2,3.34,5,0.3125,5,0.3125,5,0.3125,5,3.0,83,5.19,83,5.19,0.0,498,31.12,4225,28,1.75,209,15,2,1,3.46,3.46,6.0,6.0,,,,0.0241,,,340,512,3727,26,13,0.6641,7.28,7.83,2.0,0.0954,83,498,2,0,0,0,0
23,Patrick Mahomes,QB,QB11,KC,KC,14,14,285.68,20.41,285.18,20.37,284.68,20.33,10.0,11,4.0,13.0,19,15,2.93,41.04,2.0,11.27,28.8,22.52,8.0,0.3918,31.48,6.3,6,0.4286,5,0.3571,9,0.6429,5,1.0,65,4.64,65,4.64,0.0025,412,29.43,3999,27,1.93,200,11,0,2,4.4,4.4,6.34,6.59,-10.0,-10.0,1.0,0.0769,-8.0,-2.0,315,502,3587,22,11,0.6275,7.15,8.07,2.0,0.0634,64,422,5,1,1,-10,0
24,Chase Brown,RB,RB7,CIN,CIN,17,17,282.6,16.62,248.1,14.59,213.6,12.56,31.0,7,7.0,-7.0,25,32,5.69,96.8,3.0,8.74,26.94,16.0,7.35,0.4419,32.9,6.0,3,0.1765,3,0.1765,14,0.8235,3,1.0,301,17.71,320,18.82,0.1432,1456,85.65,1456,11,0.65,70,0,0,1,0.94,0.88,4.84,4.39,6.33,4.97,0.7841,0.0365,0.52,6.52,0,0,0,0,0,,,,,,232,1019,6,88,69,437,5
25,Derrick Henry,RB,RB8,BAL,BAL,17,17,279.5,16.44,272.0,16.0,264.5,15.56,33.0,8,8.0,-8.0,20,18,5.51,93.7,3.0,8.7,25.36,13.1,10.0,0.6084,45.6,2.3,5,0.2941,4,0.2353,12,0.7059,3,1.0,322,18.94,328,19.29,0.0488,1745,102.65,1745,16,0.94,83,3,3,0,0.87,0.85,5.42,5.2,10.0,7.14,0.7143,0.0497,0.57,9.0,0,1,0,0,0,0.0,0.0,10.0,,0.0,307,1595,16,21,15,150,0
26,Baker Mayfield,QB,QB12,TB,TB,17,17,271.92,16.0,271.92,16.0,271.92,16.0,36.0,12,19.0,-10.0,21,16,-1.48,-25.14,2.0,8.28,22.72,17.44,6.24,0.3903,26.66,3.54,1,0.0588,6,0.3529,8,0.4706,1,5.0,55,3.24,55,3.24,0.0,382,22.47,4075,27,1.59,199,14,3,2,4.94,4.94,6.95,6.95,,,,0.0182,,,343,543,3693,26,11,0.6317,6.8,8.11,2.36,0.0622,55,382,1,0,0,0,0
27,Chris Olave,WR,WR6,NO,NO,16,16,268.0,16.75,218.0,13.62,168.0,10.5,30.0,6,8.0,-3.0,38,50,6.15,98.4,4.0,8.85,26.35,15.2,7.91,0.4725,36.8,6.0,5,0.3125,3,0.1875,13,0.8125,3,2.0,101,6.31,157,9.81,0.2918,1160,72.5,1160,9,0.56,53,1,0,0,2.65,1.71,11.49,-3.0,11.63,7.46,0.641,0.0891,11.8,2.89,0,1,0,0,1,0.0,0.0,4.0,0.0,0.0,1,-3,0,156,100,1163,9
28,Kyren Williams,RB,RB9,LA,LA,17,17,263.3,15.49,245.3,14.43,227.3,13.37,43.0,9,11.0,-15.0,27,26,4.56,77.5,3.0,9.4,22.04,16.0,6.11,0.3948,31.1,5.8,3,0.1765,3,0.1765,12,0.7059,2,3.0,295,17.35,309,18.18,0.0808,1533,90.18,1533,13,0.76,86,2,2,0,0.89,0.85,5.2,4.83,7.81,5.62,0.72,0.0441,2.5,4.31,0,0,0,0,0,,,,,,259,1252,10,50,36,281,3
29,Travis Etienne,RB,RB10,JAX,JAX,17,17,253.9,14.94,235.9,13.88,217.9,12.82,48.0,10,14.0,-19.0,29,30,4.01,68.1,3.0,5.94,20.84,16.5,6.94,0.465,31.5,4.8,3,0.1765,5,0.2941,13,0.7647,2,1.0,296,17.41,312,18.35,0.0976,1399,82.29,1399,13,0.76,62,0,0,0,0.86,0.81,4.73,4.26,8.11,5.62,0.6923,0.0439,-1.46,9.42,0,0,0,0,0,,,,,,260,1107,7,52,36,292,6
30,Ashton Jeanty,RB,RB11,LV,LV,17,17,245.1,14.42,217.6,12.8,190.1,11.18,55.0,11,16.0,-25.0,39,40,3.49,59.3,3.0,6.1,27.6,12.1,8.69,0.6024,33.5,4.4,3,0.1765,7,0.4118,11,0.6471,4,1.0,321,18.88,339,19.94,0.1476,1321,77.71,1321,10,0.59,57,1,1,0,0.76,0.72,4.12,3.67,6.29,4.74,0.7534,0.0312,-1.42,8.22,0,0,0,0,0,,,,,,266,975,5,73,55,346,5
31,Zay Flowers,WR,WR7,BAL,BAL,17,17,243.3,14.31,200.3,11.78,157.3,9.25,57.0,7,13.0,-26.0,44,57,3.71,63.1,4.0,6.48,23.96,13.0,7.48,0.5229,29.8,0.6,4,0.2353,3,0.1765,14,0.8235,2,1.0,96,5.65,128,7.53,0.2988,1273,74.88,1273,6,0.35,51,3,3,0,2.53,1.9,13.26,6.2,14.08,10.26,0.7288,0.0625,10.2,5.33,0,0,0,0,0,,,,,,10,62,1,118,86,1211,5
32,Javonte Williams,RB,RB12,DAL,DAL,16,16,242.8,15.18,225.3,14.08,207.8,12.99,45.0,12,12.0,-13.0,35,34,4.25,67.93,3.0,7.85,22.7,14.9,6.02,0.3965,26.9,6.3,3,0.1875,3,0.1875,12,0.75,2,4.0,287,17.94,303,18.94,0.086,1338,83.62,1338,13,0.81,74,2,2,0,0.85,0.8,4.66,4.77,3.91,2.69,0.6863,0.0453,-1.31,5.89,0,0,0,0,0,,,,,,252,1201,11,51,35,137,2
33,Jaxson Dart,QB,QB13,NYG,NYG,14,14,241.58,17.26,241.58,17.26,241.58,17.26,26.0,13,14.0,7.0,28,21,-0.22,-3.06,2.0,0.1,26.95,20.12,10.23,0.5931,28.42,-0.3,4,0.2857,4,0.2857,8,0.5714,5,2.0,86,6.14,86,6.14,0.0,487,34.79,2759,24,1.71,140,7,2,1,2.81,2.81,5.66,5.66,,,,0.1047,,,216,339,2272,15,5,0.6372,6.7,8.18,3.0,0.0936,86,487,9,0,0,0,0
34,Josh Jacobs,RB,RB13,GB,GB,15,15,237.1,15.81,219.1,14.61,201.1,13.41,40.0,13,10.0,-6.0,36,36,4.88,73.16,3.0,4.32,28.3,14.4,9.02,0.5706,32.0,1.3,4,0.2667,3,0.2,11,0.7333,3,2.0,270,18.0,278,18.53,0.1015,1211,80.73,1211,14,0.93,63,2,2,0,0.88,0.85,4.49,3.97,7.83,6.41,0.8182,0.0519,-0.89,8.44,0,0,0,0,0,,,,,,234,929,13,44,36,282,1
35,Sam Darnold,QB,QB14,SEA,SEA,17,17,235.42,13.85,235.42,13.85,235.42,13.85,65.0,14,27.0,-30.0,30,23,-3.63,-61.64,2.0,4.66,24.24,15.8,7.98,0.576,27.64,3.12,2,0.1176,8,0.4706,7,0.4118,2,3.0,35,2.06,35,2.06,0.0,95,5.59,4143,25,1.47,188,20,6,2,6.73,6.73,2.71,2.71,,,,0.0,,,323,477,4048,25,14,0.6771,8.49,7.86,1.79,0.0536,35,95,0,0,0,0,0
36,Jordan Love,QB,QB15,GB,GB,15,15,235.14,15.68,235.14,15.68,235.14,15.68,41.0,15,21.0,-5.0,31,24,-1.8,-26.97,2.0,7.37,26.07,14.96,7.41,0.4726,28.3,3.78,3,0.2,7,0.4667,6,0.4,3,1.0,47,3.13,47,3.13,0.0,199,13.27,3580,23,1.53,173,8,2,2,5.0,5.0,4.23,4.23,,,,0.0,,,291,439,3381,23,6,0.6629,7.7,8.82,3.83,0.0457,47,199,0,0,0,0,0
37,Saquon Barkley,RB,RB14,PHI,PHI,16,16,232.3,14.52,213.8,13.36,195.3,12.21,54.0,14,15.0,-17.0,41,38,3.59,57.43,3.0,6.2,19.8,15.15,7.19,0.4955,33.4,5.2,2,0.125,6,0.375,11,0.6875,1,3.0,317,19.81,330,20.62,0.1205,1413,88.31,1413,9,0.56,59,1,1,1,0.73,0.7,4.46,4.07,7.38,5.46,0.74,0.0284,0.62,8.0,0,0,0,0,0,,,,,,280,1140,7,50,37,273,2
38,D'Andre Swift,RB,RB15,CHI,CHI,16,16,228.6,14.29,211.6,13.22,194.6,12.16,58.0,15,17.0,-20.0,42,39,3.36,53.73,3.0,7.4,22.25,14.35,6.67,0.4669,25.5,1.9,5,0.3125,5,0.3125,11,0.6875,1,3.0,257,16.06,271,16.94,0.0935,1386,86.62,1386,10,0.62,73,2,2,0,0.89,0.84,5.39,4.87,8.79,6.23,0.7083,0.0389,-0.52,10.5,0,0,0,0,0,,,,,,223,1087,9,48,34,299,1
39,Jacoby Brissett,QB,QB16,ARI,ARI,14,14,227.44,16.25,227.44,16.25,227.44,16.25,35.0,16,18.0,4.0,32,25,-1.23,-17.2,2.0,3.33,21.53,19.23,7.57,0.4661,24.84,0.0,1,0.0714,3,0.2143,9,0.6429,1,4.0,38,2.71,38,2.71,0.0,168,12.0,3534,24,1.71,181,12,4,1,5.99,5.99,4.42,4.42,,,,0.0263,,,315,485,3366,23,8,0.6495,6.94,7.62,2.88,0.0814,38,168,1,0,0,0,0
40,Aaron Rodgers,QB,QB17,PIT,PIT,16,16,227.08,14.19,226.58,14.16,226.08,14.13,61.0,17,25.0,-21.0,33,28,-3.28,-52.51,2.0,6.88,22.01,14.17,6.24,0.4394,25.66,2.68,1,0.0625,8,0.5,4,0.25,0,6.0,22,1.38,22,1.38,0.0019,52,3.25,3374,25,1.56,147,8,1,1,10.32,10.32,2.36,2.9,-9.0,-9.0,1.0,0.0455,-9.0,0.0,327,498,3322,24,7,0.6566,6.67,6.04,3.43,0.055,21,61,1,1,1,-9,0
41,Daniel Jones,QB,QB18,IND,IND,13,13,226.44,17.42,226.44,17.42,226.44,17.42,25.0,18,13.0,16.0,34,27,-0.06,-0.72,2.0,11.12,23.11,16.68,7.08,0.4067,29.48,0.8,1,0.0769,2,0.1538,7,0.5385,3,3.0,45,3.46,45,3.46,0.0,164,12.62,3265,24,1.85,168,11,3,1,5.03,5.03,3.64,3.64,,,,0.1111,,,261,384,3101,19,8,0.6797,8.08,8.0,2.38,0.0542,45,164,5,0,0,0,0
42,Nico Collins,WR,WR8,HOU,HOU,15,15,226.2,15.08,190.7,12.71,155.2,10.35,46.0,8,11.0,-4.0,48,58,4.48,67.2,4.0,7.42,23.14,14.5,6.5,0.431,24.2,5.5,5,0.3333,5,0.3333,11,0.7333,3,4.0,73,4.87,122,8.13,0.2424,1132,75.47,1132,7,0.47,49,1,1,1,3.1,1.85,15.51,7.5,15.73,9.31,0.5917,0.0959,12.74,4.56,0,0,0,0,0,,,,,,2,15,1,120,71,1117,6
43,Davante Adams,WR,WR9,LA,LA,14,14,222.9,15.92,192.9,13.78,162.9,11.64,38.0,9,9.0,5.0,47,51,5.32,74.5,4.0,7.34,23.14,15.1,6.84,0.4296,26.5,6.9,5,0.3571,4,0.2857,10,0.7143,1,3.0,60,4.29,114,8.14,0.2515,789,56.36,789,14,1.0,51,0,0,0,3.72,1.96,13.15,,13.15,6.92,0.5263,0.2333,12.67,1.95,0,0,0,0,0,,,,,,0,0,0,114,60,789,14
44,Kenny Gainwell,RB,RB16,PIT,PIT,17,17,221.3,13.02,184.8,10.87,148.3,8.72,73.0,16,20.0,-29.0,53,62,2.09,35.5,3.0,3.5,26.08,9.6,9.38,0.7204,31.4,2.4,4,0.2353,10,0.5882,8,0.4706,3,3.0,187,11.0,199,11.71,0.163,1023,60.18,1023,8,0.47,57,1,1,0,1.18,1.11,5.47,4.71,6.66,5.72,0.8588,0.0428,-0.2,7.23,0,0,0,0,0,,,,,,114,537,5,85,73,486,3
45,Michael Wilson,WR,WR10,ARI,ARI,17,17,220.6,12.98,181.6,10.68,142.6,8.39,75.0,10,21.0,-30.0,57,70,2.38,40.4,4.0,2.76,26.48,8.4,10.6,0.8171,37.2,1.5,4,0.2353,10,0.5882,7,0.4118,2,1.0,78,4.59,126,7.41,0.1922,1006,59.18,1006,7,0.41,51,0,0,0,2.83,1.75,12.9,,12.9,7.98,0.619,0.0897,11.92,3.5,0,0,0,0,0,,,,,,0,0,0,126,78,1006,7
46,A.J. Brown,WR,WR11,PHI,PHI,15,15,220.3,14.69,181.3,12.09,142.3,9.49,50.0,11,12.0,-4.0,58,71,4.09,61.3,4.0,2.94,26.86,12.1,9.75,0.664,35.2,1.8,4,0.2667,5,0.3333,10,0.6667,4,1.0,78,5.2,121,8.07,0.2866,1003,66.87,1003,7,0.47,47,0,0,0,2.82,1.82,12.86,,12.86,8.29,0.6446,0.0897,11.78,3.44,0,0,0,0,0,,,,,,0,0,0,121,78,1003,7
47,Jameson Williams,WR,WR12,DET,DET,17,17,219.9,12.94,187.4,11.02,154.9,9.11,76.0,12,22.0,-29.0,51,59,2.34,39.7,4.0,1.2,24.9,13.4,8.96,0.6929,26.9,0.0,3,0.1765,7,0.4118,10,0.5882,3,2.0,71,4.18,108,6.35,0.1862,1129,66.41,1129,7,0.41,49,0,0,0,3.1,2.04,15.9,2.0,17.18,10.95,0.6373,0.0986,12.64,6.78,0,0,0,0,0,,,,,,6,12,0,102,65,1117,7
48,Courtland Sutton,WR,WR13,DEN,DEN,17,17,219.7,12.92,182.7,10.75,145.7,8.57,77.0,13,23.0,-29.0,55,65,2.32,39.5,4.0,2.26,21.88,12.2,7.48,0.5791,24.3,1.5,3,0.1765,7,0.4118,12,0.7059,2,3.0,74,4.35,124,7.29,0.2107,1017,59.82,1017,7,0.41,52,0,0,1,2.97,1.77,13.74,,13.74,8.2,0.5968,0.0946,12.44,3.0,0,0,0,0,0,,,,,1.0,0,0,0,124,74,1017,7
49,Bryce Young,QB,QB19,CAR,CAR,16,16,218.04,13.63,218.04,13.63,218.04,13.63,66.0,19,28.0,-17.0,37,29,-3.85,-61.55,2.0,5.57,21.93,11.83,7.7,0.5647,31.82,1.56,1,0.0625,9,0.5625,4,0.25,2,2.0,54,3.38,54,3.38,0.0,216,13.5,3227,25,1.56,169,15,4,1,4.04,4.04,4.0,4.0,,,,0.037,,,304,478,3011,23,11,0.636,6.3,6.49,2.09,0.0535,54,216,2,0,0,0,0
50,Wan'Dale Robinson,WR,WR14,NYG,NYG,16,16,217.9,13.62,171.9,10.74,125.9,7.87,67.0,14,17.0,-17.0,63,83,3.02,48.3,4.0,4.8,25.25,11.85,8.19,0.6014,30.6,3.6,4,0.25,6,0.375,10,0.625,3,2.0,95,5.94,143,8.94,0.3027,1019,63.69,1019,4,0.25,40,0,0,0,2.29,1.52,10.73,1.67,11.02,7.24,0.6571,0.0421,8.48,4.2,0,0,0,0,0,,,,,,3,5,0,140,92,1014,4
51,Jaylen Warren,RB,RB17,PIT,PIT,16,16,217.1,13.57,197.1,12.32,177.1,11.07,68.0,17,19.0,-17.0,45,46,2.64,42.23,3.0,8.05,18.6,12.95,5.62,0.4138,29.1,6.4,1,0.0625,5,0.3125,11,0.6875,1,5.0,251,15.69,256,16.0,0.0958,1291,80.69,1291,8,0.5,65,0,0,0,0.86,0.85,5.14,4.54,8.32,7.4,0.8889,0.0319,-2.51,10.98,0,0,0,0,0,,,,,,211,958,6,45,40,333,2
52,Rico Dowdle,RB,RB18,CAR,CAR,17,17,216.3,12.72,196.8,11.58,177.3,10.43,80.0,18,23.0,-28.0,46,45,1.79,30.5,3.0,3.36,29.82,10.6,9.8,0.7704,33.9,2.9,3,0.1765,8,0.4706,10,0.5882,3,1.0,275,16.18,286,16.82,0.1103,1373,80.76,1373,7,0.41,65,1,1,0,0.79,0.76,4.99,4.56,7.62,5.94,0.78,0.0255,-1.04,8.97,0,0,0,0,0,,,,,,236,1076,6,50,39,297,1
53,Lamar Jackson,QB,QB20,BAL,BAL,13,13,214.86,16.53,214.86,16.53,214.86,16.53,32.0,20,16.0,21.0,40,31,-0.95,-12.3,2.0,5.1,26.88,16.64,9.08,0.5496,29.36,4.72,4,0.3077,5,0.3846,6,0.4615,3,3.0,67,5.15,67,5.15,0.0,349,26.85,2898,23,1.77,133,10,3,1,3.21,3.21,5.21,5.21,,,,0.0299,,,192,302,2549,21,7,0.6358,8.44,8.77,3.0,0.1065,67,349,2,0,0,0,0
54,Tetairoa McMillan,WR,WR15,CAR,CAR,17,17,213.4,12.55,178.4,10.49,143.4,8.44,81.0,15,24.0,-27.0,59,67,1.95,33.2,4.0,5.58,18.46,11.5,7.07,0.563,33.0,1.5,1,0.0588,5,0.2941,12,0.7059,1,2.0,70,4.12,122,7.18,0.2574,1014,59.65,1014,7,0.41,55,0,0,0,3.05,1.75,14.49,,14.49,8.31,0.5738,0.1,11.56,3.84,0,0,0,0,0,,,,,,0,0,0,122,70,1014,7
55,Tee Higgins,WR,WR16,CIN,CIN,15,15,211.6,14.11,182.1,12.14,152.6,10.17,62.0,16,16.0,-7.0,56,61,3.51,52.6,4.0,6.24,24.96,11.4,8.23,0.5831,33.1,2.5,3,0.2,5,0.3333,11,0.7333,2,2.0,59,3.93,98,6.53,0.1826,846,56.4,846,11,0.73,41,0,0,1,3.59,2.16,14.34,,14.34,8.63,0.602,0.1864,13.41,2.81,0,0,0,0,0,,,,,,0,0,0,98,59,846,11
56,Kyle Pitts,TE,TE2,ATL,ATL,17,17,210.8,12.4,166.8,9.81,122.8,7.22,85.0,2,5.0,-29.0,68,91,1.82,30.9,3.0,4.14,18.28,11.8,9.94,0.8017,45.6,3.4,5,0.2941,5,0.2941,9,0.5294,4,1.0,88,5.18,118,6.94,0.2268,928,54.59,928,5,0.29,51,0,0,0,2.4,1.79,10.55,,10.55,7.86,0.7458,0.0568,7.36,4.55,0,0,0,0,0,,,,,,0,0,0,118,88,928,5
57,Stefon Diggs,WR,WR17,NE,NE,17,17,210.3,12.37,167.8,9.87,125.3,7.37,86.0,17,26.0,-29.0,67,87,1.77,30.1,4.0,5.48,22.38,11.7,6.81,0.5506,24.6,4.0,3,0.1765,7,0.4118,9,0.5294,1,4.0,85,5.0,102,6.0,0.2186,1013,59.59,1013,4,0.24,51,0,0,0,2.47,2.06,11.92,,11.92,9.93,0.8333,0.0471,8.54,4.16,0,0,0,0,0,,,,,,0,0,0,102,85,1013,4
58,C.J. Stroud,QB,QB21,HOU,HOU,14,14,208.54,14.9,208.54,14.9,208.54,14.9,49.0,21,23.0,9.0,43,33,-2.58,-36.1,2.0,8.82,22.9,13.71,6.52,0.4378,28.76,4.36,1,0.0714,8,0.5714,4,0.2857,1,1.0,48,3.43,48,3.43,0.0,209,14.93,3250,20,1.43,154,8,0,0,4.34,4.34,4.35,4.35,,,,0.0208,,,273,423,3041,19,8,0.6454,7.19,8.05,2.38,0.0516,48,209,1,0,0,0,0
59,Breece Hall,RB,RB19,NYJ,NYJ,16,16,207.66,12.98,189.66,11.85,171.66,10.73,74.0,19,21.0,-15.0,49,48,2.05,32.79,3.0,5.75,20.2,11.55,7.62,0.5872,32.86,4.3,2,0.125,8,0.5,8,0.5,1,4.0,279,17.44,291,18.19,0.1059,1415,88.44,1419,6,0.38,71,2,2,0,0.74,0.71,5.07,4.38,9.72,7.29,0.75,0.0179,0.29,8.92,1,1,4,1,0,1.0,4.0,4.0,,0.0,243,1065,4,48,36,350,1
60,RJ Harvey,RB,RB20,DEN,DEN,17,17,206.6,12.15,183.1,10.77,159.6,9.39,90.0,20,24.0,-30.0,54,55,1.22,20.8,3.0,4.1,22.04,8.0,7.66,0.63,24.1,3.4,4,0.2353,9,0.5294,7,0.4118,2,2.0,193,11.35,204,12.0,0.1021,896,52.71,896,12,0.71,46,1,1,0,1.07,1.01,4.64,3.7,7.57,6.14,0.8103,0.0622,0.48,7.66,0,1,0,0,0,0.0,0.0,2.0,,0.0,146,540,7,58,47,356,5
61,TreVeyon Henderson,RB,RB21,NE,NE,17,17,206.2,12.13,188.7,11.1,171.2,10.07,92.0,21,25.0,-31.0,50,49,1.2,20.4,3.0,3.64,28.84,11.1,9.6,0.7912,32.3,0.5,3,0.1765,8,0.4706,7,0.4118,3,3.0,215,12.65,222,13.06,0.0839,1132,66.59,1132,10,0.59,52,1,1,0,0.96,0.93,5.27,5.06,6.31,5.26,0.8333,0.0465,-0.02,6.97,0,0,0,0,0,,,,,,180,911,9,42,35,221,1
62,Michael Pittman,WR,WR18,IND,IND,17,17,202.4,11.91,162.4,9.55,122.4,7.2,94.0,18,30.0,-32.0,73,92,1.31,22.2,4.0,3.4,20.62,13.7,7.49,0.6291,23.5,2.3,4,0.2353,8,0.4706,9,0.5294,1,3.0,80,4.71,111,6.53,0.2065,784,46.12,784,7,0.41,47,0,0,1,2.53,1.82,9.8,,9.8,7.06,0.7207,0.0875,8.17,3.24,0,0,0,0,0,,,,,,0,0,0,111,80,784,7
63,Drake London,WR,WR19,ATL,ATL,12,12,201.9,16.82,167.9,13.99,133.9,11.16,28.0,19,7.0,35.0,66,74,6.22,74.7,4.0,5.72,31.12,15.65,11.45,0.6808,38.8,1.4,4,0.3333,4,0.3333,8,0.6667,4,1.0,68,5.67,112,9.33,0.2971,919,76.58,919,7,0.58,46,1,1,1,2.97,1.8,13.51,,13.51,8.21,0.6071,0.1029,10.9,3.37,0,0,0,0,0,,,,,,0,0,0,112,68,919,7
64,DeVonta Smith,WR,WR20,PHI,PHI,17,17,201.8,11.87,163.3,9.61,124.8,7.34,96.0,20,31.0,-32.0,71,89,1.27,21.6,4.0,4.56,19.64,9.3,7.8,0.657,33.3,1.8,2,0.1176,10,0.5882,8,0.4706,1,2.0,77,4.53,113,6.65,0.2458,1008,59.29,1008,4,0.24,44,0,0,0,2.62,1.79,13.09,,13.09,8.92,0.6814,0.0519,11.99,3.81,0,0,0,0,0,,,,,,0,0,0,113,77,1008,4
65,Justin Jefferson,WR,WR21,MIN,MIN,17,17,201.5,11.85,159.5,9.38,117.5,6.91,97.0,21,32.0,-32.0,77,99,1.25,21.3,4.0,3.76,18.76,12.5,5.79,0.4887,22.6,2.4,1,0.0588,6,0.3529,10,0.5882,0,8.0,86,5.06,143,8.41,0.3067,1055,62.06,1055,2,0.12,47,0,0,0,2.34,1.41,12.27,3.5,12.48,7.43,0.5957,0.0233,10.2,5.37,0,0,0,0,0,,,,,,2,7,0,141,84,1048,2
66,CeeDee Lamb,WR,WR22,DAL,DAL,13,13,200.9,15.45,163.4,12.57,125.9,9.68,44.0,22,10.0,22.0,70,83,4.85,63.1,4.0,9.9,21.64,17.1,5.98,0.3873,24.2,1.4,3,0.2308,2,0.1538,11,0.8462,1,5.0,76,5.85,118,9.08,0.251,1079,83.0,1079,3,0.23,43,0,0,0,2.64,1.7,14.2,2.0,14.36,9.21,0.641,0.0395,11.99,4.31,0,0,0,0,0,,,,,,1,2,0,117,75,1077,3
67,Emeka Egbuka,WR,WR23,TB,TB,17,17,195.7,11.51,164.2,9.66,132.7,7.81,105.0,23,36.0,-38.0,69,75,0.91,15.5,4.0,4.04,23.54,9.0,8.42,0.7315,31.3,1.8,4,0.2353,10,0.5882,7,0.4118,3,1.0,65,3.82,129,7.59,0.2356,947,55.71,947,6,0.35,34,0,0,1,3.01,1.52,14.57,4.5,14.89,7.39,0.4961,0.0923,12.38,5.32,0,0,0,0,0,,,,,,2,9,0,127,63,938,6
68,Jaylen Waddle,WR,WR24,MIA,MIA,16,16,194.12,12.13,162.12,10.13,130.12,8.13,91.0,24,29.0,-23.0,74,77,1.53,24.52,4.0,3.55,20.15,13.2,6.87,0.5663,23.0,0.7,2,0.125,7,0.4375,9,0.5625,1,5.0,66,4.12,102,6.38,0.2329,938,58.62,946,6,0.38,49,0,0,0,2.94,1.9,14.21,14.0,14.22,9.1,0.64,0.0909,13.06,3.56,1,1,8,0,0,1.0,8.0,-5.0,,0.0,2,28,0,100,64,910,6
69,Travis Kelce,TE,TE3,KC,KC,17,17,193.2,11.36,155.2,9.13,117.2,6.89,109.0,3,9.0,-40.0,82,100,0.78,13.3,3.0,3.24,20.22,10.1,6.41,0.5636,24.1,1.6,4,0.2353,4,0.2353,9,0.5294,4,2.0,77,4.53,109,6.41,0.2,852,50.12,852,5,0.29,46,0,0,1,2.51,1.77,11.06,1.0,11.2,7.88,0.7037,0.0649,6.81,5.58,0,0,0,0,0,,,,,,1,1,0,108,76,851,5
70,Kenneth Walker III,RB,RB22,SEA,SEA,17,17,191.9,11.29,176.4,10.38,160.9,9.46,112.0,22,29.0,-42.0,61,53,0.36,6.1,3.0,4.34,19.32,9.6,6.53,0.5784,25.4,2.9,2,0.1176,9,0.5294,6,0.3529,0,7.0,252,14.82,257,15.12,0.0826,1309,77.0,1309,5,0.29,58,0,0,0,0.76,0.75,5.19,4.65,9.1,7.83,0.8611,0.0198,-1.14,10.94,0,0,0,0,0,,,,,,221,1027,5,36,31,282,0
71,Tyler Warren,TE,TE4,IND,IND,17,17,188.5,11.09,150.5,8.85,112.5,6.62,114.0,4,10.0,-43.0,86,107,0.51,8.6,3.0,5.56,18.06,9.5,4.88,0.44,18.3,3.7,4,0.2353,4,0.2353,8,0.4706,4,2.0,82,4.82,118,6.94,0.2148,825,48.53,825,5,0.29,45,0,0,0,2.3,1.6,10.06,1.33,10.75,7.29,0.6786,0.061,5.38,6.24,0,1,0,0,0,0.0,0.0,11.0,,0.0,6,8,1,112,76,817,4
72,Deebo Samuel Sr.,WR,WR25,WAS,WAS,16,16,188.2,11.76,152.2,9.51,116.2,7.26,99.0,25,33.0,-27.0,85,101,1.16,18.6,4.0,4.55,21.65,10.25,6.94,0.5902,23.6,4.1,4,0.25,8,0.5,8,0.5,1,5.0,89,5.56,116,7.25,0.2537,802,50.12,802,6,0.38,36,0,0,0,2.11,1.62,9.01,4.41,10.1,7.34,0.7273,0.0674,5.32,6.47,0,0,0,0,0,,,,,,17,75,1,99,72,727,5
73,Jake Ferguson,TE,TE5,DAL,DAL,17,17,188.1,11.06,147.1,8.65,106.1,6.24,115.0,5,11.0,-42.0,91,114,0.48,8.2,3.0,2.76,21.48,10.8,7.09,0.6407,23.9,0.0,5,0.2941,4,0.2353,9,0.5294,5,2.0,83,4.88,103,6.06,0.1648,601,35.35,601,8,0.47,30,2,2,1,2.27,1.83,7.24,1.0,7.32,5.88,0.8039,0.0964,4.66,3.74,0,0,0,0,0,,,,,,1,1,0,102,82,600,8
74,DK Metcalf,WR,WR26,PIT,PIT,15,15,187.2,12.48,157.7,10.51,128.2,8.55,84.0,26,25.0,-10.0,79,80,1.88,28.2,4.0,6.32,20.88,12.2,6.0,0.4807,23.6,2.6,2,0.1333,6,0.4,9,0.6,0,7.0,61,4.07,101,6.73,0.2241,862,57.47,862,7,0.47,38,0,0,0,3.07,1.85,14.13,6.0,14.41,8.59,0.596,0.1148,10.55,7.02,0,0,0,0,0,,,,,,2,12,1,99,59,850,6
75,Cam Ward,QB,QB22,TEN,TEN,17,17,186.66,10.98,186.66,10.98,186.66,10.98,118.0,22,39.0,-43.0,52,43,-6.49,-110.4,2.0,5.61,17.43,10.2,5.4,0.4917,23.94,2.48,0,0.0,13,0.7647,2,0.1176,1,4.0,39,2.29,39,2.29,0.0,159,9.35,3328,17,1.0,168,14,7,0,4.79,4.79,4.08,4.08,,,,0.0513,,,323,540,3169,15,7,0.5981,5.87,7.23,2.14,0.0924,39,159,2,0,0,0,0
76,Harold Fannin Jr.,TE,TE6,CLE,CLE,16,16,186.4,11.65,150.4,9.4,114.4,7.15,100.0,6,8.0,-24.0,87,104,1.07,17.08,3.0,5.05,18.95,11.15,5.73,0.4918,25.4,4.5,4,0.25,3,0.1875,8,0.5,3,1.0,79,4.94,114,7.12,0.2184,744,46.5,744,7,0.44,34,1,1,0,2.36,1.64,9.42,1.86,10.15,6.83,0.6729,0.0886,6.04,4.89,0,0,0,0,0,,,,,,7,13,1,107,72,731,6
77,Tony Pollard,RB,RB23,TEN,TEN,17,17,185.8,10.93,169.3,9.96,152.8,8.99,119.0,23,30.0,-42.0,65,60,0.0,0.0,3.0,6.02,16.16,9.5,5.62,0.5142,28.1,5.3,1,0.0588,9,0.5294,7,0.4118,1,2.0,275,16.18,283,16.65,0.076,1288,75.76,1288,5,0.29,59,3,3,0,0.68,0.66,4.68,4.47,6.24,5.02,0.8049,0.0182,0.29,6.15,0,0,0,0,0,,,,,,242,1082,5,41,33,206,0
78,Dallas Goedert,TE,TE7,PHI,PHI,15,15,185.1,12.34,155.1,10.34,125.1,8.34,87.0,7,6.0,-9.0,83,88,1.76,26.36,3.0,4.52,22.88,10.9,7.17,0.5814,26.0,4.0,5,0.3333,4,0.2667,6,0.4,5,1.0,60,4.0,82,5.47,0.2076,591,39.4,591,11,0.73,34,0,0,0,3.08,2.26,9.85,,9.85,7.21,0.7317,0.1833,7.11,3.9,0,0,0,0,0,,,,,,0,0,0,82,60,591,11
79,Parker Washington,WR,WR27,JAX,JAX,16,15,184.7,11.54,155.7,9.73,126.7,7.92,104.0,27,35.0,-25.0,81,82,0.94,15.1,4.0,3.8,19.35,9.9,7.41,0.6415,26.5,0.0,1,0.0625,8,0.5,8,0.5,1,3.0,65,4.06,102,6.38,0.1801,847,52.94,847,7,0.44,38,0,0,0,2.84,1.81,13.03,0.0,14.6,8.92,0.6105,0.0769,12.49,4.57,0,0,0,0,0,,,,,,7,0,0,95,58,847,5
80,Alec Pierce,WR,WR28,IND,IND,15,15,183.3,12.22,159.8,10.65,136.3,9.09,88.0,28,27.0,-8.0,76,72,1.62,24.3,4.0,3.0,22.12,10.8,8.3,0.6794,29.2,0.0,2,0.1333,6,0.4,8,0.5333,2,2.0,47,3.13,84,5.6,0.176,1003,66.87,1003,6,0.4,41,0,0,0,3.9,2.18,21.34,,21.34,11.94,0.5595,0.1277,18.96,3.7,0,0,0,0,0,,,,,,0,0,0,84,47,1003,6
81,Keenan Allen,WR,WR29,LAC,LAC,17,17,182.7,10.75,142.2,8.36,101.7,5.98,120.0,29,40.0,-39.0,99,125,0.15,2.5,4.0,4.68,19.62,8.7,6.81,0.6333,28.9,2.7,1,0.0588,11,0.6471,5,0.2941,1,3.0,81,4.76,122,7.18,0.2206,777,45.71,777,4,0.24,49,0,0,0,2.26,1.5,9.59,,9.59,6.37,0.6639,0.0494,8.42,2.85,0,0,0,0,0,,,,,,0,0,0,122,81,777,4
82,Zach Charbonnet,RB,RB24,SEA,SEA,16,16,181.4,11.34,171.4,10.71,161.4,10.09,110.0,24,28.0,-28.0,64,52,0.41,6.53,3.0,3.9,19.1,10.95,6.7,0.5908,26.2,1.0,1,0.0625,7,0.4375,6,0.375,0,6.0,204,12.75,208,13.0,0.052,874,54.62,874,12,0.75,55,0,0,1,0.89,0.87,4.28,3.97,7.2,6.0,0.8333,0.0588,1.67,6.15,0,0,0,0,0,,,,,,184,730,12,24,20,144,0
83,Ladd McConkey,WR,WR30,LAC,LAC,16,16,180.9,11.31,147.9,9.24,114.9,7.18,111.0,30,38.0,-28.0,89,102,0.71,11.3,4.0,3.1,20.75,11.6,6.86,0.6063,23.0,2.1,3,0.1875,8,0.5,8,0.5,0,6.0,66,4.12,106,6.62,0.2108,789,49.31,789,6,0.38,35,0,0,0,2.74,1.71,11.95,,11.95,7.44,0.6226,0.0909,9.87,4.7,0,0,0,0,0,,,,,,0,0,0,106,66,789,6
84,Juwan Johnson,TE,TE8,NO,NO,17,17,179.9,10.58,141.4,8.32,102.9,6.05,125.0,8,12.0,-41.0,100,122,0.0,0.0,3.0,4.96,16.3,10.6,4.82,0.4559,19.2,1.5,4,0.2353,4,0.2353,9,0.5294,4,1.0,77,4.53,102,6.0,0.1767,889,52.29,889,3,0.18,41,2,2,0,2.34,1.76,11.55,,11.55,8.72,0.7549,0.039,7.58,4.7,0,0,0,0,0,,,,,,0,0,0,102,77,889,3
85,Hunter Henry,TE,TE9,NE,NE,17,17,178.8,10.52,148.8,8.75,118.8,6.99,126.0,9,13.0,-41.0,88,97,-0.06,-1.1,3.0,2.44,19.1,9.1,7.28,0.6917,29.0,1.9,3,0.1765,5,0.2941,7,0.4118,2,1.0,60,3.53,87,5.12,0.1742,768,45.18,768,7,0.41,42,0,0,0,2.98,2.06,12.8,,12.8,8.83,0.6897,0.1167,8.16,5.58,0,0,0,0,0,,,,,,0,0,0,87,60,768,7
85,Rhamondre Stevenson,RB,RB25,NE,NE,14,14,178.8,12.77,162.8,11.63,146.8,10.49,79.0,25,22.0,6.0,72,63,1.84,25.79,3.0,2.78,25.4,10.85,10.05,0.7871,35.3,1.8,3,0.2143,6,0.4286,6,0.4286,2,1.0,162,11.57,167,11.93,0.0984,948,67.71,948,9,0.64,40,3,3,2,1.1,1.07,5.85,4.64,10.78,9.32,0.8649,0.0556,4.3,8.22,0,0,0,0,0,,,,,,130,603,7,37,32,345,2
87,Dalton Schultz,TE,TE10,HOU,HOU,17,17,177.7,10.45,136.7,8.04,95.7,5.63,128.0,10,15.0,-41.0,104,131,-0.13,-2.2,3.0,4.7,18.5,11.0,5.64,0.5395,21.6,1.8,3,0.1765,6,0.3529,8,0.4706,2,4.0,82,4.82,106,6.24,0.1906,777,45.71,777,3,0.18,39,0,0,0,2.17,1.68,9.48,,9.48,7.33,0.7736,0.0366,6.22,4.37,0,0,0,0,0,,,,,,0,0,0,106,82,777,3
88,Brock Purdy,QB,QB23,SF,SF,9,9,177.38,19.71,177.38,19.71,177.38,19.71,13.0,23,6.0,75.0,60,44,2.23,20.11,2.0,6.89,32.1,17.66,10.29,0.5223,36.92,5.18,3,0.3333,2,0.2222,4,0.4444,3,1.0,33,3.67,33,3.67,0.0,147,16.33,2314,23,2.56,146,12,2,1,5.38,5.38,4.45,4.45,,,,0.0909,,,197,284,2167,20,10,0.6937,7.63,7.6,2.0,0.0373,33,147,3,0,0,0,0
89,Troy Franklin,WR,WR31,DEN,DEN,17,17,177.1,10.42,144.6,8.51,112.1,6.59,129.0,31,43.0,-40.0,95,109,-0.18,-3.1,4.0,2.98,22.08,8.5,7.63,0.732,26.9,0.0,3,0.1765,10,0.5882,8,0.4706,1,1.0,70,4.12,109,6.41,0.1822,721,42.41,721,6,0.35,34,1,1,3,2.53,1.62,10.3,2.4,10.91,6.82,0.625,0.0857,12.7,4.34,0,0,0,0,0,,,,,,5,12,0,104,65,709,6
90,Brock Bowers,TE,TE11,LV,LV,12,12,176.2,14.68,144.2,12.02,112.2,9.35,51.0,11,2.0,39.0,96,108,4.1,49.21,2.0,8.8,21.6,12.85,10.12,0.6895,43.3,3.7,3,0.25,1,0.0833,7,0.5833,3,1.0,66,5.5,88,7.33,0.2338,682,56.83,682,7,0.58,36,0,0,1,2.67,2.0,10.33,1.0,10.62,7.91,0.7442,0.1061,6.51,4.77,0,0,0,0,0,,,,,,2,2,0,86,64,680,7
91,Jakobi Meyers,WR,WR32,JAX,LV/JAX,16,16,175.8,10.99,138.3,8.64,100.8,6.3,117.0,32,39.0,-26.0,101,126,0.39,6.2,4.0,7.05,16.35,9.35,4.35,0.3962,21.3,6.3,1,0.0625,9,0.5625,8,0.5,0,11.0,80,5.0,115,7.19,0.2287,848,53.0,848,3,0.19,44,1,1,0,2.2,1.53,10.6,2.6,11.13,7.59,0.6818,0.0375,9.16,3.76,0,0,0,0,0,,,,,,5,13,0,110,75,835,3
92,Geno Smith,QB,QB24,LV,LV,15,15,173.9,11.59,173.9,11.59,173.9,11.59,101.0,24,34.0,-9.0,62,47,-5.88,-88.21,2.0,3.69,22.63,9.78,7.29,0.6287,26.26,2.78,2,0.1333,10,0.6667,2,0.1333,1,4.0,41,2.73,41,2.73,0.0,109,7.27,3134,19,1.27,161,18,1,1,4.24,4.24,2.66,2.66,,,,0.0,,,302,448,3025,19,17,0.6741,6.75,6.17,1.12,0.1093,41,109,0,0,0,0,0
93,Jauan Jennings,WR,WR33,SF,SF,15,15,173.3,11.55,145.8,9.72,118.3,7.89,103.0,33,34.0,-10.0,93,98,0.95,14.3,4.0,4.72,18.46,12.2,5.71,0.4942,19.9,1.7,0,0.0,7,0.4667,9,0.6,0,11.0,55,3.67,90,6.0,0.1992,643,42.87,643,9,0.6,36,1,1,1,3.15,1.93,11.69,,11.69,7.14,0.6111,0.1636,10.06,3.29,0,0,0,0,0,,,,,,0,0,0,90,55,643,9
94,DJ Moore,WR,WR34,CHI,CHI,17,17,172.18,10.13,147.18,8.66,122.18,7.19,134.0,34,46.0,-40.0,90,93,-0.47,-8.02,4.0,1.26,22.93,8.2,8.19,0.8087,23.4,0.0,4,0.2353,10,0.5882,7,0.4118,1,4.0,65,3.82,100,5.88,0.1613,761,44.76,763,8,0.47,38,0,0,0,2.65,1.72,11.71,5.27,13.64,8.02,0.5882,0.1077,11.62,4.44,1,1,2,1,0,1.0,2.0,2.0,,0.0,15,79,1,85,50,682,6
95,Quentin Johnston,WR,WR35,LAC,LAC,13,13,171.2,13.17,145.7,11.21,120.2,9.25,72.0,35,20.0,23.0,94,96,2.57,33.4,4.0,3.62,23.12,14.8,7.44,0.5652,24.9,0.0,3,0.2308,4,0.3077,9,0.6923,1,3.0,53,4.08,86,6.62,0.1997,742,57.08,742,8,0.62,27,1,1,0,3.23,1.99,14.0,3.5,14.41,8.75,0.6071,0.1509,11.77,4.33,0,0,0,0,0,,,,,,2,7,0,84,51,735,8
96,Quinshon Judkins,RB,RB26,CLE,CLE,14,14,169.8,12.13,156.8,11.2,143.8,10.27,93.0,26,26.0,3.0,80,66,1.2,16.79,3.0,4.7,20.06,10.3,6.73,0.5549,26.4,3.6,2,0.1429,5,0.3571,6,0.4286,1,4.0,256,18.29,266,19.0,0.0828,998,71.29,998,7,0.5,57,0,0,1,0.66,0.64,3.9,3.6,6.58,4.75,0.7222,0.0273,-0.42,7.46,0,0,0,0,0,,,,,,230,827,7,36,26,171,0
97,David Montgomery,RB,RB27,DET,DET,17,17,166.92,9.82,154.92,9.11,142.92,8.41,141.0,27,33.0,-44.0,84,68,-1.11,-18.88,3.0,3.38,15.87,8.3,6.72,0.6846,29.4,1.2,1,0.0588,10,0.5882,6,0.3529,1,2.0,182,10.71,187,11.0,0.0543,908,53.41,911,9,0.53,53,1,1,1,0.92,0.89,4.99,4.53,8.0,6.62,0.8276,0.044,0.41,8.29,1,2,3,1,0,0.5,1.5,3.5,,0.3333,158,716,8,29,24,192,0
98,Khalil Shakir,WR,WR36,BUF,BUF,16,16,166.4,10.4,130.4,8.15,94.4,5.9,130.0,36,44.0,-32.0,112,134,-0.2,-3.2,4.0,1.85,17.45,11.15,5.8,0.5578,20.8,0.7,1,0.0625,7,0.4375,9,0.5625,0,6.0,73,4.56,96,6.0,0.2114,724,45.25,724,4,0.25,28,1,1,0,2.28,1.73,9.92,5.0,9.99,7.57,0.7579,0.0548,3.67,7.51,0,0,0,0,0,,,,,,1,5,0,95,72,719,4
99,Romeo Doubs,WR,WR37,GB,GB,16,16,165.4,10.34,137.9,8.62,110.4,6.9,132.0,37,45.0,-33.0,102,110,-0.26,-4.2,4.0,2.9,17.75,9.35,7.26,0.7024,29.8,0.0,1,0.0625,9,0.5625,7,0.4375,1,3.0,55,3.44,85,5.31,0.1888,724,45.25,724,6,0.38,41,0,0,1,3.01,1.95,13.16,,13.16,8.52,0.6471,0.1091,12.76,2.96,0,0,0,0,0,,,,,,0,0,0,85,55,724,6
100,Colston Loveland,TE,TE12,CHI,CHI,16,16,165.1,10.32,136.1,8.51,107.1,6.69,133.0,12,16.0,-33.0,106,113,-0.26,-4.22,3.0,3.15,23.25,6.9,8.5,0.8237,29.8,0.0,3,0.1875,9,0.5625,5,0.3125,4,1.0,59,3.69,83,5.19,0.1661,711,44.44,711,6,0.38,36,0,0,0,2.8,1.99,12.05,-2.0,12.29,8.7,0.7073,0.1017,9.1,4.31,0,0,0,0,0,,,,,,1,-2,0,82,58,713,6
101,Tre Tucker,WR,WR38,LV,LV,17,17,161.7,9.51,133.2,7.84,104.7,6.16,147.0,38,51.0,-46.0,109,116,-1.09,-18.5,4.0,4.32,13.92,6.8,8.94,0.9397,40.9,0.0,1,0.0588,12,0.7059,6,0.3529,1,1.0,68,4.0,103,6.06,0.1896,747,43.94,747,5,0.29,33,0,0,0,2.38,1.57,10.99,4.64,12.21,7.57,0.6196,0.0735,10.16,5.11,0,0,0,0,0,,,,,,11,51,0,92,57,696,5
102,George Kittle,TE,TE13,SF,SF,11,11,161.5,14.68,133.0,12.09,104.5,9.5,52.0,13,3.0,50.0,111,117,4.1,45.09,2.0,6.9,24.5,13.8,8.26,0.5626,24.7,0.0,4,0.3636,2,0.1818,7,0.6364,3,1.0,58,5.27,70,6.36,0.2145,625,56.82,625,7,0.64,38,0,0,0,2.78,2.31,10.78,-3.0,11.02,9.1,0.8261,0.1207,6.67,4.42,0,0,0,0,0,,,,,,1,-3,0,69,57,628,7
103,Tyrone Tracy Jr.,RB,RB28,NYG,NYG,15,15,160.8,10.72,142.8,9.52,124.8,8.32,121.0,28,31.0,-18.0,97,89,-0.21,-3.14,3.0,4.78,21.98,8.1,7.66,0.7146,27.9,0.6,2,0.1333,10,0.6667,5,0.3333,2,2.0,212,14.13,224,14.93,0.1078,1028,68.53,1028,4,0.27,53,1,1,0,0.76,0.72,4.85,4.2,8.0,6.0,0.75,0.0189,0.4,8.72,0,0,0,0,0,,,,,,176,740,2,48,36,288,2
104,Tua Tagovailoa,QB,QB25,MIA,MIA,14,14,160.7,11.48,160.7,11.48,160.7,11.48,106.0,25,35.0,-2.0,75,54,-6.0,-83.94,2.0,4.85,21.5,9.95,7.3,0.6357,24.2,-1.4,1,0.0714,9,0.6429,2,0.1429,0,6.0,20,1.43,20,1.43,0.0,43,3.07,2703,20,1.43,143,16,1,1,8.04,8.04,2.15,2.15,,,,0.0,,,260,384,2660,20,15,0.6771,6.93,6.8,1.33,0.0725,20,43,0,0,0,0,0
105,Tyler Shough,QB,QB26,NO,NO,11,11,157.96,14.36,157.96,14.36,157.96,14.36,56.0,26,24.0,49.0,78,56,-3.11,-34.26,2.0,4.32,21.76,17.36,7.66,0.5331,21.92,0.0,0,0.0,4,0.3636,5,0.4545,1,5.0,45,4.09,45,4.09,0.0,186,16.91,2570,13,1.18,118,8,2,1,3.51,3.51,4.13,4.13,,,,0.0667,,,221,327,2384,10,6,0.6758,7.29,8.28,1.67,0.0866,45,186,3,0,0,0,0
106,Rashid Shaheed,WR,WR39,SEA,NO/SEA,18,18,156.6,8.7,127.1,7.06,97.6,5.42,157.0,39,54.0,-51.0,114,128,-1.9,-34.2,4.0,1.62,15.65,8.65,5.84,0.671,21.4,0.5,1,0.0556,12,0.6667,6,0.3333,0,9.0,68,3.78,101,5.61,0.1617,756,42.0,756,4,0.22,32,1,1,0,2.3,1.55,11.12,7.67,11.64,7.47,0.6413,0.0294,11.45,3.0,0,0,0,0,0,,,,,,9,69,0,92,59,687,2
107,Rashee Rice,WR,WR40,KC,KC,8,8,150.1,18.76,123.6,15.45,97.1,12.14,17.0,40,5.0,90.0,118,130,8.16,65.3,3.0,9.08,26.67,20.9,8.11,0.4323,29.4,7.4,4,0.5,2,0.25,7,0.875,2,2.0,58,7.25,83,10.38,0.2903,591,73.88,591,6,0.75,30,0,0,1,2.59,1.81,10.19,4.0,10.77,7.32,0.6795,0.1034,4.33,7.81,0,0,0,0,0,,,,,,5,20,1,78,53,571,5
108,AJ Barner,TE,TE14,SEA,SEA,17,17,147.3,8.66,121.3,7.14,95.3,5.61,158.0,14,23.0,-50.0,122,133,-1.92,-32.6,3.0,1.62,15.84,7.7,6.49,0.7493,24.3,0.3,3,0.1765,8,0.4706,6,0.3529,2,1.0,62,3.65,78,4.59,0.138,533,31.35,533,7,0.41,35,0,0,0,2.38,1.89,8.6,1.4,9.98,7.63,0.7647,0.1129,4.37,5.21,0,0,0,0,0,,,,,,10,14,1,68,52,519,6
109,Kyle Monangai,RB,RB29,CHI,CHI,17,17,146.7,8.63,137.7,8.1,128.7,7.57,160.0,29,39.0,-51.0,103,79,-2.3,-39.1,3.0,2.28,18.04,7.7,6.28,0.7277,22.8,1.8,1,0.0588,11,0.6471,6,0.3529,1,3.0,187,11.0,199,11.71,0.0572,947,55.71,947,5,0.29,47,0,0,2,0.78,0.74,5.06,4.63,9.11,5.47,0.6,0.0267,0.07,9.0,0,0,0,0,0,,,,,,169,783,5,30,18,164,0
110,Joe Flacco,QB,QB27,CIN,CLE/CIN,13,13,146.66,11.28,146.66,11.28,146.66,11.28,113.0,27,37.0,-3.0,92,64,-6.19,-80.5,2.0,0.39,25.65,9.62,10.56,0.936,30.7,0.16,3,0.2308,9,0.6923,3,0.2308,2,2.0,21,1.62,21,1.62,0.0,35,2.69,2514,16,1.23,124,13,3,2,6.98,6.98,1.67,1.67,,,,0.0476,,,251,416,2479,15,10,0.6034,5.96,7.32,1.5,0.0415,21,35,1,0,0,0,0
111,Rome Odunze,WR,WR41,CHI,CHI,12,12,146.1,12.18,124.1,10.34,102.1,8.51,89.0,41,28.0,22.0,117,123,1.58,18.9,4.0,3.03,20.38,11.75,9.17,0.7534,31.8,0.0,2,0.1667,6,0.5,6,0.5,1,4.0,44,3.67,90,7.5,0.2363,661,55.08,661,6,0.5,37,0,0,0,3.32,1.62,15.02,,15.02,7.34,0.4889,0.1364,13.91,4.86,0,0,0,0,0,,,,,,0,0,0,90,44,661,6
112,Kareem Hunt,RB,RB30,KC,KC,17,17,145.4,8.55,136.4,8.02,127.4,7.49,163.0,30,41.0,-51.0,105,81,-2.38,-40.4,3.0,2.52,17.8,6.5,6.05,0.7074,20.0,0.2,1,0.0588,11,0.6471,6,0.3529,0,8.0,181,10.65,188,11.06,0.0438,754,44.35,754,9,0.53,63,1,1,0,0.8,0.77,4.17,3.75,7.94,5.72,0.72,0.0497,0.0,8.5,0,0,0,0,0,,,,,,163,611,8,25,18,143,1
113,Woody Marks,RB,RB31,HOU,HOU,16,16,145.1,9.07,133.1,8.32,121.1,7.57,153.0,31,37.0,-40.0,110,94,-1.86,-29.77,3.0,2.55,15.85,7.25,6.93,0.7647,27.9,0.3,1,0.0625,11,0.6875,5,0.3125,0,6.0,220,13.75,232,14.5,0.0684,911,56.94,911,5,0.31,46,0,0,0,0.66,0.63,4.14,3.59,8.67,5.78,0.6667,0.0227,2.14,9.29,0,0,0,0,0,,,,,,196,703,2,36,24,208,3
114,Rachaad White,RB,RB32,TB,TB,17,17,143.0,8.41,123.0,7.24,103.0,6.06,167.0,32,42.0,-53.0,120,121,-2.52,-42.8,3.0,3.2,15.8,8.0,5.5,0.6536,23.1,2.4,1,0.0588,13,0.7647,3,0.1765,0,7.0,172,10.12,177,10.41,0.0826,790,46.47,790,4,0.24,47,0,0,0,0.83,0.81,4.59,4.33,5.45,4.84,0.8889,0.0233,-2.27,8.22,0,0,0,0,0,,,,,,132,572,4,45,40,218,0
115,Justin Fields,QB,QB28,NYJ,NYJ,9,9,142.66,15.85,142.66,15.85,142.66,15.85,39.0,28,20.0,76.0,98,69,-1.62,-14.61,2.0,4.03,27.62,19.34,10.8,0.6811,29.52,3.98,3,0.3333,4,0.4444,5,0.5556,3,2.0,71,7.89,72,8.0,0.0043,383,42.56,1642,11,1.22,84,4,3,5,2.01,1.98,5.39,5.39,,0.0,0.0,0.0563,6.0,,128,204,1259,7,1,0.6275,6.17,6.76,7.0,0.1169,71,383,4,1,0,0,0
116,Jacory Croskey-Merritt,RB,RB33,WAS,WAS,17,17,140.3,8.25,135.8,7.99,131.3,7.72,171.0,33,44.0,-55.0,107,76,-2.68,-45.5,3.0,2.3,18.36,5.1,7.47,0.905,27.0,1.7,2,0.1176,12,0.7059,4,0.2353,1,5.0,184,10.82,188,11.06,0.0298,873,51.35,873,8,0.47,44,2,2,0,0.76,0.75,4.74,4.6,7.56,5.23,0.6923,0.0435,-1.46,8.56,0,0,0,0,0,,,,,,175,805,8,13,9,68,0
117,Brian Thomas Jr.,WR,WR42,JAX,JAX,14,14,138.8,9.91,114.8,8.2,90.8,6.49,135.0,42,47.0,-18.0,129,138,-0.69,-9.6,4.0,5.19,15.57,8.7,5.01,0.5057,23.0,3.8,1,0.0714,9,0.6429,5,0.3571,0,6.0,51,3.64,94,6.71,0.1931,728,52.0,728,3,0.21,35,0,0,0,2.72,1.48,14.27,7.0,14.73,7.77,0.5275,0.0588,14.45,3.31,0,0,0,0,0,,,,,,3,21,1,91,48,707,2
118,Bucky Irving,RB,RB34,TB,TB,10,10,138.5,13.85,123.5,12.35,108.5,10.85,64.0,34,18.0,54.0,119,112,2.92,29.21,3.0,8.0,18.84,14.2,5.61,0.4049,25.5,7.1,1,0.1,3,0.3,7,0.7,0,9.0,203,20.3,208,20.8,0.1071,865,86.5,865,4,0.4,38,1,1,0,0.68,0.67,4.26,3.4,9.23,7.91,0.8571,0.0197,-1.6,12.0,0,0,0,0,0,,,,,,173,588,1,35,30,277,3
119,Josh Downs,WR,WR43,IND,IND,16,16,138.4,8.65,109.4,6.84,80.4,5.03,159.0,43,55.0,-40.0,136,153,-1.95,-31.2,4.0,3.1,14.55,8.0,4.74,0.5476,17.7,1.3,0,0.0,9,0.5625,6,0.375,0,15.0,60,3.75,90,5.62,0.1746,564,35.25,564,4,0.25,36,0,0,0,2.31,1.54,9.4,-1.0,9.76,6.43,0.6591,0.0667,7.49,2.48,0,0,0,0,0,,,,,,2,-2,0,88,58,566,4
120,Marquise Brown,WR,WR44,KC,KC,16,16,137.7,8.61,113.2,7.07,88.7,5.54,161.0,44,56.0,-41.0,132,141,-1.99,-31.9,4.0,1.85,16.35,8.5,5.69,0.6608,20.5,0.0,1,0.0625,13,0.8125,6,0.375,0,8.0,49,3.06,74,4.62,0.142,587,36.69,587,5,0.31,29,0,0,0,2.81,1.86,11.98,,11.98,7.93,0.6622,0.102,11.3,3.88,0,0,0,0,0,,,,,,0,0,0,74,49,587,5
121,Omarion Hampton,RB,RB35,LAC,LAC,9,9,135.7,15.08,119.7,13.3,103.7,11.52,47.0,35,13.0,74.0,124,118,4.15,37.34,3.0,6.7,25.42,14.7,8.08,0.5356,27.5,3.5,3,0.3333,3,0.3333,6,0.6667,1,4.0,156,17.33,159,17.67,0.118,737,81.89,737,5,0.56,38,0,0,0,0.87,0.85,4.72,4.4,6.0,5.49,0.9143,0.0321,-1.54,7.66,0,0,0,0,0,,,,,,124,545,4,35,32,192,1
122,Jordan Addison,WR,WR45,MIN,MIN,14,14,135.1,9.65,114.1,8.15,93.1,6.65,145.0,45,50.0,-23.0,131,135,-0.95,-13.3,4.0,2.64,15.31,9.3,5.66,0.5867,21.8,0.0,1,0.0714,8,0.5714,7,0.5,0,11.0,44,3.14,81,5.79,0.1822,691,49.36,691,4,0.29,28,0,0,0,3.07,1.67,15.7,40.5,14.52,7.72,0.5316,0.0909,13.71,3.31,0,0,0,0,0,,,,,,2,81,1,79,42,610,3
123,Joe Burrow,QB,QB29,CIN,CIN,8,8,134.46,16.81,134.46,16.81,134.46,16.81,29.0,29,15.0,94.0,108,73,-0.67,-5.33,2.0,6.58,25.04,19.82,8.58,0.5105,28.96,5.5,1,0.125,3,0.375,5,0.625,2,3.0,14,1.75,14,1.75,0.0,41,5.12,1850,17,2.12,105,5,0,0,9.6,9.6,2.93,2.93,,,,0.0,,,173,259,1809,17,5,0.668,6.98,7.21,3.4,0.0616,14,41,0,0,0,0,0
124,Christian Watson,WR,WR46,GB,GB,10,10,132.4,13.24,114.9,11.49,97.4,9.74,71.0,46,19.0,53.0,128,129,2.64,26.4,4.0,5.68,22.56,11.2,7.67,0.5793,24.9,3.7,3,0.3,5,0.5,6,0.6,1,5.0,36,3.6,56,5.6,0.2031,614,61.4,614,6,0.6,28,0,0,0,3.68,2.36,17.06,3.0,17.46,11.11,0.6364,0.1667,17.76,3.37,0,0,0,0,0,,,,,,1,3,0,55,35,611,6
125,Oronde Gadsden II,TE,TE15,LAC,LAC,15,15,131.4,8.76,106.9,7.13,82.4,5.49,156.0,15,22.0,-31.0,142,151,-1.82,-27.34,3.0,1.98,16.1,6.1,7.54,0.8612,29.4,1.7,2,0.1333,8,0.5333,5,0.3333,2,1.0,49,3.27,69,4.6,0.1442,664,44.27,664,3,0.2,28,1,1,0,2.68,1.9,13.55,,13.55,9.62,0.7101,0.0612,9.04,4.51,0,0,0,0,0,,,,,,0,0,0,69,49,664,3
126,Mark Andrews,TE,TE16,BAL,BAL,17,17,131.0,7.71,107.0,6.29,83.0,4.88,182.0,16,27.0,-56.0,141,149,-2.88,-48.9,3.0,1.74,16.06,6.4,6.79,0.8806,27.1,1.4,3,0.1765,11,0.6471,4,0.2353,3,2.0,58,3.41,80,4.71,0.1707,470,27.65,470,6,0.35,31,0,0,0,2.26,1.64,8.1,4.8,8.79,6.03,0.6857,0.1034,7.26,2.1,0,0,0,0,0,,,,,,10,48,1,70,48,422,5
127,Mac Jones,QB,QB30,SF,SF,11,11,130.04,11.82,130.04,11.82,130.04,11.82,98.0,30,33.0,29.0,113,78,-5.65,-62.18,2.0,-0.3,22.18,13.26,9.29,0.7854,23.06,-0.3,0,0.0,6,0.5455,3,0.2727,0,6.0,36,3.27,36,3.27,0.0,60,5.45,2211,13,1.18,118,8,2,1,3.61,3.61,1.67,1.67,,,,0.0,,,201,289,2151,13,6,0.6955,7.44,7.35,2.17,0.0525,36,60,0,0,0,0,0
128,Colby Parkinson,TE,TE17,LA,LA,14,14,129.8,9.27,108.3,7.74,86.8,6.2,149.0,17,21.0,-21.0,138,144,-1.31,-18.35,3.0,0.9,17.95,8.55,7.27,0.7844,24.5,-0.6,2,0.1429,6,0.4286,7,0.5,3,4.0,43,3.07,56,4.0,0.1168,408,29.14,408,8,0.57,24,1,1,0,3.02,2.32,9.49,,9.49,7.29,0.7679,0.186,4.43,6.3,0,0,0,0,0,,,,,,0,0,0,56,43,408,8
129,Jayden Higgins,WR,WR47,HOU,HOU,17,17,129.5,7.62,109.0,6.41,88.5,5.21,184.0,47,63.0,-55.0,137,142,-2.98,-50.7,4.0,1.4,14.36,7.2,5.37,0.705,16.8,0.0,0,0.0,11,0.6471,8,0.4706,0,11.0,41,2.41,68,4.0,0.1238,525,30.88,525,6,0.35,28,0,0,0,3.16,1.9,12.8,,12.8,7.72,0.6029,0.1463,12.34,3.0,0,0,0,0,0,,,,,,0,0,0,68,41,525,6
130,Jordan Mason,RB,RB36,MIN,MIN,16,16,128.9,8.06,121.9,7.62,114.9,7.18,176.0,36,45.0,-46.0,121,102,-2.87,-45.97,3.0,2.5,12.15,7.15,5.5,0.6827,23.6,1.6,1,0.0625,10,0.625,5,0.3125,0,7.0,173,10.81,175,10.94,0.0351,809,50.56,809,6,0.38,46,1,1,0,0.75,0.74,4.68,4.77,3.64,3.19,0.875,0.0347,-3.25,7.29,0,0,0,0,0,,,,,,159,758,6,16,14,51,0
131,Chimere Dike,WR,WR48,TEN,TEN,17,17,128.1,7.54,104.1,6.12,80.1,4.71,188.0,48,65.0,-57.0,147,154,-3.06,-52.1,4.0,1.5,16.6,5.0,6.48,0.8596,21.4,-0.4,1,0.0588,11,0.6471,6,0.3529,0,10.0,59,3.47,85,5.0,0.139,441,25.94,441,6,0.35,20,0,0,0,2.17,1.51,7.47,1.64,8.81,5.72,0.6486,0.0678,8.09,4.58,0,0,0,0,0,,,,,,11,18,0,74,48,423,4
132,Luther Burden III,WR,WR49,CHI,CHI,15,15,127.9,8.53,104.4,6.96,80.9,5.39,165.0,49,58.0,-33.0,146,152,-2.07,-31.1,4.0,1.14,17.64,7.6,7.54,0.8844,27.8,0.7,1,0.0667,11,0.7333,6,0.4,1,1.0,53,3.53,66,4.4,0.1305,689,45.93,689,2,0.13,30,0,0,0,2.41,1.94,13.0,6.17,13.87,10.87,0.7833,0.0377,7.67,7.11,0,0,0,0,0,,,,,,6,37,0,60,47,652,2
133,Theo Johnson,TE,TE18,NYG,NYG,15,15,127.8,8.52,105.3,7.02,82.8,5.52,166.0,18,24.0,-33.0,144,150,-2.06,-30.94,3.0,1.7,15.16,7.4,5.82,0.6835,21.3,0.0,2,0.1333,7,0.4667,5,0.3333,1,3.0,45,3.0,74,4.93,0.1722,528,35.2,528,5,0.33,25,0,0,0,2.84,1.73,11.73,,11.73,7.14,0.6081,0.1111,8.32,4.16,0,0,0,0,0,,,,,,0,0,0,74,45,528,5
133,Marvin Harrison Jr.,WR,WR50,ARI,ARI,12,12,127.8,10.65,107.3,8.94,86.8,7.23,122.0,50,41.0,11.0,140,144,0.05,0.6,4.0,2.63,18.55,10.35,7.1,0.667,22.6,0.0,1,0.0833,6,0.5,6,0.5,0,6.0,41,3.42,73,6.08,0.1805,608,50.67,608,4,0.33,30,0,0,1,3.12,1.75,14.83,,14.83,8.33,0.5616,0.0976,12.96,2.9,0,0,0,0,0,,,,,,0,0,0,73,41,608,4
135,Cam Skattebo,RB,RB37,NYG,NYG,8,8,127.7,15.96,115.7,14.46,103.7,12.96,37.0,37,9.0,98.0,127,118,5.03,40.26,3.0,7.87,26.17,14.15,8.62,0.5399,31.0,2.9,2,0.25,2,0.25,7,0.875,2,4.0,125,15.62,133,16.62,0.1292,617,77.12,617,7,0.88,38,1,1,1,1.02,0.96,4.94,4.06,8.62,6.47,0.75,0.056,-0.16,8.71,0,0,0,0,0,,,,,,101,410,5,32,24,207,2
136,Zach Ertz,TE,TE19,WAS,WAS,13,13,126.4,9.72,101.4,7.8,76.4,5.88,143.0,19,19.0,-7.0,149,158,-0.86,-11.17,3.0,2.8,17.98,8.6,6.08,0.6258,20.6,0.0,3,0.2308,5,0.3846,3,0.2308,3,2.0,50,3.85,72,5.54,0.1929,504,38.77,504,4,0.31,25,0,0,1,2.53,1.76,10.08,,10.08,7.0,0.6944,0.08,9.11,2.46,0,0,0,0,0,,,,,,0,0,0,72,50,504,4
137,Dalton Kincaid,TE,TE20,BUF,BUF,12,12,126.1,10.51,106.6,8.88,87.1,7.26,127.0,20,14.0,10.0,143,143,-0.07,-0.89,3.0,3.54,17.52,8.8,6.56,0.6245,22.1,0.0,3,0.25,4,0.3333,5,0.4167,3,3.0,39,3.25,49,4.08,0.1493,571,47.58,571,5,0.42,27,0,0,0,3.23,2.57,14.64,,14.64,11.65,0.7959,0.1282,9.49,6.64,0,0,0,0,0,,,,,,0,0,0,49,39,571,5
138,Marcus Mariota,QB,QB31,WAS,WAS,10,10,125.5,12.55,125.5,12.55,125.5,12.55,82.0,31,31.0,56.0,115,85,-4.92,-49.24,2.0,3.12,20.58,15.08,8.22,0.655,23.26,-2.1,0,0.0,4,0.4,4,0.4,1,3.0,50,5.0,50,5.0,0.0,297,29.7,1992,11,1.1,91,10,3,1,2.51,2.51,5.94,5.94,,,,0.02,,,139,227,1695,10,7,0.6123,7.47,10.11,1.43,0.0658,50,297,1,0,0,0,0
139,Chuba Hubbard,RB,RB38,CAR,CAR,15,15,125.4,8.36,110.4,7.36,95.4,6.36,168.0,38,43.0,-29.0,133,132,-2.57,-38.54,3.0,2.62,18.38,7.5,6.15,0.7354,20.4,1.7,1,0.0667,12,0.8,3,0.2,1,5.0,164,10.93,173,11.53,0.0882,734,48.93,734,4,0.27,43,1,1,0,0.76,0.72,4.48,3.81,7.43,5.72,0.7692,0.0244,-1.03,9.7,0,0,0,0,0,,,,,,134,511,1,39,30,223,3
140,J.J. McCarthy,QB,QB32,MIN,MIN,10,10,125.38,12.54,125.38,12.54,125.38,12.54,83.0,32,32.0,57.0,116,86,-4.94,-49.36,2.0,2.59,22.35,11.52,8.45,0.674,23.5,0.48,0,0.0,5,0.5,3,0.3,0,7.0,37,3.7,37,3.7,0.0,181,18.1,1813,15,1.5,92,14,2,1,3.39,3.39,4.89,4.89,,,,0.1081,,,140,243,1632,11,12,0.5761,6.72,8.81,0.92,0.1,37,181,4,0,0,0,0
141,Kayshon Boutte,WR,WR51,NE,NE,14,14,124.1,8.86,107.6,7.69,91.1,6.51,154.0,51,53.0,-13.0,139,136,-1.74,-24.3,4.0,2.66,16.44,6.05,7.37,0.8317,26.3,0.0,1,0.0714,9,0.6429,5,0.3571,1,4.0,33,2.36,46,3.29,0.1198,551,39.36,551,6,0.43,27,0,0,0,3.76,2.7,16.7,,16.7,11.98,0.7174,0.1818,16.98,1.15,0,0,0,0,0,,,,,,0,0,0,46,33,551,6
142,Chig Okonkwo,TE,TE21,TEN,TEN,17,17,124.0,7.29,96.0,5.65,68.0,4.0,193.0,21,30.0,-51.0,153,175,-3.29,-55.9,3.0,1.88,12.76,7.3,4.48,0.6146,16.4,0.0,1,0.0588,8,0.4706,5,0.2941,1,5.0,56,3.29,79,4.65,0.1498,560,32.94,560,2,0.12,24,0,0,0,2.21,1.57,10.0,,10.0,7.09,0.7089,0.0357,4.63,6.11,0,0,0,0,0,,,,,,0,0,0,79,56,560,2
143,Tyler Allgeier,RB,RB39,ATL,ATL,17,17,123.0,7.24,116.0,6.82,109.0,6.41,196.0,39,50.0,-53.0,126,111,-3.69,-62.8,3.0,1.52,14.1,8.3,5.35,0.7394,17.7,0.6,0,0.0,12,0.7059,4,0.2353,0,9.0,157,9.24,159,9.35,0.0321,610,35.88,610,8,0.47,39,0,0,0,0.78,0.77,3.89,3.59,6.86,6.0,0.875,0.051,-1.62,8.57,0,0,0,0,0,,,,,,143,514,8,16,14,96,0
144,Cade Otton,TE,TE22,TB,TB,15,15,122.2,8.15,92.7,6.18,63.2,4.21,173.0,22,25.0,-29.0,162,188,-2.44,-36.54,3.0,3.14,15.72,6.1,5.98,0.7339,22.4,0.0,2,0.1333,8,0.5333,3,0.2,1,2.0,59,3.93,81,5.4,0.1739,572,38.13,572,1,0.07,25,0,0,0,2.07,1.51,9.69,,9.69,7.06,0.7284,0.0169,5.17,5.24,0,0,0,0,0,,,,,,0,0,0,81,59,572,1
144,Blake Corum,RB,RB40,LA,LA,17,17,122.2,7.19,118.2,6.95,114.2,6.72,197.0,40,51.0,-53.0,125,106,-3.74,-63.6,3.0,1.68,13.5,5.3,6.49,0.9033,26.1,1.3,1,0.0588,12,0.7059,4,0.2353,1,3.0,153,9.0,159,9.35,0.0226,782,46.0,782,6,0.35,46,0,0,0,0.8,0.77,5.11,5.14,4.5,2.57,0.5714,0.0392,1.79,4.62,0,0,0,0,0,,,,,,145,746,6,14,8,36,0
146,Jerry Jeudy,WR,WR52,CLE,CLE,17,17,120.7,7.1,95.7,5.63,70.7,4.16,199.0,52,70.0,-53.0,155,168,-3.5,-59.5,4.0,2.82,13.6,5.1,5.22,0.7347,19.8,0.0,0,0.0,13,0.7647,5,0.2941,0,11.0,51,3.0,107,6.29,0.2053,607,35.71,607,2,0.12,32,1,1,0,2.37,1.13,11.9,5.0,12.04,5.68,0.4717,0.0392,12.15,3.32,0,0,0,0,0,,,,,,1,5,0,106,50,602,2
147,Michael Penix Jr.,QB,QB33,ATL,ATL,9,9,120.28,13.36,120.28,13.36,120.28,13.36,70.0,33,29.0,77.0,123,95,-4.11,-36.99,2.0,5.0,23.0,12.24,7.29,0.5456,24.02,3.78,1,0.1111,5,0.5556,2,0.2222,0,10.0,21,2.33,21,2.33,0.0,70,7.78,2052,10,1.11,104,5,2,1,5.73,5.73,3.33,3.33,,,,0.0476,,,166,276,1982,9,3,0.6014,7.18,8.33,3.0,0.045,21,70,1,0,0,0,0
148,Aaron Jones,RB,RB41,MIN,MIN,12,12,118.7,9.89,104.7,8.72,90.7,7.56,137.0,41,32.0,11.0,145,139,-1.04,-12.45,3.0,4.55,15.66,10.3,4.51,0.4558,15.9,2.3,0,0.0,6,0.5,5,0.4167,0,12.0,160,13.33,173,14.42,0.1414,747,62.25,747,3,0.25,37,1,1,0,0.74,0.69,4.67,4.15,7.11,4.85,0.6829,0.0188,-0.61,8.11,0,0,0,0,0,,,,,,132,548,2,41,28,199,1
149,Brenton Strange,TE,TE23,JAX,JAX,12,12,118.0,9.83,95.0,7.92,72.0,6.0,140.0,23,18.0,9.0,157,165,-0.75,-8.99,3.0,3.71,14.84,10.2,4.74,0.4822,17.2,3.2,1,0.0833,4,0.3333,5,0.4167,2,4.0,46,3.83,60,5.0,0.1561,540,45.0,540,3,0.25,28,0,0,0,2.57,1.97,11.74,,11.74,9.0,0.7667,0.0652,6.9,5.37,0,0,0,0,0,,,,,,0,0,0,60,46,540,3
150,Kimani Vidal,RB,RB42,LAC,LAC,13,12,117.9,9.07,109.9,8.45,101.9,7.84,152.0,42,36.0,-2.0,135,124,-1.86,-24.18,3.0,1.28,20.5,5.8,8.35,0.9207,22.8,0.0,2,0.1538,8,0.6154,5,0.3846,1,4.0,171,13.15,177,13.62,0.0542,779,59.92,779,4,0.31,38,0,0,0,0.69,0.67,4.56,4.15,8.5,6.18,0.7273,0.0234,-0.64,10.62,0,0,0,0,0,,,,,,155,643,3,22,16,136,1
151,Tucker Kraft,TE,TE24,GB,GB,8,8,117.2,14.65,101.2,12.65,85.2,10.65,53.0,24,4.0,98.0,150,146,4.07,32.54,2.0,5.33,27.07,11.45,9.87,0.6738,33.3,4.0,3,0.375,2,0.25,4,0.5,2,1.0,33,4.12,45,5.62,0.1896,492,61.5,492,6,0.75,22,0,0,0,3.55,2.6,14.91,3.0,15.28,11.11,0.7273,0.1818,4.57,10.75,0,0,0,0,0,,,,,,1,3,0,44,32,489,6
152,Malik Washington,WR,WR53,MIA,MIA,17,17,116.7,6.86,93.7,5.51,70.7,4.16,203.0,53,72.0,-51.0,159,168,-3.74,-63.5,4.0,3.2,10.84,7.0,3.32,0.4836,13.6,1.5,0,0.0,14,0.8235,3,0.1765,0,20.0,63,3.71,82,4.82,0.1442,427,25.12,427,5,0.29,21,1,1,0,1.85,1.42,6.78,6.47,6.89,4.88,0.7077,0.0635,5.18,5.5,0,0,0,0,0,,,,,,17,110,1,65,46,317,3
153,Elic Ayomanor,WR,WR54,TEN,TEN,16,16,116.5,7.28,96.0,6.0,75.5,4.72,194.0,54,68.0,-41.0,153,161,-3.32,-53.1,4.0,2.9,13.75,7.0,4.24,0.5822,15.6,1.5,0,0.0,13,0.8125,4,0.25,0,21.0,41,2.56,89,5.56,0.1848,515,32.19,515,4,0.25,30,0,0,0,2.84,1.31,12.56,,12.56,5.79,0.4607,0.0976,12.65,2.8,0,0,0,0,0,,,,,,0,0,0,89,41,515,4
154,Cooper Kupp,WR,WR55,SEA,SEA,16,16,116.3,7.27,92.8,5.8,69.3,4.33,195.0,55,69.0,-41.0,161,172,-3.33,-53.3,4.0,2.85,11.95,6.0,4.05,0.5577,16.0,1.6,0,0.0,12,0.75,5,0.3125,0,21.0,47,2.94,70,4.38,0.1599,593,37.06,593,2,0.12,26,2,1,1,2.47,1.66,12.62,,12.62,8.47,0.6714,0.0426,7.6,6.23,0,1,0,0,1,0.0,0.0,9.0,0.0,0.0,0,0,0,70,47,593,2
155,J.K. Dobbins,RB,RB43,DEN,DEN,10,10,115.9,11.59,110.4,11.04,104.9,10.49,102.0,43,27.0,53.0,133,115,0.66,6.61,3.0,6.61,15.41,12.8,4.1,0.3538,15.5,4.0,0,0.0,4,0.4,6,0.6,0,14.0,164,16.4,167,16.7,0.0459,809,80.9,809,4,0.4,37,0,0,0,0.71,0.69,4.93,5.05,3.36,2.64,0.7857,0.0244,-2.14,5.09,0,0,0,0,0,,,,,,153,772,4,14,11,37,0
156,Jayden Daniels,QB,QB34,WAS,WAS,7,7,114.28,16.33,114.28,16.33,114.28,16.33,34.0,34,17.0,122.0,130,105,-1.15,-8.04,2.0,10.22,20.73,17.74,6.36,0.3898,21.64,2.72,0,0.0,1,0.1429,1,0.1429,0,6.0,58,8.29,58,8.29,0.0,278,39.71,1540,10,1.43,73,5,2,1,1.97,1.97,4.79,4.79,,,,0.0345,,,114,188,1262,8,3,0.6064,6.71,7.39,2.67,0.0874,58,278,2,0,0,0,0
157,Terry McLaurin,WR,WR56,WAS,WAS,10,10,114.2,11.42,95.2,9.52,76.2,7.62,108.0,56,37.0,49.0,156,160,0.82,8.2,4.0,6.86,16.57,10.1,5.1,0.4466,22.6,4.7,1,0.1,5,0.5,6,0.6,0,8.0,38,3.8,60,6.0,0.2323,582,58.2,582,3,0.3,33,0,0,0,3.01,1.9,15.32,,15.32,9.7,0.6333,0.0789,13.98,2.45,0,0,0,0,0,,,,,,0,0,0,60,38,582,3
158,Ryan Flournoy,WR,WR57,DAL,DAL,15,13,114.0,7.6,94.0,6.27,74.0,4.93,186.0,57,64.0,-28.0,158,163,-3.0,-45.0,4.0,0.0,15.76,6.4,7.23,0.9512,26.5,0.0,1,0.0667,12,0.8,3,0.2,1,5.0,44,2.93,60,4.0,0.1106,500,33.33,500,4,0.27,31,0,0,0,2.59,1.9,11.36,6.25,11.88,8.48,0.7143,0.0909,8.32,5.1,0,0,0,0,0,,,,,,4,25,0,56,40,475,4
159,Pat Freiermuth,TE,TE25,PIT,PIT,15,15,113.6,7.57,93.1,6.21,72.6,4.84,187.0,25,28.0,-28.0,160,164,-3.01,-45.14,3.0,2.42,11.38,6.1,6.45,0.8515,28.1,1.6,1,0.0667,9,0.6,3,0.2,1,3.0,41,2.73,54,3.6,0.1129,486,32.4,486,4,0.27,21,0,0,0,2.77,2.1,11.85,,11.85,9.0,0.7593,0.0976,5.98,6.22,0,0,0,0,0,,,,,,0,0,0,54,41,486,4
160,Mack Hollins,WR,WR58,NE,NE,14,14,113.4,8.1,90.4,6.46,67.4,4.81,175.0,58,61.0,-15.0,164,179,-2.5,-35.0,4.0,3.47,15.3,7.35,4.61,0.5697,16.6,1.3,0,0.0,10,0.7143,4,0.2857,0,15.0,47,3.36,66,4.71,0.1625,554,39.57,554,2,0.14,28,0,0,0,2.41,1.72,11.79,4.0,11.96,8.46,0.7077,0.0426,13.09,2.35,0,0,0,0,0,,,,,,1,4,0,65,46,550,2
161,T.J. Hockenson,TE,TE26,MIN,MIN,15,15,112.8,7.52,87.3,5.82,61.8,4.12,189.0,26,29.0,-28.0,169,190,-3.06,-45.94,3.0,2.44,11.38,7.9,4.04,0.5372,15.9,1.2,1,0.0667,7,0.4667,3,0.2,1,5.0,52,3.47,67,4.47,0.1594,438,29.2,438,3,0.2,22,0,0,0,2.17,1.68,8.42,0.0,8.59,6.64,0.7727,0.0577,4.98,4.29,0,0,0,0,0,,,,,,1,0,0,66,51,438,3
162,Tyjae Spears,RB,RB44,TEN,TEN,13,13,111.7,8.59,89.2,6.86,66.7,5.13,162.0,44,40.0,0.0,165,181,-2.34,-30.38,3.0,2.24,15.7,8.4,5.55,0.6461,21.5,1.1,1,0.0769,11,0.8462,4,0.3077,0,12.0,117,9.0,122,9.38,0.1228,547,42.08,547,2,0.15,26,0,0,0,0.95,0.92,4.68,3.93,5.87,5.28,0.9,0.0171,-2.3,8.02,0,0,0,0,0,,,,,,72,283,2,50,45,264,0
163,Xavier Worthy,WR,WR59,KC,KC,14,14,109.9,7.85,88.9,6.35,67.9,4.85,178.0,59,62.0,-15.0,166,176,-2.75,-38.5,4.0,1.72,11.31,8.15,4.52,0.5764,17.1,0.0,0,0.0,9,0.6429,5,0.3571,0,16.0,53,3.79,84,6.0,0.1606,619,44.21,619,1,0.07,26,0,0,0,2.07,1.31,11.68,7.91,12.67,7.29,0.5753,0.0189,12.93,4.6,0,0,0,0,0,,,,,,11,87,0,73,42,532,1
164,Devin Singletary,RB,RB45,NYG,NYG,17,17,108.8,6.4,99.8,5.87,90.8,5.34,215.0,45,56.0,-51.0,151,137,-4.53,-77.0,3.0,0.96,17.28,3.8,6.33,0.9887,19.2,0.2,0,0.0,12,0.7059,4,0.2353,0,7.0,137,8.06,138,8.12,0.04,588,34.59,588,5,0.29,31,0,0,1,0.79,0.79,4.29,3.67,8.39,7.95,0.9474,0.0365,-0.63,9.0,0,0,0,0,0,,,,,,119,437,5,19,18,151,0
165,Sam LaPorta,TE,TE27,DET,DET,9,9,106.9,11.88,86.9,9.66,66.9,7.43,95.0,27,7.0,70.0,171,180,1.3,11.66,3.0,5.38,20.5,10.3,6.45,0.5434,21.7,4.5,3,0.3333,3,0.3333,5,0.5556,4,4.0,40,4.44,49,5.44,0.1847,489,54.33,489,3,0.33,23,0,0,0,2.67,2.18,12.22,,12.22,9.98,0.8163,0.075,5.65,6.85,0,0,0,0,0,,,,,,0,0,0,49,40,489,3
166,Dawson Knox,TE,TE28,BUF,BUF,16,16,103.7,6.48,85.7,5.36,67.7,4.23,213.0,28,34.0,-47.0,173,177,-4.1,-65.62,3.0,2.25,13.85,4.35,5.22,0.8061,18.7,0.0,2,0.125,11,0.6875,3,0.1875,1,3.0,36,2.25,49,3.06,0.1104,417,26.06,417,4,0.25,23,0,0,1,2.88,2.12,11.58,,11.58,8.51,0.7347,0.1111,6.71,5.08,0,0,0,0,0,,,,,,0,0,0,49,36,417,4
167,Kirk Cousins,QB,QB35,ATL,ATL,10,10,103.54,10.35,103.54,10.35,103.54,10.35,131.0,35,41.0,36.0,148,120,-7.12,-71.2,2.0,2.02,18.51,9.17,8.03,0.7754,26.92,1.16,1,0.1,7,0.7,1,0.1,1,3.0,14,1.4,14,1.4,0.0,7,0.7,1728,11,1.1,90,6,1,0,7.4,7.4,0.5,0.5,,,,0.0714,,,166,269,1721,10,5,0.6171,6.4,6.95,2.0,0.0461,14,7,1,0,0,0,0
168,Evan Engram,TE,TE29,DEN,DEN,16,16,102.8,6.43,77.8,4.86,52.8,3.3,214.0,29,35.0,-46.0,186,210,-4.16,-66.52,3.0,2.2,11.6,6.5,3.91,0.6088,13.9,0.0,0,0.0,9,0.5625,2,0.125,0,6.0,51,3.19,77,4.81,0.1369,468,29.25,468,1,0.06,19,0,0,0,2.02,1.34,9.18,7.0,9.22,6.07,0.6579,0.0196,4.36,6.04,0,0,0,0,0,,,,,,1,7,0,76,50,461,1
169,Keon Coleman,WR,WR60,BUF,BUF,12,12,102.4,8.53,83.4,6.95,64.4,5.37,164.0,60,57.0,5.0,177,185,-2.07,-24.8,4.0,3.74,13.27,6.75,6.05,0.7091,25.2,3.6,1,0.0833,9,0.75,3,0.25,1,2.0,38,3.17,59,4.92,0.1668,404,33.67,404,4,0.33,26,1,1,1,2.69,1.74,10.63,,10.63,6.85,0.6441,0.1053,11.17,2.32,0,0,0,0,0,,,,,,0,0,0,59,38,404,4
170,Jalen Nailor,WR,WR61,MIN,MIN,17,17,100.7,5.92,86.2,5.07,71.7,4.22,228.0,61,88.0,-58.0,172,166,-4.68,-79.5,4.0,0.0,13.32,5.7,6.66,1.1236,23.4,0.0,1,0.0588,15,0.8824,2,0.1176,1,4.0,31,1.82,55,3.24,0.1165,457,26.88,457,4,0.24,24,0,0,1,3.25,1.83,14.74,6.5,15.31,8.38,0.5472,0.129,12.38,3.86,0,0,0,0,0,,,,,,2,13,0,53,29,444,4
170,Alvin Kamara,RB,RB46,NO,NO,11,11,100.7,9.15,84.2,7.65,67.7,6.15,151.0,46,35.0,19.0,175,177,-1.77,-19.52,3.0,3.5,14.5,9.5,4.9,0.535,16.0,0.7,0,0.0,6,0.5455,4,0.3636,0,14.0,164,14.91,170,15.45,0.1167,657,59.73,657,1,0.09,28,2,2,0,0.61,0.59,4.01,3.6,5.64,4.77,0.8462,0.0061,0.85,6.12,0,0,0,0,0,,,,,,131,471,1,39,33,186,0
172,Ty Johnson,RB,RB47,BUF,BUF,17,17,100.3,5.9,88.3,5.19,76.3,4.49,230.0,47,58.0,-58.0,167,159,-5.03,-85.5,3.0,0.6,12.0,5.5,5.29,0.8958,19.6,0.0,0,0.0,15,0.8824,3,0.1765,0,6.0,74,4.35,83,4.88,0.0685,463,27.24,463,5,0.29,24,0,0,0,1.36,1.21,6.26,4.0,10.96,7.97,0.7273,0.0676,-1.18,12.54,0,0,0,0,0,,,,,,50,200,3,33,24,263,2
173,Garrett Wilson,WR,WR62,NYJ,NYJ,7,7,99.5,14.21,81.5,11.64,63.5,9.07,60.0,62,15.0,113.0,181,187,3.61,25.3,4.0,2.58,23.26,19.1,9.66,0.6794,24.4,0.0,3,0.4286,3,0.4286,4,0.5714,1,2.0,36,5.14,59,8.43,0.3539,395,56.43,395,4,0.57,18,0,0,0,2.76,1.69,10.97,,10.97,6.69,0.6102,0.1111,9.07,2.78,0,0,0,0,0,,,,,,0,0,0,59,36,395,4
174,Spencer Rattler,QB,QB36,NO,NO,9,9,99.14,11.02,98.64,10.96,98.14,10.9,116.0,36,38.0,58.0,152,127,-6.46,-58.13,2.0,2.11,17.22,11.46,6.52,0.5923,21.68,0.0,0,0.0,7,0.7778,1,0.1111,0,9.0,32,3.56,33,3.67,0.008,167,18.56,1753,8,0.89,91,7,2,0,3.1,3.0,5.22,5.39,0.0,0.0,0.5,0.0,2.0,0.0,174,257,1586,8,5,0.677,6.17,7.9,1.6,0.0655,31,167,0,2,1,0,0
175,Michael Carter,RB,RB48,ARI,ARI,13,13,99.0,7.62,82.5,6.35,66.0,5.08,185.0,48,48.0,-10.0,178,182,-3.31,-43.08,3.0,1.34,13.0,6.9,4.89,0.6415,18.3,0.1,0,0.0,10,0.7692,2,0.1538,0,9.0,125,9.62,137,10.54,0.0917,600,46.15,600,1,0.08,31,0,0,0,0.79,0.72,4.8,3.62,8.09,5.93,0.7333,0.008,1.67,7.79,0,0,0,0,0,,,,,,92,333,1,45,33,267,0
176,Darius Slayton,WR,WR63,NYG,NYG,14,14,98.8,7.06,80.3,5.74,61.8,4.41,200.0,63,71.0,-24.0,183,190,-3.54,-49.6,4.0,2.25,12.39,7.2,4.12,0.5844,14.1,0.0,0,0.0,11,0.7857,4,0.2857,0,19.0,37,2.64,63,4.5,0.1546,538,38.43,538,1,0.07,23,1,1,2,2.67,1.57,14.54,,14.54,8.54,0.5873,0.027,13.38,5.35,0,0,0,0,0,,,,,,0,0,0,63,37,538,1
177,Xavier Hutchinson,WR,WR64,HOU,HOU,16,16,98.0,6.12,80.5,5.03,63.0,3.94,222.0,64,82.0,-45.0,182,189,-4.48,-71.6,4.0,1.15,15.1,4.9,5.37,0.8767,17.9,0.0,0,0.0,13,0.8125,3,0.1875,0,9.0,38,2.38,60,3.75,0.112,450,28.12,450,3,0.19,21,0,0,0,2.58,1.63,11.84,7.33,12.23,7.51,0.614,0.0789,10.25,4.17,0,0,0,0,0,,,,,,3,22,0,57,35,428,3
178,DeMario Douglas,WR,WR65,NE,NE,16,16,95.8,5.99,80.3,5.02,64.8,4.05,225.0,65,85.0,-47.0,183,183,-4.61,-73.8,4.0,1.7,12.15,5.15,5.2,0.8686,20.0,0.5,1,0.0625,14,0.875,2,0.125,0,10.0,38,2.38,53,3.31,0.0976,468,29.25,468,3,0.19,19,0,0,0,2.52,1.81,12.32,3.0,14.42,9.72,0.6739,0.0789,9.67,6.9,0,0,0,0,0,,,,,,7,21,0,46,31,447,3
179,Marvin Mims Jr.,WR,WR66,DEN,DEN,15,15,95.0,6.33,76.5,5.1,58.0,3.87,216.0,66,77.0,-37.0,190,198,-4.27,-64.0,4.0,1.56,13.64,4.2,5.54,0.8746,20.5,0.2,1,0.0667,12,0.8,2,0.1333,0,9.0,49,3.27,63,4.2,0.0994,400,26.67,400,3,0.2,17,0,0,0,1.94,1.51,8.16,6.5,8.7,6.31,0.7255,0.0408,9.37,6.24,0,0,0,0,0,,,,,,12,78,1,51,37,322,1
180,Emanuel Wilson,RB,RB49,GB,GB,17,16,94.5,5.56,87.0,5.12,79.5,4.68,243.0,49,61.0,-63.0,170,155,-5.37,-91.3,3.0,0.36,12.58,2.5,6.94,1.2484,26.5,0.0,1,0.0588,13,0.7647,3,0.1765,1,3.0,140,8.24,142,8.35,0.0373,595,35.0,595,3,0.18,37,0,0,1,0.68,0.67,4.25,3.97,6.6,5.82,0.8824,0.0214,-1.88,8.87,0,0,0,0,0,,,,,,125,496,3,17,15,99,0
181,Jake Tonges,TE,TE30,SF,SF,10,9,93.3,9.33,76.3,7.63,59.3,5.93,148.0,30,20.0,33.0,191,196,-1.25,-12.52,3.0,1.53,17.29,8.85,6.44,0.6904,19.0,0.0,2,0.2,3,0.3,4,0.4,1,3.0,34,3.4,46,4.6,0.1218,293,29.3,293,5,0.5,21,0,0,0,2.74,2.03,8.62,,8.62,6.37,0.7391,0.1471,5.07,4.21,0,0,0,0,0,,,,,,0,0,0,46,34,293,5
182,Bam Knight,RB,RB50,ARI,ARI,12,10,92.9,7.74,81.9,6.82,70.9,5.91,181.0,50,46.0,1.0,179,167,-3.19,-38.25,3.0,0.0,14.37,8.05,5.9,0.7616,16.8,-0.2,0,0.0,8,0.6667,5,0.4167,0,14.0,104,8.67,113,9.42,0.0633,429,35.75,429,5,0.42,31,1,1,0,0.89,0.82,4.12,3.28,7.27,5.16,0.7097,0.0481,1.19,6.86,0,0,0,0,0,,,,,,82,269,4,31,22,160,1
183,Tez Johnson,WR,WR67,TB,TB,15,15,92.4,6.16,78.4,5.23,64.4,4.29,220.0,67,80.0,-37.0,185,185,-4.44,-66.6,4.0,0.0,14.4,3.2,6.51,1.0564,20.2,0.0,1,0.0667,11,0.7333,4,0.2667,0,10.0,35,2.33,51,3.4,0.0916,344,22.93,344,5,0.33,16,0,0,0,2.64,1.81,9.83,3.14,11.5,7.32,0.6364,0.1429,11.73,3.93,0,0,0,0,0,,,,,,7,22,0,44,28,322,5
184,Kendrick Bourne,WR,WR68,SF,SF,14,14,92.1,6.58,73.6,5.26,55.1,3.94,211.0,68,76.0,-27.0,193,202,-4.02,-56.3,4.0,0.81,15.78,4.55,6.89,1.0475,24.2,0.0,1,0.0714,12,0.8571,2,0.1429,0,6.0,37,2.64,53,3.79,0.108,551,39.36,551,0,0.0,27,0,0,0,2.49,1.74,14.89,,14.89,10.4,0.6981,0.0,11.02,4.46,0,0,0,0,0,,,,,,0,0,0,53,37,551,0
185,Chris Rodriguez Jr.,RB,RB51,WAS,WAS,12,12,92.0,7.67,90.5,7.54,89.0,7.42,183.0,51,47.0,2.0,163,140,-3.26,-39.15,3.0,1.02,13.76,7.4,4.84,0.6313,15.3,0.2,0,0.0,8,0.6667,3,0.25,0,13.0,115,9.58,116,9.67,0.0133,530,44.17,530,6,0.5,33,0,0,0,0.8,0.79,4.61,4.46,10.0,7.5,0.75,0.0522,4.0,8.67,0,0,0,0,0,,,,,,112,500,6,4,3,30,0
186,Gunnar Helm,TE,TE31,TEN,TEN,16,16,91.7,5.73,69.7,4.36,47.7,2.98,237.0,31,38.0,-51.0,206,221,-4.85,-77.62,3.0,2.0,10.7,4.6,3.99,0.6959,14.9,1.1,0,0.0,10,0.625,3,0.1875,0,8.0,44,2.75,55,3.44,0.1065,357,22.31,357,2,0.12,17,0,0,0,2.08,1.67,8.11,,8.11,6.49,0.8,0.0455,5.51,3.61,0,0,0,0,0,,,,,,0,0,0,55,44,357,2
187,Sean Tucker,RB,RB52,TB,TB,17,14,91.4,5.38,87.4,5.14,83.4,4.91,248.0,52,62.0,-61.0,168,148,-5.55,-94.4,3.0,0.0,9.42,2.9,8.24,1.5317,34.0,-0.4,1,0.0588,15,0.8824,2,0.1176,1,2.0,94,5.53,97,5.71,0.0189,354,20.82,354,8,0.47,23,0,0,0,0.97,0.94,3.77,3.72,4.25,3.09,0.7273,0.0851,-0.91,6.12,0,0,0,0,0,,,,,,86,320,7,11,8,34,1
188,Jalen Coker,WR,WR69,CAR,CAR,11,11,90.4,8.22,73.9,6.72,57.4,5.22,172.0,69,59.0,16.0,192,199,-2.38,-26.2,4.0,1.9,16.7,6.6,5.87,0.7137,17.4,0.0,0,0.0,7,0.6364,4,0.3636,0,12.0,33,3.0,43,3.91,0.154,394,35.82,394,3,0.27,22,1,1,1,2.74,2.1,11.94,,11.94,9.16,0.7674,0.0909,10.12,3.09,0,0,0,0,0,,,,,,0,0,0,43,33,394,3
189,Andrei Iosivas,WR,WR70,CIN,CIN,15,15,89.9,5.99,73.4,4.89,56.9,3.79,224.0,70,84.0,-35.0,194,200,-4.61,-69.1,4.0,0.6,12.16,3.7,5.18,0.8646,18.0,0.0,0,0.0,12,0.8,3,0.2,0,13.0,36,2.4,61,4.07,0.102,449,29.93,449,2,0.13,24,0,0,0,2.5,1.47,12.47,4.67,13.18,7.5,0.569,0.0556,10.45,3.12,0,0,0,0,0,,,,,,3,14,0,58,33,435,2
190,Xavier Legette,WR,WR71,CAR,CAR,15,15,89.3,5.95,71.8,4.79,54.3,3.62,227.0,71,87.0,-37.0,195,207,-4.65,-69.7,4.0,0.92,15.42,3.7,6.86,1.1524,24.2,0.0,1,0.0667,12,0.8,2,0.1333,0,8.0,36,2.4,65,4.33,0.143,363,24.2,363,3,0.2,18,0,0,0,2.48,1.37,10.08,0.0,10.37,5.67,0.5469,0.0833,9.89,2.14,0,0,0,0,0,,,,,,1,0,0,64,35,363,3
191,Mason Taylor,TE,TE32,NYJ,NYJ,13,13,88.9,6.84,66.9,5.15,44.9,3.45,204.0,32,33.0,-13.0,210,232,-3.74,-48.67,3.0,1.42,13.82,5.8,5.2,0.7602,17.7,1.2,1,0.0769,9,0.6923,3,0.2308,0,7.0,44,3.38,65,5.0,0.172,369,28.38,369,1,0.08,23,0,0,1,2.02,1.37,8.39,,8.39,5.68,0.6769,0.0227,5.77,3.02,0,0,0,0,0,,,,,,0,0,0,65,44,369,1
192,Darren Waller,TE,TE33,MIA,MIA,9,8,88.7,9.86,76.7,8.52,64.7,7.19,138.0,33,17.0,54.0,189,184,-0.73,-6.54,3.0,0.8,20.16,7.0,8.91,0.9038,25.6,0.0,3,0.3333,5,0.5556,3,0.3333,2,3.0,25,2.78,35,3.89,0.1463,287,31.89,287,6,0.67,20,0,0,0,3.55,2.53,11.48,4.0,11.79,8.32,0.7059,0.24,10.56,3.04,0,0,0,0,0,,,,,,1,4,0,34,24,283,6
193,Bhayshul Tuten,RB,RB53,JAX,JAX,15,15,88.6,5.91,83.6,5.57,78.6,5.24,229.0,53,57.0,-36.0,176,156,-5.02,-75.34,3.0,1.34,11.88,4.8,4.92,0.8326,15.4,-1.5,0,0.0,13,0.8667,3,0.2,0,17.0,93,6.2,97,6.47,0.0297,386,25.73,386,7,0.47,26,1,1,0,0.95,0.91,4.15,3.7,7.9,5.64,0.7143,0.0753,0.57,8.0,0,0,0,0,0,,,,,,83,307,5,14,10,79,2
193,Ricky Pearsall,WR,WR72,SF,SF,9,9,88.6,9.84,70.6,7.84,52.6,5.84,139.0,72,48.0,54.0,201,211,-0.76,-6.8,4.0,2.44,16.42,9.2,6.51,0.6618,19.7,1.0,0,0.0,5,0.5556,4,0.4444,0,11.0,38,4.22,55,6.11,0.1796,526,58.44,526,0,0.0,28,0,0,0,2.33,1.61,13.84,-1.0,14.67,9.96,0.6792,0.0,14.11,2.06,0,0,0,0,0,,,,,,2,-2,0,53,36,528,0
195,Nick Chubb,RB,RB54,HOU,HOU,15,15,88.3,5.89,81.8,5.45,75.3,5.02,232.0,54,59.0,-37.0,180,162,-5.04,-75.64,3.0,0.86,11.02,6.0,4.38,0.7435,15.2,0.1,0,0.0,13,0.8667,2,0.1333,0,18.0,135,9.0,142,9.47,0.0396,573,38.2,573,3,0.2,21,0,0,0,0.65,0.62,4.24,4.15,5.15,3.35,0.65,0.0222,0.75,4.85,0,0,0,0,0,,,,,,122,506,3,20,13,67,0
196,Adonai Mitchell,WR,WR73,NYJ,IND/NYJ,16,16,87.9,5.49,71.4,4.46,54.9,3.43,245.0,73,94.0,-49.0,197,203,-5.11,-81.7,4.0,0.0,14.0,3.7,6.79,1.2356,24.2,0.0,1,0.0625,13,0.8125,3,0.1875,1,5.0,34,2.12,75,4.69,0.1534,449,28.06,449,2,0.12,15,1,1,0,2.59,1.17,13.21,-4.0,13.73,6.12,0.4459,0.0588,14.89,2.42,0,0,0,0,0,,,,,,1,-4,0,74,33,453,2
197,Dylan Sampson,RB,RB55,CLE,CLE,15,15,87.6,5.84,71.1,4.74,54.6,3.64,233.0,55,60.0,-36.0,199,205,-5.09,-76.34,3.0,0.48,14.08,4.4,5.6,0.9586,17.3,-0.2,0,0.0,12,0.8,2,0.1333,0,9.0,98,6.53,105,7.0,0.0868,446,29.73,446,2,0.13,20,1,1,0,0.89,0.83,4.55,2.69,8.21,6.78,0.825,0.0204,-1.55,9.64,0,0,0,0,0,,,,,,65,175,0,40,33,271,2
198,Isiah Pacheco,RB,RB56,KC,KC,13,13,87.3,6.72,77.8,5.98,68.3,5.25,207.0,56,52.0,-9.0,186,174,-4.21,-54.78,3.0,3.04,12.72,5.8,3.89,0.58,13.5,2.1,0,0.0,10,0.7692,3,0.2308,0,17.0,137,10.54,144,11.08,0.068,563,43.31,563,2,0.15,31,0,0,0,0.64,0.61,4.11,3.92,5.32,3.88,0.7308,0.0146,-1.04,6.37,0,0,0,0,0,,,,,,118,462,1,26,19,101,1
199,David Njoku,TE,TE34,CLE,CLE,11,11,86.3,7.85,69.8,6.35,53.3,4.85,179.0,34,26.0,20.0,205,209,-2.74,-30.11,3.0,2.4,13.7,7.1,5.05,0.6431,18.7,1.7,1,0.0909,5,0.4545,3,0.2727,0,7.0,33,3.0,48,4.36,0.1247,293,26.64,293,4,0.36,11,0,0,0,2.62,1.8,8.88,,8.88,6.1,0.6875,0.1212,5.27,4.85,0,0,0,0,0,,,,,,0,0,0,48,33,293,4
200,Calvin Austin III,WR,WR74,PIT,PIT,14,14,86.2,6.16,70.7,5.05,55.2,3.94,221.0,74,81.0,-21.0,200,201,-4.44,-62.2,4.0,0.45,13.87,3.75,5.5,0.8937,17.0,0.0,0,0.0,10,0.7143,4,0.2857,0,14.0,31,2.21,55,3.93,0.1309,372,26.57,372,3,0.21,15,0,0,0,2.78,1.57,12.0,,12.0,6.76,0.5636,0.0968,11.0,4.13,0,0,0,0,0,,,,,,0,0,0,55,31,372,3
201,Jonnu Smith,TE,TE35,PIT,PIT,17,17,85.2,5.01,66.2,3.89,47.2,2.78,256.0,35,42.0,-55.0,213,223,-5.57,-94.7,3.0,0.84,11.08,5.3,3.92,0.7815,12.5,0.0,0,0.0,13,0.7647,1,0.0588,0,10.0,47,2.76,63,3.71,0.1061,292,17.18,292,3,0.18,13,0,0,0,1.81,1.35,6.21,7.78,5.84,4.11,0.7037,0.0638,4.33,4.71,0,0,0,0,0,,,,,,9,70,1,54,38,222,2
202,Shedeur Sanders,QB,QB37,CLE,CLE,8,8,84.9,10.61,84.9,10.61,84.9,10.61,123.0,37,40.0,79.0,174,147,-6.86,-54.89,2.0,2.88,17.86,9.85,9.92,0.935,33.46,1.48,1,0.125,7,0.875,1,0.125,1,2.0,21,2.62,21,2.62,0.0,169,21.12,1569,8,1.0,61,11,1,0,4.04,4.04,8.05,8.05,,,,0.0476,,,120,212,1400,7,10,0.566,6.6,7.19,0.7,0.0979,21,169,1,0,0,0,0
203,Olamide Zaccheaus,WR,WR75,CHI,CHI,14,14,84.8,6.06,65.3,4.66,45.8,3.27,223.0,75,83.0,-20.0,214,228,-4.54,-63.6,4.0,1.53,9.94,5.05,4.6,0.7593,17.8,0.0,0,0.0,12,0.8571,2,0.1429,0,14.0,43,3.07,69,4.93,0.147,338,24.14,338,2,0.14,16,0,0,0,1.97,1.23,7.86,6.25,8.03,4.82,0.6,0.0465,7.11,3.54,0,0,0,0,0,,,,,,4,25,0,65,39,313,2
203,Mike Evans,WR,WR75,TB,TB,8,8,84.8,10.6,69.8,8.73,54.8,6.85,124.0,75,42.0,79.0,204,204,0.0,0.0,4.0,3.78,15.63,11.35,5.8,0.5471,19.2,0.0,0,0.0,2,0.25,4,0.5,0,11.0,30,3.75,62,7.75,0.2434,368,46.0,368,3,0.38,23,0,0,0,2.83,1.37,12.27,,12.27,5.94,0.4839,0.1,13.29,1.23,0,0,0,0,0,,,,,,0,0,0,62,30,368,3
205,KaVontae Turpin,WR,WR77,DAL,DAL,15,15,84.5,5.63,71.5,4.77,58.5,3.9,242.0,77,92.0,-37.0,196,197,-4.97,-74.5,4.0,0.88,12.7,4.7,4.65,0.8256,15.6,0.7,0,0.0,13,0.8667,2,0.1333,0,14.0,43,2.87,55,3.67,0.0693,485,32.33,485,2,0.13,19,1,1,0,1.97,1.54,11.28,5.24,15.23,10.42,0.6842,0.0465,8.92,8.23,0,0,0,0,0,,,,,,17,89,0,38,26,396,2
206,Chris Godwin Jr.,WR,WR78,TB,TB,9,9,83.0,9.22,66.5,7.39,50.0,5.56,150.0,78,52.0,56.0,211,217,-1.38,-12.4,4.0,2.68,15.96,8.0,6.73,0.7297,23.8,1.8,1,0.1111,5,0.5556,4,0.4444,1,4.0,33,3.67,51,5.67,0.1791,360,40.0,360,2,0.22,21,0,0,1,2.52,1.63,10.91,,10.91,7.06,0.6471,0.0606,7.08,6.24,0,0,0,0,0,,,,,,0,0,0,51,33,360,2
207,Darnell Mooney,WR,WR79,ATL,ATL,15,15,82.3,5.49,66.3,4.42,50.3,3.35,246.0,79,95.0,-39.0,212,215,-5.11,-76.7,4.0,2.26,9.24,4.5,3.83,0.6972,16.4,1.6,0,0.0,14,0.9333,2,0.1333,0,16.0,32,2.13,72,4.8,0.1622,443,29.53,443,1,0.07,25,0,0,0,2.57,1.14,13.84,,13.84,6.15,0.4444,0.0312,14.15,2.28,0,0,0,0,0,,,,,,0,0,0,72,32,443,1
208,Sterling Shepard,WR,WR80,TB,TB,13,13,82.0,6.31,62.5,4.81,43.0,3.31,217.0,80,78.0,-9.0,216,236,-4.29,-55.8,4.0,1.56,11.54,6.9,3.63,0.5753,12.0,1.5,0,0.0,10,0.7692,3,0.2308,0,30.0,43,3.31,57,4.38,0.1268,390,30.0,390,1,0.08,19,1,1,0,1.91,1.44,9.07,4.75,9.51,7.0,0.7358,0.0233,8.55,3.82,0,0,0,0,0,,,,,,4,19,0,53,39,371,1
209,Tyquan Thornton,WR,WR81,KC,KC,12,11,80.8,6.73,71.3,5.94,61.8,5.15,206.0,81,74.0,3.0,198,190,-3.87,-46.4,4.0,0.0,13.71,6.4,5.71,0.8474,18.1,0.0,0,0.0,9,0.75,3,0.25,0,15.0,19,1.58,37,3.08,0.0903,438,36.5,438,3,0.25,15,0,0,0,4.25,2.18,23.05,,23.05,11.84,0.5135,0.1579,26.89,3.11,0,0,0,0,0,,,,,,0,0,0,37,19,438,3
210,Cole Kmet,TE,TE36,CHI,CHI,16,16,78.7,4.92,63.7,3.98,48.7,3.04,261.0,36,43.0,-51.0,215,220,-5.66,-90.62,3.0,1.4,8.75,4.45,3.24,0.6589,12.6,1.0,0,0.0,12,0.75,2,0.125,0,8.0,30,1.88,48,3.0,0.0958,347,21.69,347,2,0.12,17,0,0,1,2.62,1.64,11.57,,11.57,7.23,0.625,0.0667,8.77,4.97,0,1,0,0,0,0.0,0.0,13.0,,0.0,0,0,0,48,30,347,2
211,Samaje Perine,RB,RB57,CIN,CIN,15,14,77.9,5.19,69.4,4.63,60.9,4.06,251.0,57,64.0,-40.0,207,193,-5.74,-86.04,3.0,0.22,10.58,4.9,4.74,0.9135,17.0,0.0,0,0.0,13,0.8667,1,0.0667,0,14.0,101,6.73,105,7.0,0.0414,469,31.27,469,3,0.2,37,2,2,0,0.77,0.74,4.64,4.55,5.12,4.14,0.8095,0.0297,-1.52,6.41,0,0,0,0,0,,,,,,84,382,3,21,17,87,0
212,Kyler Murray,QB,QB38,ARI,ARI,5,5,77.78,15.56,77.78,15.56,77.78,15.56,42.0,38,22.0,170.0,188,157,-1.92,-9.59,2.0,14.02,17.43,15.3,1.78,0.1144,18.32,14.0,0,0.0,1,0.2,0,0.0,0,14.0,29,5.8,29,5.8,0.0,173,34.6,1135,7,1.4,60,4,1,0,2.68,2.68,5.97,5.97,,,,0.0345,,,110,161,962,6,3,0.6832,5.98,5.84,2.0,0.0904,29,173,1,0,0,0,0
213,Isaac TeSlaa,WR,WR82,DET,DET,14,14,75.9,5.42,67.9,4.85,59.9,4.28,247.0,82,96.0,-34.0,209,194,-5.18,-72.5,4.0,0.0,13.18,3.35,5.61,1.0341,15.2,0.0,0,0.0,11,0.7857,4,0.2857,0,19.0,16,1.14,27,1.93,0.0572,239,17.07,239,6,0.43,14,0,0,0,4.74,2.81,14.94,,14.94,8.85,0.5926,0.375,13.04,3.44,0,0,0,0,0,,,,,,0,0,0,27,16,239,6
214,Dontayvion Wicks,WR,WR83,GB,GB,13,13,75.8,5.83,60.8,4.68,45.8,3.52,234.0,83,89.0,-20.0,217,228,-4.77,-62.0,4.0,1.62,8.28,3.9,7.02,1.2039,28.0,1.5,1,0.0769,12,0.9231,1,0.0769,1,3.0,31,2.38,47,3.62,0.1281,338,26.0,338,2,0.15,21,0,0,0,2.45,1.61,10.9,6.0,11.07,7.22,0.6522,0.0645,11.24,2.23,0,0,0,0,0,,,,,,1,6,0,46,30,332,2
215,Greg Dortch,WR,WR84,ARI,ARI,12,12,75.1,6.26,60.6,5.05,46.1,3.84,218.0,84,79.0,-3.0,219,226,-4.34,-52.1,4.0,1.02,16.11,3.3,6.02,0.9621,18.6,0.8,0,0.0,10,0.8333,3,0.25,0,12.0,36,3.0,40,3.33,0.0681,221,18.42,221,4,0.33,11,0,0,0,2.09,1.88,6.14,2.14,7.1,6.24,0.8788,0.1111,1.76,6.69,0,0,0,0,0,,,,,,7,15,1,33,29,206,3
216,Pat Bryant,WR,WR85,DEN,DEN,13,12,74.8,5.75,59.3,4.56,43.8,3.37,235.0,85,90.0,-19.0,222,234,-4.85,-63.0,4.0,0.32,11.44,5.3,4.14,0.7189,13.2,0.0,0,0.0,11,0.8462,2,0.1538,0,19.0,31,2.38,49,3.77,0.1096,378,29.08,378,1,0.08,22,0,0,0,2.41,1.53,12.19,,12.19,7.71,0.6327,0.0323,8.37,4.74,0,0,0,0,0,,,,,,0,0,0,49,31,378,1
217,Noah Fant,TE,TE37,CIN,CIN,13,13,74.8,5.75,57.8,4.45,40.8,3.14,236.0,37,37.0,-19.0,228,247,-4.83,-62.77,3.0,0.26,12.24,5.8,4.73,0.8214,14.4,-0.5,0,0.0,9,0.6923,2,0.1538,0,9.0,34,2.62,41,3.15,0.0915,288,22.15,288,3,0.23,13,3,3,0,2.2,1.82,8.47,,8.47,7.02,0.8293,0.0882,3.34,5.12,0,0,0,0,0,,,,,,0,0,0,41,34,288,3
218,Michael Mayer,TE,TE38,LV,LV,13,12,73.8,5.68,56.3,4.33,38.8,2.98,240.0,38,39.0,-22.0,231,258,-4.91,-63.77,3.0,0.4,14.36,4.3,5.6,0.9869,17.9,0.0,2,0.1538,9,0.6923,2,0.1538,1,4.0,35,2.69,50,3.85,0.1372,328,25.23,328,1,0.08,18,0,0,0,2.11,1.48,9.37,,9.37,6.56,0.7,0.0286,4.8,5.6,0,0,0,0,0,,,,,,0,0,0,50,35,328,1
219,JuJu Smith-Schuster,WR,WR86,KC,KC,17,16,73.5,4.32,57.0,3.35,40.5,2.38,283.0,86,112.0,-64.0,229,249,-6.28,-106.7,4.0,0.0,9.9,3.3,4.1,0.9491,13.6,0.0,0,0.0,15,0.8824,1,0.0588,0,24.0,33,1.94,45,2.65,0.0863,345,20.29,345,1,0.06,19,0,0,0,2.23,1.63,10.45,,10.45,7.67,0.7333,0.0303,5.42,5.79,0,0,0,0,0,,,,,,0,0,0,45,33,345,1
220,Darnell Washington,TE,TE39,PIT,PIT,13,13,73.4,5.65,57.9,4.45,42.4,3.26,241.0,39,40.0,-21.0,227,241,-4.94,-64.17,3.0,2.26,9.2,5.0,2.91,0.516,10.7,2.0,0,0.0,9,0.6923,1,0.0769,0,9.0,31,2.38,43,3.31,0.112,364,28.0,364,1,0.08,16,1,1,1,2.37,1.71,11.74,,11.74,8.47,0.7209,0.0323,5.63,7.39,0,0,0,0,0,,,,,,0,0,0,43,31,364,1
221,Jeremy McNichols,RB,RB58,WAS,WAS,16,16,72.7,4.54,60.2,3.76,47.7,2.98,275.0,58,69.0,-54.0,220,221,-6.39,-102.17,3.0,1.2,9.15,3.95,3.78,0.8316,13.8,0.0,0,0.0,14,0.875,2,0.125,0,17.0,69,4.31,75,4.69,0.0782,417,26.06,417,1,0.06,23,1,1,1,1.05,0.97,6.04,5.02,7.84,6.32,0.8065,0.0145,-0.74,8.88,0,0,0,0,0,,,,,,44,221,1,31,25,196,0
222,John Metchie III,WR,WR87,NYJ,PHI/NYJ,13,12,71.9,5.53,55.4,4.26,38.9,2.99,244.0,87,93.0,-22.0,235,257,-5.07,-65.9,4.0,0.68,12.28,5.0,5.42,0.9802,18.5,0.0,0,0.0,11,0.8462,2,0.1538,0,11.0,36,2.77,51,3.92,0.1321,269,20.69,269,2,0.15,15,0,0,0,2.0,1.41,7.47,-1.67,8.3,5.71,0.6875,0.0556,5.58,4.24,0,0,0,0,0,,,,,,3,-5,0,48,33,274,2
223,Isaiah Davis,RB,RB59,NYJ,NYJ,16,15,71.2,4.45,60.7,3.79,50.2,3.14,279.0,59,70.0,-56.0,218,216,-6.48,-103.67,3.0,0.35,11.75,2.15,5.17,1.1628,17.9,0.0,0,0.0,14,0.875,2,0.125,0,10.0,64,4.0,71,4.44,0.063,422,26.38,422,1,0.06,15,0,0,1,1.11,1.0,6.59,5.49,8.86,6.64,0.75,0.0156,1.14,9.0,0,0,0,0,0,,,,,,43,236,1,28,21,186,0
224,Tyler Higbee,TE,TE40,LA,LA,10,9,71.1,7.11,58.6,5.86,46.1,4.61,198.0,40,31.0,26.0,224,226,-3.47,-34.72,3.0,0.0,14.61,5.6,6.28,0.883,20.1,0.0,1,0.1,6,0.6,2,0.2,1,3.0,25,2.5,36,3.6,0.11,281,28.1,281,3,0.3,17,0,0,0,2.84,1.98,11.24,,11.24,7.81,0.6944,0.12,6.06,5.6,0,0,0,0,0,,,,,,0,0,0,36,25,281,3
225,Mike Gesicki,TE,TE41,CIN,CIN,12,12,70.7,5.89,56.7,4.73,42.7,3.56,231.0,41,36.0,-6.0,230,239,-4.69,-56.29,3.0,1.83,12.0,3.7,5.58,0.9472,20.6,1.6,1,0.0833,9,0.75,1,0.0833,1,2.0,28,2.33,42,3.5,0.1034,307,25.58,307,2,0.17,19,0,0,0,2.52,1.68,10.96,,10.96,7.31,0.6667,0.0714,9.95,2.25,0,0,0,0,0,,,,,,0,0,0,42,28,307,2
226,Carson Wentz,QB,QB39,MIN,MIN,5,5,70.34,14.07,70.34,14.07,70.34,14.07,63.0,39,26.0,163.0,202,170,-3.41,-17.03,2.0,9.18,18.85,14.74,5.01,0.3558,21.2,7.76,0,0.0,2,0.4,2,0.4,0,9.0,11,2.2,11,2.2,0.0,57,11.4,1273,6,1.2,61,5,0,1,6.39,6.39,5.18,5.18,,,,0.0,,,110,169,1216,6,5,0.6509,7.2,7.62,1.2,0.1011,11,57,0,0,0,0,0
227,Dillon Gabriel,QB,QB40,CLE,CLE,10,9,70.08,7.01,70.08,7.01,70.08,7.01,201.0,40,48.0,26.0,203,171,-10.47,-104.66,2.0,0.0,16.5,5.3,7.05,1.0066,20.08,0.0,0,0.0,8,0.8,1,0.1,0,8.0,14,1.4,14,1.4,0.0,86,8.6,1023,7,0.7,49,2,0,0,5.01,5.01,6.14,6.14,,,,0.0,,,110,185,937,7,2,0.5946,5.06,5.83,3.5,0.0931,14,86,0,0,0,0,0
228,Matthew Golden,WR,WR88,GB,GB,14,14,70.0,5.0,55.5,3.96,41.0,2.93,257.0,88,100.0,-29.0,233,245,-5.6,-78.4,4.0,0.73,10.94,3.4,4.3,0.8602,13.2,0.0,0,0.0,11,0.7857,2,0.1429,0,22.0,39,2.79,54,3.86,0.1239,410,29.29,410,0,0.0,19,0,0,0,1.79,1.3,10.51,4.9,12.45,8.2,0.6591,0.0,12.55,3.48,0,0,0,0,0,,,,,,10,49,0,44,29,361,0
228,Van Jefferson,WR,WR88,TEN,TEN,14,14,70.0,5.0,55.5,3.96,41.0,2.93,257.0,88,100.0,-29.0,233,245,-5.6,-78.4,4.0,1.66,10.27,4.05,3.38,0.6761,11.5,1.6,0,0.0,12,0.8571,2,0.1429,0,24.0,29,2.07,52,3.71,0.1204,350,25.0,350,1,0.07,17,0,0,0,2.41,1.35,12.07,,12.07,6.73,0.5577,0.0345,11.98,2.86,0,0,0,0,0,,,,,,0,0,0,52,29,350,1
230,Tre Harris,WR,WR90,LAC,LAC,16,16,69.4,4.34,54.4,3.4,39.4,2.46,282.0,90,111.0,-52.0,239,253,-6.26,-100.2,4.0,1.05,8.35,4.05,2.88,0.6631,9.4,0.0,0,0.0,16,1.0,0,0.0,0,38.0,32,2.0,45,2.81,0.0908,334,20.88,334,1,0.06,18,0,0,0,2.17,1.54,10.44,5.0,10.8,7.53,0.6977,0.0312,9.26,4.63,0,0,0,0,0,,,,,,2,10,0,43,30,324,1
231,Davis Mills,QB,QB41,HOU,HOU,6,6,68.6,11.43,68.6,11.43,68.6,11.43,107.0,41,36.0,124.0,208,173,-6.04,-36.24,2.0,1.93,22.02,10.35,10.07,0.8807,27.68,1.22,1,0.1667,3,0.5,2,0.3333,1,1.0,13,2.17,13,2.17,0.0,60,10.0,975,6,1.0,50,1,0,1,5.28,5.28,4.62,4.62,,,,0.0769,,,91,159,915,5,1,0.5723,5.75,8.55,5.0,0.0479,13,60,1,0,0,0,0
232,Jaylin Noel,WR,WR91,HOU,HOU,17,14,68.4,4.02,55.4,3.26,42.4,2.49,298.0,91,120.0,-66.0,235,240,-6.58,-111.8,4.0,0.0,11.46,1.9,4.91,1.2198,14.6,-0.3,0,0.0,14,0.8235,3,0.1765,0,18.0,32,1.88,41,2.41,0.0604,304,17.88,304,2,0.12,13,0,0,0,2.14,1.67,9.5,2.0,11.23,8.34,0.7429,0.0625,9.34,3.81,0,0,0,0,0,,,,,,6,12,0,35,26,292,2
233,Tyler Lockett,WR,WR92,LV,TEN/LV,17,17,67.1,3.95,51.1,3.01,35.1,2.06,302.0,92,124.0,-69.0,245,272,-6.65,-113.1,4.0,0.0,9.1,2.9,3.54,0.8975,10.2,0.0,0,0.0,16,0.9412,2,0.1176,0,32.0,32,1.88,55,3.24,0.1111,291,17.12,291,1,0.06,14,0,0,0,2.1,1.22,9.09,,9.09,5.29,0.5818,0.0312,7.75,2.47,0,0,0,0,0,,,,,,0,0,0,55,32,291,1
234,DeAndre Hopkins,WR,WR93,BAL,BAL,17,17,67.0,3.94,56.0,3.29,45.0,2.65,303.0,93,125.0,-69.0,232,231,-6.66,-113.2,4.0,0.0,9.46,3.3,4.17,1.0575,14.4,0.0,0,0.0,15,0.8824,2,0.1176,0,29.0,22,1.29,39,2.29,0.0988,330,19.41,330,2,0.12,15,0,0,0,3.05,1.72,15.0,,15.0,8.46,0.5641,0.0909,13.15,2.95,0,0,0,0,0,,,,,,0,0,0,39,22,330,2
235,Kalif Raymond,WR,WR94,DET,DET,15,12,66.8,4.45,54.8,3.65,42.8,2.85,278.0,94,108.0,-43.0,237,238,-6.15,-92.2,4.0,0.0,9.66,3.3,4.69,1.0538,16.2,0.0,0,0.0,14,0.9333,3,0.2,0,17.0,26,1.73,32,2.13,0.0599,308,20.53,308,2,0.13,15,0,0,0,2.57,2.09,11.85,9.5,12.04,9.63,0.8,0.0385,5.63,6.54,0,0,0,0,0,,,,,,2,19,0,30,24,289,1
236,Devaughn Vele,WR,WR95,NO,NO,9,9,66.3,7.37,53.8,5.98,41.3,4.59,192.0,95,67.0,44.0,240,243,-3.23,-29.1,4.0,2.24,14.18,6.7,6.8,0.9228,23.3,2.0,1,0.1111,7,0.7778,2,0.2222,0,7.0,25,2.78,39,4.33,0.1333,293,32.56,293,2,0.22,19,0,0,0,2.65,1.7,11.72,,11.72,7.51,0.641,0.08,11.08,1.36,0,0,0,0,0,,,,,,0,0,0,39,25,293,2
237,Justice Hill,RB,RB60,BAL,BAL,10,9,65.2,6.52,54.7,5.47,44.2,4.42,212.0,60,55.0,25.0,238,233,-4.41,-44.09,3.0,-0.01,11.33,4.5,8.56,1.3129,28.7,-0.1,1,0.1,9,0.9,2,0.2,1,4.0,39,3.9,45,4.5,0.1001,262,26.2,262,3,0.3,10,0,0,0,1.67,1.45,6.72,5.17,8.05,6.26,0.7778,0.0769,-0.22,8.76,0,0,0,0,0,,,,,,18,93,2,27,21,169,1
238,Tory Horton,WR,WR96,SEA,SEA,8,7,65.1,8.14,58.6,7.32,52.1,6.51,174.0,96,60.0,64.0,224,212,-2.46,-19.7,4.0,0.0,18.98,6.6,8.7,1.0693,20.8,0.0,1,0.125,4,0.5,3,0.375,0,8.0,13,1.62,22,2.75,0.1058,161,20.12,161,6,0.75,7,0,0,0,5.01,2.96,12.38,,12.38,7.32,0.5909,0.3846,15.32,2.54,0,0,0,0,0,,,,,,0,0,0,22,13,161,5
239,Ray Davis,RB,RB61,BUF,BUF,17,13,64.1,3.77,59.1,3.48,54.1,3.18,310.0,61,77.0,-71.0,223,208,-7.16,-121.7,3.0,0.0,7.68,1.6,6.26,1.6607,25.4,0.0,1,0.0588,16,0.9412,2,0.1176,1,3.0,68,4.0,71,4.18,0.0284,361,21.24,361,3,0.18,22,0,0,0,0.94,0.9,5.31,4.74,8.6,6.62,0.7692,0.0294,0.08,9.9,0,0,0,0,0,,,,,,58,275,0,13,10,86,2
240,Tommy Tremble,TE,TE42,CAR,CAR,15,15,63.9,4.26,50.4,3.36,36.9,2.46,288.0,42,52.0,-48.0,250,263,-6.32,-94.84,3.0,1.08,10.84,1.7,4.54,1.066,15.2,0.0,1,0.0667,12,0.8,2,0.1333,0,6.0,27,1.8,37,2.47,0.0914,249,16.6,249,2,0.13,10,0,0,0,2.37,1.73,9.22,,9.22,6.73,0.7297,0.0741,4.41,6.07,0,0,0,0,0,,,,,,0,0,0,37,27,249,2
241,Brashard Smith,RB,RB62,KC,KC,17,15,63.3,3.72,50.8,2.99,38.3,2.25,312.0,62,78.0,-71.0,247,261,-7.21,-122.5,3.0,0.06,8.48,1.4,4.01,1.076,13.1,0.0,0,0.0,16,0.9412,2,0.1176,0,14.0,69,4.06,79,4.65,0.0658,323,19.0,323,1,0.06,12,0,0,0,0.92,0.8,4.68,3.43,6.88,4.91,0.7143,0.0145,-1.6,9.28,0,0,0,0,0,,,,,,44,151,0,35,25,172,1
242,Greg Dulcich,TE,TE43,MIA,MIA,9,9,62.8,6.98,49.8,5.53,36.8,4.09,202.0,43,32.0,40.0,253,264,-3.6,-32.44,3.0,3.68,11.14,6.1,3.96,0.5678,16.1,3.2,1,0.1111,6,0.6667,1,0.1111,1,5.0,27,3.0,34,3.78,0.1542,328,36.44,328,1,0.11,14,1,1,0,2.33,1.85,12.15,-7.0,12.88,10.15,0.7879,0.037,4.7,7.65,0,0,0,0,0,,,,,,1,-7,0,33,26,335,1
243,Davis Allen,TE,TE44,LA,LA,15,15,62.8,4.19,50.8,3.39,38.8,2.59,290.0,44,53.0,-47.0,248,259,-6.4,-95.94,3.0,1.12,8.1,4.4,2.93,0.6991,8.8,0.0,0,0.0,12,0.8,0,0.0,0,16.0,24,1.6,33,2.2,0.0635,208,13.87,208,3,0.2,12,0,0,0,2.62,1.9,8.67,,8.67,6.3,0.7273,0.125,3.94,5.71,0,0,0,0,0,,,,,,0,0,0,33,24,208,3
244,Brian Robinson,RB,RB63,SF,SF,17,16,62.5,3.68,58.5,3.44,54.5,3.21,313.0,63,79.0,-69.0,226,206,-7.25,-123.3,3.0,1.08,7.76,2.6,3.2,0.8711,11.5,0.0,0,0.0,15,0.8824,2,0.1176,0,20.0,100,5.88,104,6.12,0.0209,425,25.0,425,2,0.12,21,0,0,0,0.62,0.6,4.25,4.35,3.12,2.08,0.6667,0.02,0.0,4.38,0,0,0,0,0,,,,,,92,400,2,12,8,25,0
245,Isaiah Likely,TE,TE45,BAL,BAL,12,11,61.7,5.14,48.2,4.02,34.7,2.89,253.0,45,41.0,-8.0,257,273,-5.44,-65.29,3.0,2.02,12.15,3.6,4.1,0.798,12.5,0.0,0,0.0,9,0.75,2,0.1667,0,9.0,27,2.25,36,3.0,0.12,307,25.58,307,1,0.08,11,1,1,0,2.29,1.71,11.37,,11.37,8.53,0.75,0.037,7.97,4.33,0,0,0,0,0,,,,,,0,0,0,36,27,307,1
246,Isaiah Williams,WR,WR97,NYJ,NYJ,15,9,60.7,4.05,47.7,3.18,34.7,2.31,297.0,97,119.0,-51.0,259,273,-6.55,-98.3,4.0,0.0,9.68,1.6,4.43,1.0947,11.3,0.0,0,0.0,13,0.8667,2,0.1333,0,29.0,29,1.93,39,2.6,0.0877,227,15.13,227,2,0.13,11,0,0,0,2.09,1.56,7.83,11.33,7.42,5.36,0.7222,0.0,3.39,4.58,0,1,0,0,0,0.0,0.0,6.0,,0.0,3,34,0,36,26,193,0
247,Cedric Tillman,WR,WR98,CLE,CLE,12,12,60.0,5.0,49.5,4.12,39.0,3.25,257.0,98,100.0,-10.0,254,256,-5.6,-67.2,4.0,1.51,10.0,3.3,4.59,0.9176,16.2,0.0,0,0.0,10,0.8333,1,0.0833,0,18.0,21,1.75,39,3.25,0.1051,270,22.5,270,2,0.17,13,0,0,0,2.86,1.54,12.86,,12.86,6.92,0.5385,0.0952,11.87,2.95,0,0,0,0,0,,,,,,0,0,0,39,21,270,2
247,Devin Neal,RB,RB64,NO,NO,9,9,60.0,6.67,51.5,5.72,43.0,4.78,209.0,64,54.0,38.0,243,236,-4.26,-38.36,3.0,0.74,11.96,6.1,5.27,0.7904,15.4,0.1,0,0.0,6,0.6667,2,0.2222,0,15.0,74,8.22,76,8.44,0.0611,310,34.44,310,2,0.22,15,0,0,0,0.81,0.79,4.19,3.61,6.12,5.47,0.8947,0.027,-2.0,8.12,0,0,0,0,0,,,,,,57,206,2,19,17,104,0
249,Daniel Bellinger,TE,TE46,NYG,NYG,13,12,59.6,4.58,50.1,3.85,40.6,3.12,271.0,46,48.0,-22.0,251,248,-6.0,-77.97,3.0,0.0,11.28,2.4,5.37,1.1709,17.8,0.0,1,0.0769,10,0.7692,2,0.1538,0,6.0,19,1.46,26,2.0,0.0628,286,22.0,286,2,0.15,14,0,0,0,3.14,2.29,15.05,,15.05,11.0,0.7308,0.1053,9.38,6.95,0,0,0,0,0,,,,,,0,0,0,26,19,286,2
250,Tyrod Taylor,QB,QB42,NYJ,NYJ,6,6,59.46,9.91,59.46,9.91,59.46,9.91,136.0,42,42.0,114.0,221,195,-7.56,-45.38,2.0,0.19,18.98,10.56,8.74,0.8824,21.28,-1.76,0,0.0,4,0.6667,2,0.3333,0,6.0,27,4.5,27,4.5,0.0,143,23.83,922,6,1.0,51,6,1,0,2.2,2.2,5.3,5.3,,,,0.037,,,80,134,779,5,5,0.597,5.81,8.54,1.0,0.0946,27,143,1,0,0,0,0
251,Austin Hooper,TE,TE47,NE,NE,13,13,59.3,4.56,48.8,3.75,38.3,2.95,274.0,47,50.0,-23.0,255,262,-6.02,-78.27,3.0,1.5,8.66,4.8,2.94,0.645,9.1,0.0,0,0.0,11,0.8462,0,0.0,0,18.0,21,1.62,26,2.0,0.071,263,20.23,263,2,0.15,13,0,0,0,2.82,2.28,12.52,,12.52,10.12,0.8077,0.0952,9.0,4.1,0,0,0,0,0,,,,,,0,0,0,26,21,263,2
252,Emari Demercado,RB,RB65,ARI,ARI,12,11,58.3,4.86,51.8,4.32,45.3,3.78,262.0,65,66.0,-10.0,242,230,-6.07,-72.85,3.0,0.01,9.97,4.0,4.3,0.8849,13.4,0.0,0,0.0,10,0.8333,1,0.0833,0,19.0,57,4.75,64,5.33,0.0432,413,34.42,413,1,0.08,12,1,1,0,1.02,0.91,7.25,7.09,7.77,5.05,0.65,0.0175,0.6,6.46,0,0,0,0,0,,,,,,44,312,0,20,13,101,1
253,Demarcus Robinson,WR,WR99,SF,SF,14,14,58.2,4.16,47.2,3.37,36.2,2.59,291.0,99,116.0,-38.0,261,269,-6.44,-90.2,4.0,0.18,6.75,4.75,3.0,0.7227,10.3,0.0,0,0.0,13,0.9286,1,0.0714,0,33.0,23,1.64,36,2.57,0.0758,282,20.14,282,1,0.07,15,0,0,1,2.53,1.62,12.26,6.0,12.55,7.89,0.6286,0.0435,13.49,1.64,0,0,0,0,0,,,,,,1,6,0,35,22,276,1
254,Elijah Higgins,TE,TE48,ARI,ARI,17,15,58.1,3.42,43.1,2.54,28.1,1.65,325.0,48,58.0,-71.0,273,297,-7.16,-121.8,3.0,0.0,6.2,1.7,3.95,1.1561,16.1,0.0,1,0.0588,16,0.9412,1,0.0588,0,6.0,30,1.76,37,2.18,0.0666,301,17.71,301,0,0.0,15,1,1,0,1.94,1.57,10.03,,10.03,8.14,0.8108,0.0,4.0,6.97,0,0,0,0,0,,,,,,0,0,0,37,30,301,0
255,Christian Kirk,WR,WR100,HOU,HOU,11,11,57.9,5.26,43.9,3.99,29.9,2.72,250.0,100,97.0,5.0,271,289,-5.34,-58.7,4.0,1.3,10.4,5.0,4.77,0.9067,16.4,0.7,0,0.0,9,0.8182,1,0.0909,0,16.0,28,2.55,52,4.73,0.1458,239,21.73,239,1,0.09,12,0,0,0,2.07,1.11,8.54,,8.54,4.6,0.5385,0.0357,7.02,4.11,0,0,0,0,0,,,,,,0,0,0,52,28,239,1
256,Malik Nabers,WR,WR101,NYG,NYG,4,4,57.1,14.28,48.1,12.02,39.1,9.78,59.0,101,14.0,197.0,258,255,3.67,14.7,4.0,3.51,30.02,8.05,16.12,1.1292,37.7,3.3,1,0.25,2,0.5,2,0.5,1,2.0,18,4.5,35,8.75,0.2708,271,67.75,271,2,0.5,11,0,0,0,3.17,1.63,15.06,,15.06,7.74,0.5143,0.1111,15.86,2.89,0,0,0,0,0,,,,,,0,0,0,35,18,271,2
257,Kyle Juszczyk,FB,FB1,SF,SF,16,15,57.0,3.56,45.0,2.81,33.0,2.06,318.0,1,1.0,-61.0,267,275,,,,1.45,6.65,2.5,2.56,0.7186,9.4,0.0,0,0.0,0,0.0,0,0.0,16,1.0,26,1.62,30,1.88,0.0553,210,13.12,210,2,0.12,10,0,0,0,2.19,1.9,8.08,-1.5,8.88,7.61,0.8571,0.0769,4.29,4.54,0,0,0,0,0,,,,,,2,-3,0,28,24,213,2
258,Rashod Bateman,WR,WR102,BAL,BAL,13,13,55.4,4.26,45.9,3.53,36.4,2.8,286.0,102,114.0,-28.0,263,268,-6.34,-82.4,4.0,0.0,8.86,3.4,4.77,1.1203,17.3,0.0,0,0.0,12,0.9231,1,0.0769,0,17.0,19,1.46,38,2.92,0.1194,224,17.23,224,2,0.15,12,0,0,1,2.92,1.46,11.79,,11.79,5.89,0.5,0.1053,12.32,2.05,0,0,0,0,0,,,,,,0,0,0,38,19,224,2
258,Keaton Mitchell,RB,RB66,BAL,BAL,13,12,55.4,4.26,50.9,3.92,46.4,3.57,286.0,66,72.0,-28.0,246,225,-6.67,-86.68,3.0,0.42,7.56,3.1,3.27,0.767,11.1,0.0,0,0.0,12,0.9231,0,0.0,0,30.0,68,5.23,71,5.46,0.0421,404,31.08,404,1,0.08,18,0,0,0,0.81,0.78,5.94,5.78,7.0,5.25,0.75,0.0147,-2.33,9.44,0,0,0,0,0,,,,,,59,341,1,12,9,63,0
260,Josh Oliver,TE,TE49,MIN,MIN,12,12,55.0,4.58,47.5,3.96,40.0,3.33,272.0,49,49.0,-12.0,260,252,-6.0,-71.99,3.0,0.77,11.17,2.35,5.0,1.0909,16.4,0.0,1,0.0833,9,0.75,1,0.0833,1,4.0,15,1.25,19,1.58,0.0653,160,13.33,160,4,0.33,9,0,0,0,3.67,2.89,10.67,,10.67,8.42,0.7895,0.2667,3.37,6.8,0,0,0,0,0,,,,,,0,0,0,19,15,160,4
261,Isaiah Bond,WR,WR103,CLE,CLE,15,15,54.7,3.65,45.7,3.05,36.7,2.45,314.0,103,130.0,-53.0,265,265,-6.95,-104.3,4.0,0.32,8.4,2.7,3.21,0.8791,10.9,0.0,0,0.0,14,0.9333,1,0.0667,0,36.0,23,1.53,49,3.27,0.0927,367,24.47,367,0,0.0,12,0,0,0,2.38,1.12,15.96,5.8,18.78,7.68,0.4091,0.0,17.07,4.39,0,0,0,0,0,,,,,,5,29,0,44,18,338,0
262,Ollie Gordon II,RB,RB67,MIA,MIA,17,16,54.1,3.18,50.6,2.98,47.1,2.77,334.0,67,83.0,-72.0,249,224,-7.75,-131.7,3.0,-0.14,10.08,1.3,4.35,1.3657,13.6,-0.3,0,0.0,15,0.8824,2,0.1176,0,18.0,77,4.53,79,4.65,0.0182,231,13.59,231,4,0.24,22,0,0,0,0.7,0.68,3.0,2.84,4.57,3.56,0.7778,0.0519,-2.78,8.14,0,0,0,0,0,,,,,,70,199,3,9,7,32,1
263,Ja'Tavion Sanders,TE,TE50,CAR,CAR,12,11,54.0,4.5,39.5,3.29,25.0,2.08,277.0,50,51.0,-14.0,284,310,-6.08,-72.99,3.0,0.15,8.83,3.9,3.84,0.8539,12.4,0.0,0,0.0,9,0.75,1,0.0833,0,6.0,29,2.42,34,2.83,0.0916,190,15.83,190,1,0.08,8,0,0,0,1.86,1.59,6.55,,6.55,5.59,0.8529,0.0345,4.82,2.97,0,0,0,0,0,,,,,,0,0,0,34,29,190,1
264,Tank Bigsby,RB,RB68,PHI,JAX/PHI,15,11,53.8,3.59,52.3,3.49,50.8,3.39,316.0,68,80.0,-52.0,241,214,-7.34,-110.14,3.0,0.0,10.12,1.2,5.16,1.44,17.6,0.0,0,0.0,13,0.8667,2,0.1333,0,9.0,66,4.4,67,4.47,0.0116,388,25.87,388,2,0.13,19,0,0,0,0.82,0.8,5.88,5.65,10.67,8.0,0.75,0.0303,-1.5,13.0,0,0,0,0,0,,,,,,63,356,2,4,3,32,0
265,Tyreek Hill,WR,WR104,MIA,MIA,4,4,53.5,13.38,43.0,10.75,32.5,8.12,69.0,104,18.0,196.0,274,276,2.77,11.1,4.0,9.41,16.6,14.3,4.01,0.2995,16.9,8.0,0,0.0,1,0.25,3,0.75,0,18.0,21,5.25,29,7.25,0.2388,265,66.25,265,1,0.25,17,0,0,0,2.55,1.84,12.62,,12.62,9.14,0.7241,0.0476,13.76,2.71,0,0,0,0,0,,,,,,0,0,0,29,21,265,1
266,Jackson Hawes,TE,TE51,BUF,BUF,13,13,52.7,4.05,44.7,3.44,36.7,2.82,296.0,51,54.0,-30.0,268,265,-6.53,-84.87,3.0,1.58,7.46,3.5,2.63,0.6479,9.6,1.0,0,0.0,10,0.7692,1,0.0769,0,12.0,16,1.23,19,1.46,0.0565,187,14.38,187,3,0.23,13,0,0,0,3.29,2.77,11.69,,11.69,9.84,0.8421,0.1875,7.32,5.69,0,0,0,0,0,,,,,,0,0,0,19,16,187,3
267,Josh Palmer,WR,WR105,BUF,BUF,12,12,52.3,4.36,41.3,3.44,30.3,2.52,281.0,105,110.0,-14.0,277,286,-6.24,-74.9,4.0,1.23,7.87,3.9,3.06,0.7013,11.1,1.1,0,0.0,11,0.9167,1,0.0833,0,35.0,22,1.83,37,3.08,0.1024,303,25.25,303,0,0.0,14,0,0,0,2.38,1.41,13.77,,13.77,8.19,0.5946,0.0,11.46,2.45,0,0,0,0,0,,,,,,0,0,0,37,22,303,0
268,Terrance Ferguson,TE,TE52,LA,LA,11,11,52.1,4.74,46.6,4.24,41.1,3.74,265.0,52,45.0,3.0,262,244,-5.85,-64.31,3.0,0.0,12.3,3.1,5.2,1.0984,13.4,0.0,0,0.0,7,0.6364,1,0.0909,0,9.0,12,1.09,26,2.36,0.0645,231,21.0,231,3,0.27,9,0,0,0,4.34,2.0,19.25,0.0,21.0,9.24,0.44,0.25,18.64,3.64,0,0,0,0,0,,,,,,1,0,0,25,11,231,3
269,Brandin Cooks,WR,WR106,BUF,NO/BUF,13,13,51.9,3.99,39.9,3.07,27.9,2.15,299.0,106,121.0,-30.0,281,298,-6.61,-85.9,4.0,0.26,5.56,3.6,3.64,0.9123,14.1,0.0,0,0.0,12,0.9231,1,0.0769,0,19.0,24,1.85,36,2.77,0.0879,279,21.46,279,0,0.0,14,0,0,0,2.16,1.44,11.62,,11.62,7.75,0.6667,0.0,14.33,1.79,0,0,0,0,0,,,,,,0,0,0,36,24,279,0
270,Tim Patrick,WR,WR107,JAX,JAX,13,13,51.7,3.98,44.2,3.4,36.7,2.82,300.0,107,122.0,-30.0,269,265,-6.62,-86.1,4.0,0.0,10.72,2.1,5.7,1.4327,18.8,0.0,0,0.0,11,0.8462,3,0.2308,0,9.0,15,1.15,24,1.85,0.062,187,14.38,187,3,0.23,10,0,0,0,3.45,2.15,12.47,,12.47,7.79,0.625,0.2,10.75,3.6,0,0,0,0,0,,,,,,0,0,0,24,15,187,3
271,Luke McCaffrey,WR,WR108,WAS,WAS,9,7,51.3,5.7,45.8,5.09,40.3,4.48,238.0,108,91.0,33.0,264,250,-4.9,-44.1,4.0,0.0,11.16,5.4,5.22,0.9159,14.6,0.0,0,0.0,6,0.6667,3,0.3333,0,23.0,11,1.22,15,1.67,0.0678,203,22.56,203,3,0.33,6,0,0,1,4.66,3.42,18.45,,18.45,13.53,0.7333,0.2727,14.53,6.27,0,0,0,0,0,,,,,,0,0,0,15,11,203,3
272,Jaylin Lane,WR,WR109,WAS,WAS,15,13,51.2,3.41,43.2,2.88,35.2,2.35,326.0,109,135.0,-54.0,272,271,-7.19,-107.8,4.0,0.0,6.48,2.6,2.83,0.8279,9.0,0.0,0,0.0,15,1.0,1,0.0667,0,34.0,17,1.13,33,2.2,0.0826,232,15.47,232,2,0.13,10,0,0,0,3.01,1.55,13.65,7.0,14.06,7.03,0.5,0.0,13.34,2.44,0,0,0,0,0,,,,,,1,7,0,32,16,225,0
273,Malik Willis,QB,QB43,GB,GB,4,4,51.18,12.8,51.18,12.8,51.18,12.8,78.0,43,30.0,195.0,244,213,-4.68,-18.72,2.0,2.16,26.04,9.54,13.52,1.0567,31.52,0.58,1,0.25,3,0.75,1,0.25,1,3.0,22,5.5,22,5.5,0.0,123,30.75,545,5,1.25,28,1,1,0,2.33,2.33,5.59,5.59,,,,0.0909,,,30,35,422,3,0,0.8571,12.06,10.11,,0.0789,22,123,2,0,0,0,0
274,Jahan Dotson,WR,WR110,PHI,PHI,15,14,50.2,3.35,41.2,2.75,32.2,2.15,330.0,110,136.0,-56.0,278,277,-7.25,-108.8,4.0,0.0,8.14,2.2,3.48,1.0401,11.0,0.0,0,0.0,14,0.9333,1,0.0667,0,35.0,18,1.2,36,2.4,0.0833,262,17.47,262,1,0.07,10,0,0,0,2.79,1.39,14.56,,14.56,7.28,0.5,0.0556,15.42,2.78,0,0,0,0,0,,,,,,0,0,0,36,18,262,1
275,Russell Wilson,QB,QB44,NYG,NYG,6,6,49.84,8.31,49.84,8.31,49.84,8.31,169.0,44,44.0,106.0,252,218,-9.17,-55.0,2.0,0.16,20.71,4.05,11.51,1.3861,30.3,0.0,1,0.1667,5,0.8333,1,0.1667,1,2.0,18,3.0,18,3.0,0.0,106,17.67,937,3,0.5,38,3,0,0,2.77,2.77,5.89,5.89,,,,0.0,,,69,119,831,3,3,0.5798,6.98,8.89,1.0,0.0775,18,106,0,0,0,0,0
276,Dyami Brown,WR,WR111,JAX,JAX,11,11,49.7,4.52,39.7,3.61,29.7,2.7,276.0,111,107.0,0.0,282,290,-6.08,-66.9,4.0,0.0,8.8,3.5,5.36,1.1874,17.6,-1.6,0,0.0,10,0.9091,1,0.0909,0,16.0,26,2.36,43,3.91,0.0986,257,23.36,257,1,0.09,15,1,1,0,1.91,1.16,9.88,5.0,11.35,6.14,0.5405,0.0385,14.0,1.55,0,0,0,0,0,,,,,,6,30,0,37,20,227,1
277,Luke Musgrave,TE,TE53,GB,GB,13,13,49.2,3.78,37.2,2.86,25.2,1.94,309.0,53,55.0,-32.0,292,307,-6.8,-88.37,3.0,1.42,6.72,3.3,2.62,0.6935,9.2,0.9,0,0.0,12,0.9231,0,0.0,0,17.0,24,1.85,31,2.38,0.085,252,19.38,252,0,0.0,11,0,0,0,2.05,1.59,10.5,,10.5,8.13,0.7742,0.0,8.58,2.88,0,0,0,0,0,,,,,,0,0,0,31,24,252,0
277,Kyle Williams,WR,WR112,NE,NE,14,13,49.2,3.51,44.2,3.16,39.2,2.8,321.0,112,134.0,-44.0,269,254,-7.09,-99.2,4.0,0.0,11.91,1.15,5.07,1.444,14.2,-0.2,0,0.0,11,0.7857,3,0.2143,0,25.0,12,0.86,23,1.64,0.0504,212,15.14,212,3,0.21,7,0,0,0,4.1,2.14,17.67,1.5,20.9,9.95,0.4762,0.25,19.05,7.9,0,0,0,0,0,,,,,,2,3,0,21,10,209,3
279,David Sills,WR,WR113,ATL,ATL,12,12,49.1,4.09,40.1,3.34,31.1,2.59,293.0,113,118.0,-14.0,280,282,-6.51,-78.1,4.0,0.0,9.59,2.1,4.68,1.1436,13.8,0.0,0,0.0,11,0.9167,2,0.1667,0,26.0,18,1.5,36,3.0,0.1013,191,15.92,191,2,0.17,9,0,0,0,2.73,1.36,10.61,,10.61,5.31,0.5,0.1111,11.22,3.11,0,0,0,0,0,,,,,,0,0,0,36,18,191,2
280,Jake Browning,QB,QB45,CIN,CIN,5,5,48.74,9.75,48.74,9.75,48.74,9.75,142.0,45,43.0,138.0,256,219,-7.73,-38.63,2.0,2.5,18.58,5.9,8.22,0.8432,19.14,0.56,0,0.0,3,0.6,0,0.0,0,14.0,9,1.8,9,1.8,0.0,39,7.8,810,7,1.4,38,8,0,0,5.42,5.42,4.33,4.33,,,,0.1111,,,81,125,771,6,8,0.648,6.17,7.67,0.75,0.0672,9,39,1,0,0,0,0
281,Jayden Reed,WR,WR114,GB,GB,5,5,48.5,9.7,39.0,7.8,29.5,5.9,144.0,114,49.0,137.0,286,291,-0.9,-4.5,4.0,7.5,12.3,9.3,2.48,0.2555,13.5,7.1,0,0.0,3,0.6,2,0.4,0,22.0,22,4.4,25,5.0,0.1706,235,47.0,235,1,0.2,9,0,0,0,2.2,1.94,10.68,9.33,10.89,9.41,0.8636,0.0455,8.14,4.47,0,0,0,0,0,,,,,,3,28,0,22,19,207,1
282,Xavier Smith,WR,WR115,LA,LA,16,10,48.3,3.02,39.3,2.46,30.3,1.89,341.0,115,143.0,-59.0,285,286,-7.58,-121.3,4.0,0.0,9.2,1.7,3.75,1.243,11.2,0.0,0,0.0,14,0.875,2,0.125,0,31.0,18,1.12,24,1.5,0.0458,303,18.94,303,0,0.0,11,0,0,0,2.68,2.01,16.83,,16.83,12.62,0.75,0.0,16.88,5.94,0,0,0,0,0,,,,,,0,0,0,24,18,303,0
283,Mitchell Evans,TE,TE54,CAR,CAR,14,13,48.2,3.44,38.7,2.76,29.2,2.09,323.0,54,57.0,-40.0,288,292,-7.14,-99.95,3.0,0.0,6.77,2.5,3.21,0.9313,11.3,0.0,0,0.0,12,0.8571,1,0.0714,0,12.0,20,1.43,26,1.86,0.0644,172,12.29,172,2,0.14,10,0,0,0,2.41,1.85,8.6,1.0,9.0,6.84,0.76,0.1,3.64,5.68,0,0,0,0,0,,,,,,1,1,0,25,19,171,2
283,Jaylen Wright,RB,RB69,MIA,MIA,9,9,48.2,5.36,45.7,5.08,43.2,4.8,249.0,69,63.0,34.0,265,235,-5.57,-50.16,3.0,1.36,13.18,3.8,5.52,1.0309,16.7,0.4,0,0.0,7,0.7778,2,0.2222,0,11.0,75,8.33,79,8.78,0.0412,332,36.89,332,2,0.22,19,1,1,0,0.64,0.61,4.43,4.11,8.8,4.89,0.5556,0.0267,-3.78,12.0,0,0,0,0,0,,,,,,70,288,2,9,5,44,0
285,Audric Estimé,RB,RB70,NO,NO,5,5,48.1,9.62,42.1,8.42,36.1,7.22,146.0,70,34.0,139.0,276,270,-1.31,-6.55,3.0,3.3,16.32,8.0,6.55,0.6809,16.8,1.1,0,0.0,3,0.6,2,0.4,0,12.0,58,11.6,59,11.8,0.0732,301,60.2,301,1,0.2,15,0,0,0,0.83,0.82,5.19,4.3,8.58,7.92,0.9231,0.0172,-0.15,9.0,0,0,0,0,0,,,,,,46,198,1,13,12,103,0
286,Tanner Hudson,TE,TE55,CIN,CIN,10,10,47.8,4.78,38.3,3.83,28.8,2.88,263.0,55,44.0,23.0,289,293,-5.8,-58.02,3.0,1.85,8.66,4.85,3.15,0.659,11.0,1.4,0,0.0,8,0.8,0,0.0,0,14.0,19,1.9,24,2.4,0.0641,168,16.8,168,2,0.2,8,0,0,0,2.52,1.99,8.84,,8.84,7.0,0.7917,0.1053,4.96,4.37,0,0,0,0,0,,,,,,0,0,0,24,19,168,2
287,Calvin Ridley,WR,WR116,TEN,TEN,7,7,47.3,6.76,38.8,5.54,30.3,4.33,205.0,116,73.0,82.0,287,286,-3.84,-26.9,4.0,2.6,12.46,5.0,5.48,0.8115,18.1,2.3,0,0.0,6,0.8571,1,0.1429,0,14.0,17,2.43,36,5.14,0.1682,303,43.29,303,0,0.0,13,0,0,0,2.78,1.31,17.82,,17.82,8.42,0.4722,0.0,12.58,4.94,0,0,0,0,0,,,,,,0,0,0,36,17,303,0
288,Jeremy Ruckert,TE,TE56,NYJ,NYJ,14,13,46.9,3.35,35.4,2.53,23.9,1.71,329.0,56,59.0,-41.0,295,314,-7.23,-101.25,3.0,0.3,6.65,3.35,2.33,0.6967,7.5,0.0,0,0.0,13,0.9286,0,0.0,0,20.0,23,1.64,29,2.07,0.073,179,12.79,179,1,0.07,8,0,0,0,2.04,1.62,7.78,,7.78,6.17,0.7931,0.0435,3.52,4.3,0,0,0,0,0,,,,,,0,0,0,29,23,179,1
289,Jalen Tolbert,WR,WR117,DAL,DAL,12,11,46.3,3.86,37.3,3.11,28.3,2.36,307.0,117,128.0,-18.0,291,295,-6.74,-80.9,4.0,0.0,9.83,2.2,4.41,1.1426,12.7,0.0,0,0.0,10,0.8333,2,0.1667,0,28.0,18,1.5,34,2.83,0.0765,203,16.92,203,1,0.08,12,0,0,1,2.57,1.36,11.28,,11.28,5.97,0.5294,0.0556,12.0,2.56,0,0,0,0,0,,,,,,0,0,0,34,18,203,1
290,Tyrell Shavers,WR,WR118,BUF,BUF,11,10,45.5,4.14,38.0,3.45,30.5,2.77,292.0,118,117.0,-2.0,290,285,-6.46,-71.1,4.0,0.0,5.7,3.1,5.36,1.2948,19.0,0.0,0,0.0,10,0.9091,1,0.0909,0,10.0,15,1.36,23,2.09,0.0774,245,22.27,245,1,0.09,11,0,0,0,3.03,1.98,16.33,,16.33,10.65,0.6522,0.0667,12.96,4.27,0,0,0,0,0,,,,,,0,0,0,23,15,245,1
290,Adam Trautman,TE,TE57,DEN,DEN,13,11,45.5,3.5,35.5,2.73,25.5,1.96,322.0,57,56.0,-32.0,294,305,-7.08,-92.07,3.0,0.24,7.2,3.4,2.93,0.8382,10.0,0.0,0,0.0,11,0.8462,1,0.0769,0,11.0,20,1.54,23,1.77,0.0475,195,15.0,195,1,0.08,11,0,0,0,2.28,1.98,9.75,,9.75,8.48,0.8696,0.05,4.61,5.2,0,0,0,0,0,,,,,,0,0,0,23,20,195,1
292,Jerome Ford,RB,RB71,CLE,CLE,13,13,43.6,3.35,30.6,2.35,17.6,1.35,328.0,71,82.0,-36.0,309,348,-7.58,-98.48,3.0,0.12,7.56,3.0,3.29,0.9797,10.4,-0.3,0,0.0,12,0.9231,0,0.0,0,27.0,50,3.85,56,4.31,0.0725,176,13.54,176,0,0.0,9,0,0,0,0.87,0.78,3.52,3.04,3.96,3.22,0.8125,0.0,-1.53,5.92,0,0,0,0,0,,,,,,24,73,0,32,26,103,0
293,Jameis Winston,QB,QB46,NYG,NYG,3,3,43.28,14.43,42.78,14.26,42.28,14.09,,46,,,275,242,-3.05,-9.14,,2.21,28.0,11.04,16.38,1.1357,32.24,0.0,1,0.3333,2,0.6667,1,0.3333,1,1.0,8,2.67,8,2.67,0.0098,56,18.67,623,4,1.33,29,3,1,0,5.41,5.41,7.0,3.29,33.0,33.0,1.0,0.25,13.0,20.0,37,66,567,2,2,0.5606,8.59,9.38,1.0,0.0435,7,23,1,1,1,33,1
294,Jack Bech,WR,WR119,LV,LV,14,12,42.4,3.03,32.4,2.31,22.4,1.6,340.0,119,142.0,-46.0,300,319,-7.57,-106.0,4.0,0.0,6.12,3.1,3.17,1.0453,11.0,0.0,0,0.0,13,0.9286,1,0.0714,0,26.0,20,1.43,29,2.07,0.0798,224,16.0,224,0,0.0,11,0,0,0,2.12,1.46,11.2,,11.2,7.72,0.6897,0.0,8.28,3.4,0,0,0,0,0,,,,,,0,0,0,29,20,224,0
295,Taysom Hill,TE,TE58,NO,NO,13,13,41.78,3.21,36.28,2.79,30.78,2.37,333.0,58,61.0,-38.0,293,284,-7.37,-95.79,3.0,0.04,6.18,2.0,4.16,1.2955,15.32,-0.1,1,0.0769,12,0.9231,1,0.0769,0,8.0,63,4.85,68,5.23,0.036,205,15.77,262,2,0.15,20,1,1,0,0.66,0.61,3.25,2.19,8.27,5.69,0.6875,0.0159,3.38,7.82,2,6,57,1,0,0.3333,9.5,7.5,,0.0,52,114,1,16,11,91,0
296,Malik Davis,RB,RB72,DAL,DAL,10,9,40.6,4.06,39.6,3.96,38.6,3.86,295.0,72,74.0,1.0,283,260,-6.87,-68.69,3.0,0.27,10.8,2.15,4.81,1.1847,11.7,0.0,0,0.0,7,0.7,2,0.2,0,21.0,54,5.4,57,5.7,0.0141,266,26.6,266,2,0.2,11,0,0,0,0.75,0.71,4.93,4.81,8.0,3.2,0.4,0.037,3.6,3.0,0,0,0,0,0,,,,,,52,250,2,5,2,16,0
297,Tyler Huntley,QB,QB47,BAL,BAL,5,5,40.14,8.03,40.14,8.03,40.14,8.03,177.0,47,46.0,120.0,279,251,-9.45,-47.23,2.0,0.94,15.76,6.62,7.31,0.9104,16.74,-0.3,0,0.0,3,0.6,0,0.0,0,16.0,24,4.8,24,4.8,0.0,151,30.2,577,2,0.4,30,0,0,0,1.67,1.67,6.29,6.29,,,,0.0,,,52,67,426,2,0,0.7761,6.36,6.4,,0.1067,24,151,0,0,0,0,0
298,Adam Thielen,WR,WR120,PIT,MIN/PIT,14,14,39.6,2.83,30.1,2.15,20.6,1.47,348.0,120,145.0,-50.0,311,327,-7.77,-108.8,4.0,0.0,6.49,2.0,2.65,0.9363,8.9,0.0,0,0.0,14,1.0,0,0.0,0,44.0,19,1.36,35,2.5,0.0768,186,13.29,186,0,0.0,10,0,0,1,2.08,1.13,9.79,,9.79,5.31,0.5429,0.0,8.74,2.32,0,0,0,0,0,,,,,,0,0,0,35,19,186,0
299,Zavier Scott,RB,RB73,MIN,MIN,11,9,39.2,3.56,32.2,2.93,25.2,2.29,317.0,73,81.0,-18.0,301,307,-7.37,-81.02,3.0,0.0,6.0,2.7,4.67,1.3101,16.4,-0.2,0,0.0,10,0.9091,1,0.0909,0,18.0,46,4.18,48,4.36,0.0435,212,19.27,212,1,0.09,13,1,1,0,0.85,0.82,4.61,3.56,7.0,6.12,0.875,0.0217,1.06,7.5,0,0,0,0,0,,,,,,32,114,0,16,14,98,1
300,Noah Gray,TE,TE59,KC,KC,14,13,38.8,2.77,28.3,2.02,17.8,1.27,353.0,59,69.0,-53.0,320,345,-7.81,-109.35,3.0,0.33,5.26,2.65,2.03,0.7334,6.0,0.0,0,0.0,14,1.0,0,0.0,0,27.0,21,1.5,37,2.64,0.0816,178,12.71,178,0,0.0,9,0,0,0,1.85,1.05,8.48,,8.48,4.81,0.5676,0.0,6.46,5.1,0,0,0,0,0,,,,,,0,0,0,37,21,178,0
301,Chris Moore,WR,WR121,WAS,WAS,10,8,38.6,3.86,33.1,3.31,27.6,2.76,306.0,121,127.0,-5.0,297,299,-6.74,-67.4,4.0,0.0,8.47,3.45,4.32,1.1196,13.6,0.0,0,0.0,9,0.9,1,0.1,0,21.0,12,1.2,24,2.4,0.0904,216,21.6,216,1,0.1,10,0,0,0,3.22,1.61,18.0,9.0,18.82,9.0,0.4783,0.0833,14.43,4.82,0,0,0,0,0,,,,,,1,9,0,23,11,207,1
301,Roman Wilson,WR,WR121,PIT,PIT,9,9,38.6,4.29,32.6,3.62,26.6,2.96,284.0,121,113.0,17.0,299,301,-6.31,-56.8,4.0,-0.12,12.68,2.2,6.11,1.4243,17.4,-0.6,0,0.0,7,0.7778,2,0.2222,0,10.0,12,1.33,21,2.33,0.0768,166,18.44,166,2,0.22,7,1,1,0,3.22,1.84,13.83,,13.83,7.9,0.5714,0.1667,13.19,5.5,0,0,0,0,0,,,,,,0,0,0,21,12,166,2
303,Ameer Abdullah,RB,RB74,IND,IND,13,12,37.9,2.92,29.9,2.3,21.9,1.68,343.0,74,84.0,-40.0,312,322,-8.01,-104.18,3.0,0.28,6.18,1.8,2.72,0.9337,9.7,0.0,0,0.0,13,1.0,0,0.0,0,30.0,30,2.31,31,2.38,0.0433,159,12.23,159,1,0.08,7,0,0,0,1.26,1.22,5.3,4.29,6.19,5.82,0.9412,0.0333,-0.18,6.56,0,0,0,0,0,,,,,,14,60,1,17,16,99,0
304,Tyler Johnson,WR,WR123,NYJ,NYJ,9,9,37.7,4.19,31.7,3.52,25.7,2.86,289.0,123,115.0,15.0,302,304,-6.41,-57.7,4.0,0.0,10.28,1.7,5.22,1.2458,15.4,0.0,0,0.0,8,0.8889,2,0.2222,0,16.0,12,1.33,18,2.0,0.0785,197,21.89,197,1,0.11,8,0,0,0,3.14,2.09,16.42,,16.42,10.94,0.6667,0.0833,11.67,5.33,0,0,0,0,0,,,,,,0,0,0,18,12,197,1
305,Devontez Walker,WR,WR124,BAL,BAL,8,5,37.6,4.7,34.6,4.32,31.6,3.95,266.0,124,104.0,39.0,296,280,-5.9,-47.2,4.0,0.0,13.8,2.0,6.47,1.3764,16.6,0.0,0,0.0,6,0.75,2,0.25,0,18.0,6,0.75,8,1.0,0.0427,136,17.0,136,3,0.38,5,0,0,0,6.27,4.7,22.67,,22.67,17.0,0.75,0.5,24.5,3.83,0,0,0,0,0,,,,,,0,0,0,8,6,136,3
306,Hunter Luepke,RB,RB75,DAL,DAL,14,11,37.0,2.64,30.5,2.18,24.0,1.71,358.0,75,86.0,-52.0,310,313,-8.29,-116.01,3.0,0.0,6.59,1.85,2.83,1.0701,8.7,0.0,0,0.0,14,1.0,1,0.0714,0,24.0,29,2.07,31,2.21,0.0334,180,12.86,180,1,0.07,12,0,0,0,1.28,1.19,6.21,4.44,8.38,7.27,0.8667,0.0345,-0.2,9.15,0,0,0,0,0,,,,,,16,71,0,15,13,109,1
307,Elijah Arroyo,TE,TE60,SEA,SEA,13,13,36.9,2.84,29.4,2.26,21.9,1.68,347.0,60,64.0,-40.0,314,321,-7.74,-100.67,3.0,0.0,6.36,1.6,3.33,1.1748,10.9,0.0,0,0.0,12,0.9231,0,0.0,0,14.0,15,1.15,26,2.0,0.0786,179,13.77,179,1,0.08,7,1,1,0,2.46,1.42,11.93,,11.93,6.88,0.5769,0.0667,8.46,5.2,0,0,0,0,0,,,,,,0,0,0,26,15,179,1
308,Brock Wright,TE,TE61,DET,DET,8,7,36.8,4.6,29.8,3.72,22.8,2.85,270.0,61,47.0,38.0,313,316,-5.98,-47.86,3.0,0.0,9.77,4.05,4.21,0.9161,11.8,0.0,0,0.0,6,0.75,1,0.125,0,8.0,14,1.75,22,2.75,0.0879,108,13.5,108,2,0.25,7,0,0,0,2.63,1.67,7.71,,7.71,4.91,0.6364,0.1429,1.0,6.14,0,0,0,0,0,,,,,,0,0,0,22,14,108,2
309,Jordan Whittington,WR,WR125,LA,LA,15,13,36.3,2.42,27.3,1.82,18.3,1.22,372.0,125,153.0,-63.0,324,341,-8.18,-122.7,4.0,0.0,5.3,1.9,2.18,0.8989,6.2,0.0,0,0.0,15,1.0,0,0.0,0,58.0,21,1.4,28,1.87,0.0507,183,12.2,183,0,0.0,7,0,0,0,1.73,1.3,8.71,4.0,9.5,6.84,0.72,0.0,6.84,4.89,0,0,0,0,0,,,,,,3,12,0,25,18,171,0
310,Charlie Kolar,TE,TE62,BAL,BAL,13,11,36.2,2.78,31.2,2.4,26.2,2.02,352.0,62,68.0,-42.0,304,302,-7.8,-101.37,3.0,0.0,7.24,2.7,3.23,1.1607,10.3,0.0,0,0.0,11,0.8462,0,0.0,0,14.0,10,0.77,15,1.15,0.0458,142,10.92,142,2,0.15,9,0,0,0,3.62,2.41,14.2,,14.2,9.47,0.6667,0.2,7.07,5.2,0,0,0,0,0,,,,,,0,0,0,15,10,142,2
311,Hunter Renfrow,WR,WR126,CAR,CAR,6,6,35.9,5.98,28.4,4.73,20.9,3.48,226.0,126,86.0,85.0,319,325,-4.62,-27.7,4.0,1.7,13.45,2.8,8.75,1.4623,23.8,1.7,1,0.1667,5,0.8333,1,0.1667,0,8.0,15,2.5,26,4.33,0.1303,89,14.83,89,2,0.33,8,0,0,0,2.39,1.38,5.93,,5.93,3.42,0.5769,0.1333,7.46,1.6,0,0,0,0,0,,,,,,0,0,0,26,15,89,2
312,Gunner Olszewski,WR,WR127,NYG,NYG,16,5,35.82,2.24,30.82,1.93,25.82,1.61,380.0,127,156.0,-68.0,307,303,-8.36,-133.78,4.0,0.0,7.36,0.0,5.01,2.2367,18.2,0.0,0,0.0,15,0.9375,1,0.0625,0,10.0,10,0.62,13,0.81,0.0256,145,9.06,178,2,0.12,8,0,0,0,3.58,2.76,14.5,,14.5,11.15,0.7692,0.1,10.0,7.4,1,2,33,1,0,0.5,16.5,11.5,,0.0,0,0,0,13,10,145,1
313,Trey Benson,RB,RB76,ARI,ARI,4,4,35.4,8.85,28.9,7.23,22.4,5.6,155.0,76,38.0,158.0,317,319,-2.08,-8.32,3.0,8.19,9.83,8.45,1.05,0.1183,10.4,8.1,0,0.0,3,0.75,0,0.0,0,29.0,42,10.5,45,11.25,0.1293,224,56.0,224,0,0.0,6,0,0,0,0.84,0.79,5.33,5.52,4.92,4.0,0.8125,0.0,-1.38,5.62,0,0,0,0,0,,,,,,29,160,0,16,13,64,0
313,Tyler Badie,RB,RB76,DEN,DEN,16,14,35.4,2.21,25.9,1.62,16.4,1.03,381.0,76,90.0,-68.0,330,355,-8.72,-139.47,3.0,0.0,4.4,2.35,1.7,0.7674,4.8,0.0,0,0.0,16,1.0,0,0.0,0,45.0,27,1.69,39,2.44,0.0533,164,10.25,164,0,0.0,10,0,0,0,1.31,0.91,6.07,2.88,7.42,4.55,0.6129,0.0,-1.42,11.05,0,0,0,0,0,,,,,,8,23,0,31,19,141,0
315,Lil'Jordan Humphrey,WR,WR128,DEN,NYG/DEN,7,7,34.6,4.94,28.1,4.01,21.6,3.09,260.0,128,103.0,55.0,322,323,-5.66,-39.6,4.0,0.0,10.98,4.3,4.97,1.005,13.2,0.0,0,0.0,6,0.8571,2,0.2857,0,27.0,13,1.86,25,3.57,0.1112,156,22.29,156,1,0.14,9,0,0,0,2.66,1.38,12.0,,12.0,6.24,0.52,0.0769,11.08,2.23,0,0,0,0,0,,,,,,0,0,0,25,13,156,1
316,Kendre Miller,RB,RB78,NO,NO,7,7,33.3,4.76,30.8,4.4,28.3,4.04,264.0,78,67.0,52.0,308,295,-6.17,-43.21,3.0,1.48,8.54,4.2,3.91,0.8227,12.5,0.7,0,0.0,6,0.8571,0,0.0,0,25.0,52,7.43,52,7.43,0.0213,223,31.86,223,1,0.14,10,0,0,0,0.64,0.64,4.29,4.11,6.0,6.0,1.0,0.0192,-1.0,7.0,0,0,0,0,0,,,,,,47,193,1,5,5,30,0
316,James Conner,RB,RB78,ARI,ARI,3,3,33.3,11.1,29.3,9.77,25.3,8.43,,78,,,316,306,0.17,0.51,,7.8,13.96,12.2,3.97,0.3573,14.4,6.7,0,0.0,1,0.3333,1,0.3333,0,16.0,40,13.33,41,13.67,0.0985,133,44.33,133,2,0.67,11,0,0,0,0.83,0.81,3.32,2.97,4.75,4.22,0.8889,0.05,-1.0,8.5,0,0,0,0,0,,,,,,32,95,1,9,8,38,1
318,Quinn Ewers,QB,QB48,MIA,MIA,4,4,33.18,8.29,32.68,8.17,32.18,8.04,170.0,48,45.0,148.0,298,278,-9.18,-36.72,2.0,3.55,13.56,7.64,5.66,0.6823,15.78,2.12,0,0.0,3,0.75,0,0.0,0,15.0,9,2.25,9,2.25,0.0114,13,3.25,635,3,0.75,30,3,0,0,3.69,3.69,1.44,2.38,-6.0,-6.0,1.0,0.0,-6.0,0.0,55,83,622,3,3,0.6627,7.49,8.35,1.0,0.0879,8,19,0,1,1,-6,0
319,Kevin Austin Jr.,WR,WR129,NO,NO,5,5,33.0,6.6,26.5,5.3,20.0,4.0,210.0,129,75.0,109.0,325,331,-4.0,-20.0,4.0,1.52,12.2,6.3,5.63,0.8526,15.2,0.0,0,0.0,4,0.8,1,0.2,0,15.0,13,2.6,23,4.6,0.1399,140,28.0,140,1,0.2,7,0,0,0,2.54,1.43,10.77,,10.77,6.09,0.5652,0.0769,8.3,4.31,0,0,0,0,0,,,,,,0,0,0,23,13,140,1
320,Chris Brooks,RB,RB80,GB,GB,17,14,32.7,1.92,26.2,1.54,19.7,1.16,395.0,80,92.0,-75.0,327,333,-9.01,-153.1,3.0,0.0,4.92,1.3,2.02,1.0476,6.1,0.0,0,0.0,17,1.0,0,0.0,0,41.0,40,2.35,44,2.59,0.0359,197,11.59,197,0,0.0,8,0,0,0,0.82,0.74,4.92,3.93,7.0,5.35,0.7647,0.0,0.35,8.15,0,0,0,0,0,,,,,,27,106,0,17,13,91,0
321,Hunter Long,TE,TE63,JAX,JAX,7,7,32.5,4.64,26.5,3.79,20.5,2.93,267.0,63,46.0,54.0,325,329,-5.94,-41.58,3.0,1.48,9.08,3.6,3.59,0.7727,11.3,1.3,0,0.0,5,0.7143,1,0.1429,0,12.0,12,1.71,17,2.43,0.0685,85,12.14,85,2,0.29,5,0,0,0,2.71,1.91,7.08,,7.08,5.0,0.7059,0.1667,3.88,2.58,0,0,0,0,0,,,,,,0,0,0,17,12,85,2
322,Marquez Valdes-Scantling,WR,WR130,PIT,SF/PIT,9,9,32.0,3.56,25.0,2.78,18.0,2.0,319.0,130,132.0,3.0,332,343,-7.04,-63.4,4.0,0.0,8.5,1.9,3.34,0.9403,8.9,0.0,0,0.0,9,1.0,1,0.1111,0,33.0,14,1.56,29,3.22,0.0828,120,13.33,120,1,0.11,6,0,0,0,2.29,1.1,8.57,,8.57,4.14,0.4828,0.0714,12.21,2.0,0,0,0,0,0,,,,,,0,0,0,29,14,120,1
323,Drew Sample,TE,TE64,CIN,CIN,12,11,31.9,2.66,24.4,2.03,16.9,1.41,357.0,64,73.0,-34.0,334,354,-7.92,-95.09,3.0,0.08,5.06,1.75,2.85,1.0725,10.0,0.0,0,0.0,11,0.9167,1,0.0833,0,12.0,16,1.33,21,1.75,0.0487,109,9.08,109,1,0.08,5,0,0,0,1.99,1.52,6.81,3.0,7.07,5.3,0.75,0.0625,-0.35,7.27,0,0,0,0,0,,,,,,1,3,0,20,15,106,1
324,Philip Rivers,QB,QB49,IND,IND,3,3,31.66,10.55,31.66,10.55,31.66,10.55,,49,,,303,279,-6.92,-20.76,,7.0,15.22,7.78,5.67,0.5376,17.08,6.8,0,0.0,2,0.6667,0,0.0,0,16.0,2,0.67,2,0.67,0.0,-1,-0.33,543,4,1.33,30,3,0,0,15.83,15.83,-0.5,-0.5,,,,0.0,,,58,92,544,4,3,0.6304,5.91,7.79,1.33,0.0515,2,-1,0,0,0,0,0
325,Malachi Corley,WR,WR131,CLE,CLE,12,12,31.6,2.63,26.1,2.18,20.6,1.72,359.0,131,146.0,-34.0,329,327,-7.97,-95.6,4.0,0.92,5.59,2.45,1.88,0.7155,6.1,0.2,0,0.0,12,1.0,0,0.0,0,49.0,24,2.0,27,2.25,0.0498,206,17.17,206,0,0.0,11,0,0,0,1.32,1.17,8.58,9.77,7.18,5.64,0.7857,0.0,-0.5,6.18,0,0,0,0,0,,,,,,13,127,0,14,11,79,0
325,Mitchell Tinsley,WR,WR131,CIN,CIN,8,8,31.6,3.95,27.6,3.45,23.6,2.95,301.0,131,123.0,24.0,323,315,-6.65,-53.2,4.0,0.0,9.08,3.15,3.87,0.9785,10.9,0.0,0,0.0,7,0.875,1,0.125,0,30.0,8,1.0,24,3.0,0.0832,116,14.5,116,2,0.25,6,0,0,0,3.95,1.32,14.5,,14.5,4.83,0.3333,0.25,14.75,2.0,0,0,0,0,0,,,,,,0,0,0,24,8,116,2
327,Jaleel McLaughlin,RB,RB81,DEN,DEN,8,8,31.4,3.92,29.4,3.68,27.4,3.42,304.0,81,75.0,23.0,315,300,-7.0,-56.04,3.0,0.28,7.28,4.0,2.83,0.722,8.4,0.0,0,0.0,8,1.0,0,0.0,0,32.0,41,5.12,43,5.38,0.0255,214,26.75,214,1,0.12,10,0,0,0,0.77,0.73,5.22,5.05,6.75,4.5,0.6667,0.0244,-3.83,9.75,0,0,0,0,0,,,,,,37,187,1,6,4,27,0
328,Tutu Atwell,WR,WR133,LA,LA,8,8,31.2,3.9,28.2,3.53,25.2,3.15,305.0,133,126.0,23.0,321,307,-6.7,-53.6,4.0,0.0,11.18,1.65,5.69,1.4588,15.8,0.0,0,0.0,7,0.875,1,0.125,0,19.0,6,0.75,15,1.88,0.0495,192,24.0,192,1,0.12,4,0,0,0,5.2,2.08,32.0,,32.0,12.8,0.4,0.1667,20.13,11.17,0,0,0,0,0,,,,,,0,0,0,15,6,192,1
329,Mitchell Trubisky,QB,QB50,BUF,BUF,4,4,31.12,7.78,31.12,7.78,31.12,7.78,180.0,50,47.0,149.0,305,281,-9.69,-38.78,2.0,0.54,20.5,0.93,14.06,1.8066,28.86,0.4,1,0.25,3,0.75,1,0.25,1,1.0,9,2.25,9,2.25,0.0,6,1.5,319,4,1.0,19,0,0,1,3.46,3.46,0.67,0.67,,,,0.0,,,25,35,313,4,0,0.7143,8.94,7.29,,0.0,9,6,0,0,0,0,0
330,Riley Leonard,QB,QB51,IND,IND,5,5,31.0,6.2,31.0,6.2,31.0,6.2,219.0,51,49.0,111.0,306,283,-11.27,-56.37,2.0,-1.2,17.68,0.1,10.35,1.6697,22.6,-2.0,0,0.0,4,0.8,1,0.2,1,4.0,6,1.2,6,1.2,0.0,24,4.8,439,4,0.8,22,4,1,0,5.17,5.17,4.0,4.5,,,,0.3333,,,39,67,415,2,3,0.5821,6.19,8.01,0.67,0.029,6,27,2,0,0,-3,0
330,Julian Hill,TE,TE65,MIA,MIA,11,10,31.0,2.82,23.5,2.14,16.0,1.45,349.0,65,65.0,-19.0,344,357,-7.76,-85.41,3.0,1.1,6.1,2.4,2.0,0.7086,6.2,0.0,0,0.0,11,1.0,0,0.0,0,27.0,15,1.36,20,1.82,0.0667,140,12.73,140,0,0.0,6,0,0,1,2.07,1.55,9.33,,9.33,7.0,0.75,0.0,3.3,7.4,0,0,0,0,0,,,,,,0,0,0,20,15,140,0
332,Gabe Davis,WR,WR134,BUF,BUF,6,6,30.9,5.15,24.9,4.15,18.9,3.15,252.0,134,98.0,80.0,333,337,-5.45,-32.7,4.0,0.75,11.05,3.65,5.43,1.0535,15.1,0.0,0,0.0,5,0.8333,1,0.1667,0,13.0,12,2.0,18,3.0,0.1062,129,21.5,129,1,0.17,8,0,0,0,2.58,1.72,10.75,,10.75,7.17,0.6667,0.0833,8.83,2.5,0,0,0,0,0,,,,,,0,0,0,18,12,129,1
333,Mo Alie-Cox,TE,TE66,IND,IND,11,11,30.7,2.79,24.2,2.2,17.7,1.61,351.0,66,67.0,-18.0,337,346,-7.79,-85.71,3.0,0.0,5.2,1.9,3.17,1.1358,11.0,0.0,0,0.0,10,0.9091,0,0.0,0,13.0,13,1.18,20,1.82,0.0565,117,10.64,117,1,0.09,4,0,0,0,2.36,1.54,9.0,,9.0,5.85,0.65,0.0769,4.65,5.92,0,0,0,0,0,,,,,,0,0,0,20,13,117,1
334,Zay Jones,WR,WR135,ARI,ARI,6,6,30.3,5.05,24.3,4.05,18.3,3.05,255.0,135,99.0,79.0,336,341,-5.55,-33.3,4.0,0.7,10.8,3.65,4.88,0.9666,12.9,0.0,0,0.0,5,0.8333,2,0.3333,0,23.0,12,2.0,18,3.0,0.0849,183,30.5,183,0,0.0,7,0,0,0,2.52,1.68,15.25,,15.25,10.17,0.6667,0.0,13.39,3.0,0,0,0,0,0,,,,,,0,0,0,18,12,183,0
335,Brycen Tremayne,WR,WR136,CAR,CAR,15,8,30.0,2.0,23.0,1.53,16.0,1.07,390.0,136,162.0,-55.0,347,357,-8.6,-129.0,4.0,0.0,5.84,0.0,2.66,1.3315,7.8,0.0,0,0.0,15,1.0,0,0.0,0,55.0,14,0.93,18,1.2,0.0368,160,10.67,160,0,0.0,7,0,0,0,2.14,1.67,11.43,,11.43,8.89,0.7778,0.0,8.72,4.14,0,0,0,0,0,,,,,,0,0,0,18,14,160,0
336,Jalen McMillan,WR,WR137,TB,TB,4,4,29.9,7.48,23.9,5.98,17.9,4.48,190.0,137,66.0,146.0,342,344,-3.13,-12.5,4.0,2.55,14.62,4.7,7.44,0.9953,18.4,2.1,0,0.0,3,0.75,1,0.25,0,10.0,13,3.25,16,4.0,0.1081,179,44.75,179,0,0.0,8,0,0,0,2.3,1.87,13.77,1.0,14.83,11.87,0.8,0.0,11.93,4.92,0,0,0,0,0,,,,,,1,1,0,15,12,178,0
337,Jawhar Jordan,RB,RB82,HOU,HOU,4,4,29.7,7.43,26.2,6.55,22.7,5.68,191.0,82,49.0,146.0,327,317,-3.5,-14.02,3.0,1.29,13.26,7.8,6.51,0.8762,13.8,0.3,0,0.0,2,0.5,1,0.25,0,17.0,50,12.5,50,12.5,0.056,227,56.75,227,0,0.0,10,0,0,0,0.59,0.59,4.54,4.49,4.86,4.86,1.0,0.0,-0.86,5.71,0,0,0,0,0,,,,,,43,193,0,7,7,34,0
338,Luke Farrell,TE,TE67,SF,SF,13,9,29.5,2.27,24.0,1.85,18.5,1.42,377.0,67,78.0,-39.0,340,340,-8.31,-108.07,3.0,0.0,8.02,1.4,3.32,1.4642,9.5,0.0,0,0.0,11,0.8462,0,0.0,0,13.0,11,0.85,14,1.08,0.0319,85,6.54,85,2,0.15,6,1,1,0,2.68,2.11,7.73,,7.73,6.07,0.7857,0.1818,2.93,4.73,0,0,0,0,0,,,,,,0,0,0,14,11,85,2
339,Raheem Mostert,RB,RB83,LV,LV,12,12,29.4,2.45,23.4,1.95,17.4,1.45,369.0,83,88.0,-30.0,345,350,-8.48,-101.75,3.0,0.66,4.83,2.05,2.3,0.9376,8.3,-0.4,0,0.0,12,1.0,0,0.0,0,41.0,34,2.83,34,2.83,0.0349,174,14.5,174,0,0.0,11,0,0,0,0.86,0.86,5.12,4.73,5.83,5.83,1.0,0.0,-1.33,7.17,0,0,0,0,0,,,,,,22,104,0,12,12,70,0
340,Treylon Burks,WR,WR138,WAS,WAS,8,8,29.0,3.62,24.0,3.0,19.0,2.38,315.0,138,131.0,25.0,340,336,-6.98,-55.8,4.0,0.0,7.89,2.8,3.25,0.8968,8.8,0.0,0,0.0,8,1.0,0,0.0,0,39.0,10,1.25,22,2.75,0.1255,130,16.25,130,1,0.12,7,0,0,0,2.9,1.32,13.0,,13.0,5.91,0.4545,0.1,13.45,3.4,0,0,0,0,0,,,,,1.0,0,0,0,22,10,130,1
341,Jimmy Horn Jr.,WR,WR139,CAR,CAR,10,10,28.7,2.87,23.2,2.32,17.7,1.77,345.0,139,144.0,-4.0,346,347,-7.73,-77.3,4.0,1.62,5.26,2.5,1.73,0.604,6.7,0.9,0,0.0,10,1.0,0,0.0,0,48.0,19,1.9,23,2.3,0.0635,177,17.7,177,0,0.0,7,0,0,0,1.51,1.25,9.32,8.62,9.82,7.2,0.7333,0.0,6.0,6.45,0,0,0,0,0,,,,,,8,69,0,15,11,108,0
342,Elijah Moore,WR,WR140,BUF,BUF,9,9,28.6,3.18,24.1,2.68,19.6,2.18,335.0,140,138.0,7.0,339,334,-7.42,-66.8,4.0,0.0,7.02,2.4,3.42,1.0773,10.7,0.0,0,0.0,8,0.8889,0,0.0,0,42.0,15,1.67,23,2.56,0.0677,136,15.11,136,1,0.11,7,0,0,0,1.91,1.24,9.07,4.0,12.44,6.59,0.5294,0.0667,8.35,6.44,0,0,0,0,0,,,,,,6,24,1,17,9,112,0
343,Brady Cook,QB,QB52,NYJ,NYJ,5,5,28.46,5.69,28.46,5.69,28.46,5.69,239.0,52,50.0,104.0,318,294,-11.78,-58.91,2.0,3.0,9.04,4.18,3.1,0.5443,9.1,2.52,0,0.0,5,1.0,0,0.0,0,22.0,13,2.6,13,2.6,0.0,49,9.8,788,2,0.4,39,8,1,1,2.19,2.19,3.77,3.77,,,,0.0,,,88,153,739,2,7,0.5752,4.83,5.67,0.29,0.1105,13,49,0,0,0,0,0
344,Ben Sinnott,TE,TE68,WAS,WAS,9,8,28.4,3.16,22.9,2.54,17.4,1.93,336.0,68,62.0,8.0,348,351,-7.43,-66.84,3.0,1.2,6.2,2.3,2.37,0.7518,7.4,0.0,0,0.0,8,0.8889,0,0.0,0,20.0,11,1.22,13,1.44,0.068,114,12.67,114,1,0.11,5,0,0,0,2.58,2.18,10.36,,10.36,8.77,0.8462,0.0909,8.15,5.73,0,0,0,0,0,,,,,,0,0,0,13,11,114,1
345,Isaiah Hodgins,WR,WR141,NYG,NYG,6,6,27.5,4.58,22.5,3.75,17.5,2.92,272.0,141,106.0,73.0,351,349,-6.02,-36.1,4.0,0.7,11.45,1.6,5.37,1.1727,12.2,0.0,0,0.0,4,0.6667,2,0.3333,0,26.0,10,1.67,19,3.17,0.102,115,19.17,115,1,0.17,6,0,0,0,2.75,1.45,11.5,,11.5,6.05,0.5263,0.1,10.89,1.7,0,0,0,0,0,,,,,,0,0,0,19,10,115,1
346,Connor Heyward,FB,FB2,PIT,PIT,14,11,27.4,1.96,25.9,1.85,24.4,1.74,391.0,2,3.0,-45.0,331,311,,,,0.0,7.17,0.25,3.04,1.5554,8.2,0.0,0,0.0,0,0.0,0,0.0,14,1.0,18,1.29,19,1.36,0.0086,64,4.57,64,3,0.21,12,0,0,0,1.52,1.44,3.56,2.87,7.0,5.25,0.75,0.1667,6.5,1.67,0,0,0,0,0,,,,,,15,43,2,4,3,21,1
347,John Bates,TE,TE69,WAS,WAS,10,9,27.3,2.73,21.8,2.18,16.3,1.63,354.0,69,70.0,-7.0,354,356,-7.85,-78.52,3.0,0.0,4.53,2.4,2.65,0.9725,9.3,0.0,0,0.0,9,0.9,0,0.0,0,15.0,11,1.1,16,1.6,0.0685,103,10.3,103,1,0.1,6,0,0,0,2.48,1.71,9.36,,9.36,6.44,0.6875,0.0909,3.0,6.18,0,0,0,0,0,,,,,,0,0,0,16,11,103,1
348,Luke Schoonmaker,TE,TE70,DAL,DAL,14,14,27.2,1.94,20.2,1.44,13.2,0.94,394.0,70,81.0,-46.0,356,378,-8.64,-120.95,3.0,0.0,3.78,2.0,1.43,0.7353,4.5,0.0,0,0.0,14,1.0,0,0.0,0,27.0,14,1.0,23,1.64,0.0458,132,9.43,132,0,0.0,7,0,0,0,1.94,1.18,9.43,,9.43,5.74,0.6087,0.0,7.17,5.86,0,0,0,0,0,,,,,,0,0,0,23,14,132,0
349,Miles Sanders,RB,RB84,DAL,DAL,4,4,26.7,6.68,22.7,5.68,18.7,4.68,208.0,84,53.0,141.0,350,339,-4.25,-17.02,3.0,4.15,9.42,6.4,2.88,0.4318,9.9,4.0,0,0.0,4,1.0,0,0.0,0,31.0,28,7.0,28,7.0,0.0474,147,36.75,147,1,0.25,5,1,1,0,0.95,0.95,5.25,5.85,3.75,3.75,1.0,0.0357,-1.75,5.5,0,0,0,0,0,,,,,,20,117,1,8,8,30,0
349,Jahdae Walker,WR,WR142,CHI,CHI,6,3,26.7,4.45,23.7,3.95,20.7,3.45,279.0,142,109.0,70.0,343,326,-6.15,-36.9,4.0,0.0,10.85,2.5,5.34,1.2007,11.6,0.0,0,0.0,4,0.6667,2,0.3333,0,22.0,6,1.0,10,1.67,0.0516,87,14.5,87,2,0.33,4,0,0,0,4.45,2.67,14.5,,14.5,8.7,0.6,0.3333,13.0,1.33,0,0,0,0,0,,,,,,0,0,0,10,6,87,2
351,Theo Wease Jr.,WR,WR143,MIA,MIA,3,3,25.9,8.63,22.9,7.63,19.9,6.63,,143,,,348,332,-1.97,-5.9,,5.64,12.12,7.4,4.19,0.4852,13.3,5.2,0,0.0,2,0.6667,1,0.3333,0,23.0,6,2.0,10,3.33,0.1306,139,46.33,139,1,0.33,6,0,0,0,4.32,2.59,23.17,,23.17,13.9,0.6,0.1667,13.7,10.5,0,0,0,0,0,,,,,,0,0,0,10,6,139,1
352,Jaret Patterson,RB,RB85,LAC,LAC,6,6,25.7,4.28,24.2,4.03,22.7,3.78,285.0,85,71.0,67.0,338,318,-6.65,-39.88,3.0,0.1,9.05,3.7,4.32,1.0077,11.4,0.1,0,0.0,5,0.8333,0,0.0,0,27.0,44,7.33,45,7.5,0.0175,167,27.83,167,1,0.17,8,0,0,0,0.58,0.57,3.8,3.88,2.67,2.0,0.75,0.0227,-0.25,2.67,0,0,0,0,0,,,,,,41,159,1,4,3,8,0
353,Savion Williams,WR,WR144,GB,GB,12,11,25.5,2.12,20.5,1.71,15.5,1.29,383.0,144,158.0,-30.0,355,359,-8.48,-101.7,4.0,0.0,5.2,1.15,2.5,1.1783,7.9,-0.1,0,0.0,12,1.0,0,0.0,0,49.0,21,1.75,21,1.75,0.0263,115,9.58,115,1,0.08,4,1,1,0,1.21,1.21,5.48,3.36,7.8,7.8,1.0,0.0476,1.7,6.1,0,0,0,0,0,,,,,,11,37,0,10,10,78,1
354,Konata Mumpfield,WR,WR145,LA,LA,10,9,25.2,2.52,20.2,2.02,15.2,1.52,366.0,145,150.0,-12.0,356,360,-8.08,-80.8,4.0,0.0,7.05,1.6,2.91,1.1542,7.5,0.0,0,0.0,10,1.0,0,0.0,0,50.0,10,1.0,23,2.3,0.0616,92,9.2,92,1,0.1,7,0,0,0,2.52,1.1,9.2,,9.2,4.0,0.4348,0.1,12.87,2.5,0,0,0,0,0,,,,,,0,0,0,23,10,92,1
355,John FitzPatrick,TE,TE71,GB,GB,11,10,25.2,2.29,19.2,1.75,13.2,1.2,376.0,71,77.0,-21.0,364,379,-8.29,-91.21,3.0,0.0,4.8,1.5,2.72,1.1885,9.2,0.0,0,0.0,10,0.9091,0,0.0,0,15.0,12,1.09,15,1.36,0.0501,72,6.55,72,1,0.09,4,0,0,0,2.1,1.68,6.0,,6.0,4.8,0.8,0.0833,1.6,4.75,0,0,0,0,0,,,,,,0,0,0,15,12,72,1
356,LeQuint Allen Jr.,RB,RB86,JAX,JAX,16,14,24.8,1.55,19.8,1.24,14.8,0.92,416.0,86,98.0,-60.0,360,366,-9.38,-150.07,3.0,0.1,2.7,1.65,1.05,0.6791,3.6,0.0,0,0.0,16,1.0,0,0.0,0,51.0,33,2.06,34,2.12,0.0211,148,9.25,148,0,0.0,5,0,0,0,0.75,0.73,4.48,4.09,5.4,4.91,0.9091,0.0,-1.36,6.1,0,0,0,0,0,,,,,,23,94,0,11,10,54,0
357,Ian Thomas,TE,TE72,LV,LV,9,7,24.4,2.71,17.9,1.99,11.4,1.27,355.0,72,71.0,2.0,370,385,-7.87,-70.84,3.0,0.0,5.52,1.9,2.45,0.9045,7.6,0.0,0,0.0,8,0.8889,0,0.0,0,17.0,13,1.44,13,1.44,0.0434,114,12.67,114,0,0.0,5,0,0,0,1.88,1.88,8.77,,8.77,8.77,1.0,0.0,3.23,5.54,0,0,0,0,0,,,,,,0,0,0,13,13,114,0
358,Josh Johnson,QB,QB53,WAS,WAS,3,3,24.38,8.13,24.38,8.13,24.38,8.13,,53,,,335,312,-9.35,-28.04,,1.56,14.38,8.92,8.04,0.9893,15.74,-0.28,0,0.0,2,0.6667,0,0.0,0,13.0,12,4.0,12,4.0,0.0,55,18.33,427,2,0.67,25,3,1,0,2.03,2.03,4.58,4.58,,,,0.0833,,,34,54,372,1,2,0.6296,6.89,5.8,0.5,0.0357,12,55,1,0,0,0,0
359,Rasheen Ali,RB,RB87,BAL,BAL,15,8,24.2,1.61,19.7,1.31,15.2,1.01,410.0,87,97.0,-51.0,362,360,-9.32,-139.74,3.0,0.0,3.1,0.0,2.92,1.8098,11.2,0.0,0,0.0,14,0.9333,1,0.0667,0,24.0,16,1.07,18,1.2,0.0365,92,6.13,92,1,0.07,3,0,0,0,1.51,1.34,5.75,3.43,7.56,6.18,0.8182,0.0625,-0.09,9.22,0,0,0,0,0,,,,,,7,24,0,11,9,68,1
359,Bo Melton,WR,WR146,GB,GB,13,8,24.2,1.86,22.2,1.71,20.2,1.55,400.0,146,165.0,-41.0,352,330,-8.74,-113.6,4.0,0.0,4.72,0.0,3.35,1.8007,11.5,0.0,0,0.0,12,0.9231,1,0.0769,0,24.0,9,0.69,18,1.38,0.0401,142,10.92,142,1,0.08,6,0,0,0,2.69,1.34,15.78,7.0,26.75,8.23,0.3077,0.1111,17.08,1.75,0,0,0,0,0,,,,,,5,35,0,13,4,107,1
361,Dare Ogunbowale,RB,RB88,HOU,HOU,14,9,24.1,1.72,19.1,1.36,14.1,1.01,406.0,88,96.0,-45.0,365,368,-9.21,-128.91,3.0,0.0,5.29,1.05,2.24,1.3014,6.5,0.0,0,0.0,14,1.0,0,0.0,0,38.0,21,1.5,24,1.71,0.0305,101,7.21,101,1,0.07,4,1,1,0,1.15,1.0,4.81,2.27,7.6,5.85,0.7692,0.0476,1.85,5.6,0,0,0,0,0,,,,,,11,25,1,13,10,76,0
362,Brevyn Spann-Ford,TE,TE73,DAL,DAL,16,10,24.0,1.5,19.5,1.22,15.0,0.94,419.0,73,90.0,-57.0,363,362,-9.08,-145.32,3.0,0.0,4.55,0.6,2.19,1.4622,7.4,0.0,0,0.0,15,0.9375,0,0.0,0,19.0,9,0.56,13,0.81,0.0252,90,5.62,90,1,0.06,4,0,0,0,2.67,1.85,10.0,,10.0,6.92,0.6923,0.1111,8.23,3.67,0,0,0,0,0,,,,,,0,0,0,13,9,90,1
363,Dont'e Thornton Jr.,WR,WR147,LV,LV,11,11,23.5,2.14,18.5,1.68,13.5,1.23,382.0,147,157.0,-19.0,367,375,-8.46,-93.1,4.0,0.0,4.9,2.1,2.18,1.0194,6.5,0.0,0,0.0,11,1.0,0,0.0,0,57.0,10,0.91,30,2.73,0.0995,135,12.27,135,0,0.0,7,0,0,0,2.35,0.78,13.5,,13.5,4.5,0.3333,0.0,16.57,3.8,0,0,0,0,0,,,,,,0,0,0,30,10,135,0
364,Antonio Gibson,RB,RB89,NE,NE,5,5,23.2,4.64,22.2,4.44,21.2,4.24,268.0,89,68.0,96.0,352,324,-6.29,-31.45,3.0,0.5,9.36,3.6,4.41,0.9503,9.8,0.3,0,0.0,5,1.0,0,0.0,0,32.0,27,5.4,28,5.6,0.0203,112,22.4,112,2,0.4,6,1,1,0,0.86,0.83,4.15,4.24,3.0,2.0,0.6667,0.037,-2.0,8.0,0,0,0,0,0,,,,,,25,106,1,3,2,6,0
365,Josh Reynolds,WR,WR148,NYJ,NYJ,5,5,23.1,4.62,17.6,3.52,12.1,2.42,269.0,148,105.0,96.0,371,382,-5.98,-29.9,4.0,1.52,7.1,5.5,2.97,0.642,7.9,0.0,0,0.0,5,1.0,0,0.0,0,53.0,11,2.2,21,4.2,0.1571,101,20.2,101,0,0.0,4,0,0,1,2.1,1.1,9.18,,9.18,4.81,0.5238,0.0,13.14,1.27,0,0,0,0,0,,,,,,0,0,0,21,11,101,0
366,Allen Lazard,WR,WR149,NYJ,NYJ,9,9,23.0,2.56,18.0,2.0,13.0,1.44,363.0,149,148.0,3.0,369,380,-8.04,-72.4,4.0,1.04,4.74,1.8,2.69,1.0538,9.3,0.0,0,0.0,9,1.0,0,0.0,0,39.0,10,1.11,18,2.0,0.0632,70,7.78,70,1,0.11,4,0,0,0,2.3,1.28,7.0,,7.0,3.89,0.5556,0.1,7.89,3.3,0,0,0,0,0,,,,,,0,0,0,18,10,70,1
366,Andrew Beck,FB,FB3,NYJ,NYJ,11,7,23.0,2.09,20.0,1.82,17.0,1.55,384.0,3,2.0,-18.0,358,353,,,,0.0,7.1,1.6,2.68,1.2821,7.2,0.0,0,0.0,0,0.0,0,0.0,11,1.0,7,0.64,10,0.91,0.0302,50,4.55,50,2,0.18,5,0,0,0,3.29,2.3,7.14,5.0,7.5,5.0,0.6667,0.2857,4.22,3.33,0,0,0,0,0,,,,,,1,5,0,9,6,45,2
368,Grant Calcaterra,TE,TE74,PHI,PHI,9,8,22.6,2.51,18.1,2.01,13.6,1.51,367.0,74,75.0,1.0,368,372,-8.07,-72.64,3.0,0.0,5.06,1.6,3.08,1.2267,10.1,0.0,0,0.0,8,0.8889,0,0.0,0,13.0,9,1.0,13,1.44,0.0548,76,8.44,76,1,0.11,4,0,0,0,2.51,1.74,8.44,,8.44,5.85,0.6923,0.1111,6.54,3.44,0,0,0,0,0,,,,,,0,0,0,13,9,76,1
369,Curtis Samuel,WR,WR150,BUF,BUF,6,5,21.1,3.52,17.6,2.93,14.1,2.35,320.0,150,133.0,49.0,371,369,-7.08,-42.5,4.0,0.8,7.25,2.5,3.72,1.0575,10.6,0.0,0,0.0,5,0.8333,0,0.0,0,41.0,7,1.17,9,1.5,0.0539,81,13.5,81,1,0.17,5,0,0,0,3.01,2.34,11.57,,11.57,9.0,0.7778,0.1429,16.11,3.86,0,0,0,0,0,,,,,,0,0,0,9,7,81,1
370,George Holani,RB,RB90,SEA,SEA,10,4,20.8,2.08,19.8,1.98,18.8,1.88,387.0,90,91.0,-17.0,360,338,-8.85,-88.49,3.0,0.0,6.31,0.3,3.24,1.5567,9.1,0.0,0,0.0,10,1.0,0,0.0,0,31.0,24,2.4,24,2.4,0.01,88,8.8,88,2,0.2,6,1,1,0,0.87,0.87,3.67,3.32,7.5,7.5,1.0,0.0417,-0.5,8.0,0,0,0,0,0,,,,,,22,73,1,2,2,15,0
371,Will Dissly,TE,TE75,LAC,LAC,8,8,20.7,2.59,15.2,1.9,9.7,1.21,360.0,75,74.0,11.0,378,401,-7.99,-63.96,3.0,0.77,4.47,2.25,1.86,0.719,5.8,0.0,0,0.0,8,1.0,0,0.0,0,25.0,11,1.38,16,2.0,0.0605,97,12.12,97,0,0.0,5,0,0,0,1.88,1.29,8.82,,8.82,6.06,0.6875,0.0,4.5,6.0,0,0,0,0,0,,,,,,0,0,0,16,11,97,0
371,Jamari Thrash,WR,WR151,CLE,CLE,8,8,20.7,2.59,15.7,1.96,10.7,1.34,360.0,151,147.0,11.0,375,392,-8.01,-64.1,4.0,1.05,3.84,2.95,1.54,0.5946,5.1,0.0,0,0.0,8,1.0,0,0.0,0,62.0,10,1.25,15,1.88,0.0578,107,13.38,107,0,0.0,5,0,0,0,2.07,1.38,10.7,,10.7,7.13,0.6667,0.0,6.8,3.9,0,0,0,0,0,,,,,,0,0,0,15,10,107,0
373,Mason Tipton,WR,WR152,NO,NO,8,6,20.4,2.55,14.9,1.86,9.4,1.18,364.0,152,149.0,9.0,383,407,-8.05,-64.4,4.0,0.0,6.84,0.55,3.35,1.3132,8.1,0.0,0,0.0,8,1.0,0,0.0,0,45.0,15,1.88,21,2.62,0.0542,94,11.75,94,0,0.0,6,0,0,0,1.36,0.97,6.27,4.5,6.91,4.47,0.6471,0.0,8.76,3.36,0,0,0,0,0,,,,,,4,18,0,17,11,76,0
373,Jaydon Blue,RB,RB91,DAL,DAL,5,5,20.4,4.08,19.9,3.98,19.4,3.88,294.0,91,73.0,79.0,359,335,-6.85,-34.25,3.0,0.28,9.2,2.9,4.97,1.218,12.4,0.0,0,0.0,4,0.8,1,0.2,0,16.0,39,7.8,39,7.8,0.0067,134,26.8,134,1,0.2,7,0,0,0,0.52,0.52,3.44,3.39,5.0,5.0,1.0,0.0256,-5.0,10.0,0,0,0,0,0,,,,,,38,129,1,1,1,5,0
375,Raheim Sanders,RB,RB92,CLE,CLE,4,4,20.3,5.08,18.8,4.7,17.3,4.32,254.0,92,65.0,121.0,366,352,-5.85,-23.42,3.0,4.16,6.09,4.95,1.05,0.2075,6.3,4.1,0,0.0,4,1.0,0,0.0,0,36.0,30,7.5,31,7.75,0.0429,113,28.25,113,1,0.25,7,0,0,0,0.68,0.65,3.77,3.41,7.0,5.25,0.75,0.0333,3.5,4.67,0,0,0,0,0,,,,,,27,92,1,4,3,21,0
376,Johnny Mundt,TE,TE76,JAX,JAX,12,11,20.1,1.68,15.6,1.3,11.1,0.93,407.0,76,87.0,-31.0,377,387,-8.91,-106.89,3.0,0.0,3.05,1.8,1.44,0.8622,4.5,0.0,0,0.0,12,1.0,0,0.0,0,31.0,9,0.75,19,1.58,0.0513,111,9.25,111,0,0.0,6,0,0,0,2.23,1.06,12.33,,12.33,5.84,0.4737,0.0,5.26,8.44,0,0,0,0,0,,,,,,0,0,0,19,9,111,0
377,Ashton Dulin,WR,WR153,IND,IND,12,7,20.0,1.67,17.5,1.46,15.0,1.25,408.0,153,166.0,-31.0,373,362,-8.93,-107.2,4.0,0.0,5.5,0.1,2.55,1.53,7.5,0.0,0,0.0,12,1.0,0,0.0,0,50.0,8,0.67,13,1.08,0.0268,150,12.5,150,0,0.0,6,0,0,0,2.5,1.54,18.75,14.67,21.2,10.6,0.5,0.0,15.8,10.6,0,0,0,0,0,,,,,,3,44,0,10,5,106,0
378,Nick Westbrook-Ikhine,WR,WR154,MIA,MIA,13,9,19.9,1.53,14.4,1.11,8.9,0.68,417.0,154,170.0,-39.0,388,414,-9.07,-117.9,4.0,0.0,4.12,1.1,1.77,1.1565,4.6,0.0,0,0.0,13,1.0,0,0.0,0,63.0,11,0.85,20,1.54,0.0516,89,6.85,89,0,0.0,8,0,0,0,1.81,0.99,8.09,,8.09,4.45,0.55,0.0,5.5,2.55,0,0,0,0,0,,,,,,0,0,0,20,11,89,0
378,Cade Stover,TE,TE77,HOU,HOU,6,6,19.9,3.32,13.9,2.32,7.9,1.32,332.0,77,60.0,46.0,391,423,-7.27,-43.59,3.0,0.95,5.7,3.3,2.26,0.6821,6.2,0.0,0,0.0,6,1.0,0,0.0,0,25.0,16,2.67,20,3.33,0.0929,79,13.17,79,0,0.0,6,0,0,0,1.24,0.99,4.94,0.75,6.33,4.75,0.75,0.0,1.94,4.33,0,0,0,0,0,,,,,,4,3,0,16,12,76,0
380,Dante Pettis,WR,WR155,NO,NO,8,4,19.7,2.46,15.2,1.9,10.7,1.34,368.0,155,151.0,12.0,378,392,-8.14,-65.1,4.0,0.0,7.71,0.0,4.1,1.6669,11.0,0.0,0,0.0,7,0.875,1,0.125,0,23.0,9,1.12,11,1.38,0.0425,127,15.88,127,0,0.0,4,1,1,0,2.19,1.79,14.11,,14.11,11.55,0.8182,0.0,9.55,9.56,0,0,0,0,0,,,,,,0,0,0,11,9,127,0
381,Will Shipley,RB,RB93,PHI,PHI,14,11,19.5,1.39,15.0,1.07,10.5,0.75,421.0,93,100.0,-40.0,380,396,-9.54,-133.51,3.0,0.0,3.09,1.3,1.58,1.1329,5.4,0.0,0,0.0,14,1.0,0,0.0,0,42.0,23,1.64,26,1.86,0.0292,105,7.5,105,0,0.0,6,0,0,0,0.85,0.75,4.57,3.5,6.22,4.67,0.75,0.0,-0.83,7.0,0,0,0,0,0,,,,,,14,49,0,12,9,56,0
382,Darius Cooper,WR,WR156,PHI,PHI,6,5,18.2,3.03,13.7,2.28,9.2,1.53,339.0,156,141.0,43.0,395,410,-7.57,-45.4,4.0,0.7,5.6,2.8,2.29,0.754,6.3,0.0,0,0.0,6,1.0,0,0.0,0,48.0,9,1.5,11,1.83,0.0642,92,15.33,92,0,0.0,6,0,0,0,2.02,1.65,10.22,,10.22,8.36,0.8182,0.0,9.91,2.44,0,0,0,0,0,,,,,,0,0,0,11,9,92,0
383,Tanner Conner,TE,TE78,MIA,MIA,8,7,18.1,2.26,13.6,1.7,9.1,1.14,378.0,78,79.0,5.0,396,411,-8.32,-66.56,3.0,0.0,3.86,2.45,1.59,0.7036,4.0,0.0,0,0.0,8,1.0,0,0.0,0,33.0,9,1.12,15,1.88,0.0604,91,11.38,91,0,0.0,3,0,0,0,2.01,1.21,10.11,,10.11,6.07,0.6,0.0,7.93,4.33,0,0,0,0,0,,,,,,0,0,0,15,9,91,0
384,Cody White,WR,WR157,SEA,SEA,8,3,18.0,2.25,16.5,2.06,15.0,1.88,379.0,157,155.0,5.0,374,362,-8.35,-66.8,4.0,0.0,6.07,0.0,4.5,1.9998,13.0,0.0,0,0.0,7,0.875,1,0.125,0,29.0,3,0.38,4,0.5,0.02,90,11.25,90,1,0.12,2,0,0,0,6.0,4.5,30.0,,30.0,22.5,0.75,0.3333,9.75,19.33,0,0,0,0,0,,,,,,0,0,0,4,3,90,1
385,Kameron Johnson,WR,WR158,TB,TB,17,5,17.7,1.04,15.7,0.92,13.7,0.81,438.0,158,181.0,-53.0,376,371,-9.56,-162.5,4.0,0.0,0.56,0.0,3.97,3.81,16.4,0.0,0,0.0,16,0.9412,1,0.0588,0,14.0,6,0.35,9,0.53,0.0149,77,4.53,77,1,0.06,4,0,0,0,2.95,1.97,12.83,6.5,16.0,9.14,0.5714,0.1667,12.57,5.0,0,0,0,0,0,,,,,,2,13,0,7,4,64,1
386,Quintin Morris,TE,TE79,JAX,JAX,11,5,17.5,1.59,14.5,1.32,11.5,1.05,412.0,79,88.0,-26.0,387,384,-8.99,-98.91,3.0,0.0,4.0,0.0,2.38,1.4984,7.5,0.0,0,0.0,10,0.9091,0,0.0,0,21.0,6,0.55,9,0.82,0.0317,55,5.0,55,1,0.09,4,0,0,0,2.92,1.94,9.17,,9.17,6.11,0.6667,0.1667,5.0,3.5,0,0,0,0,0,,,,,,0,0,0,9,6,55,1
387,Tyler Conklin,TE,TE80,LAC,LAC,6,6,17.3,2.88,13.8,2.3,10.3,1.72,344.0,80,63.0,43.0,392,399,-7.7,-46.19,3.0,0.65,6.1,1.9,2.69,0.9312,7.2,0.0,0,0.0,5,0.8333,0,0.0,0,23.0,8,1.33,11,1.83,0.0467,103,17.17,103,0,0.0,4,0,0,0,2.16,1.57,12.88,2.0,14.43,10.1,0.7,0.0,4.5,8.14,0,0,0,0,0,,,,,,1,2,0,10,7,101,0
388,Trayveon Williams,RB,RB94,CLE,LAC/CLE,6,5,17.1,2.85,13.1,2.18,9.1,1.52,346.0,94,85.0,42.0,400,411,-8.08,-48.48,3.0,0.45,6.25,1.85,3.45,1.2116,9.5,0.0,0,0.0,6,1.0,0,0.0,0,34.0,18,3.0,19,3.17,0.0583,91,15.17,91,0,0.0,5,0,0,0,0.95,0.9,5.06,3.6,6.88,6.11,0.8889,0.0,-3.78,10.38,0,0,0,0,0,,,,,,10,36,0,9,8,55,0
389,Ben Skowronek,WR,WR159,PIT,PIT,16,6,16.9,1.06,14.9,0.93,12.9,0.81,437.0,159,180.0,-48.0,383,381,-9.54,-152.7,4.0,0.0,2.7,0.0,2.41,2.2798,9.2,0.0,0,0.0,16,1.0,0,0.0,0,40.0,4,0.25,6,0.38,0.0137,69,4.31,69,1,0.06,4,0,0,0,4.22,2.82,17.25,,17.25,11.5,0.6667,0.25,10.17,5.75,0,0,0,0,0,,,,,,0,0,0,6,4,69,1
390,Nate Adkins,TE,TE81,DEN,DEN,6,6,16.8,2.8,13.8,2.3,10.8,1.8,350.0,81,66.0,40.0,392,391,-7.78,-46.69,3.0,0.0,7.15,1.25,4.03,1.4401,10.3,0.0,0,0.0,5,0.8333,0,0.0,0,16.0,6,1.0,11,1.83,0.0494,48,8.0,48,1,0.17,3,0,0,0,2.8,1.53,8.0,,8.0,4.36,0.5455,0.1667,3.18,4.33,0,0,0,0,0,,,,,,0,0,0,11,6,48,1
391,Jack Stoll,TE,TE82,NO,NO,9,8,16.6,1.84,13.6,1.51,10.6,1.18,401.0,82,83.0,-10.0,396,395,-8.74,-78.64,3.0,0.0,3.38,1.4,3.2,1.736,10.1,0.0,0,0.0,8,0.8889,1,0.1111,0,11.0,6,0.67,11,1.22,0.0348,46,5.11,46,1,0.11,2,0,0,0,2.77,1.51,7.67,,7.67,4.18,0.5455,0.1667,3.09,2.83,0,0,0,0,0,,,,,,0,0,0,11,6,46,1
392,Efton Chism III,WR,WR160,NE,NE,8,2,16.5,2.06,15.0,1.88,13.5,1.69,388.0,160,161.0,4.0,380,375,-8.54,-68.3,4.0,0.0,6.75,0.0,4.31,2.0912,12.0,0.0,0,0.0,7,0.875,1,0.125,0,28.0,3,0.38,3,0.38,0.0162,75,9.38,75,1,0.12,3,0,0,0,5.5,5.5,25.0,,25.0,25.0,1.0,0.3333,11.67,13.33,0,0,0,0,0,,,,,,0,0,0,3,3,75,1
393,KeAndre Lambert-Smith,WR,WR161,LAC,LAC,10,7,16.1,1.61,13.6,1.36,11.1,1.11,411.0,161,168.0,-18.0,396,387,-8.99,-89.9,4.0,0.0,4.82,0.0,2.84,1.7642,8.6,0.0,0,0.0,10,1.0,0,0.0,0,45.0,5,0.5,12,1.2,0.0356,51,5.1,51,1,0.1,3,0,0,0,3.22,1.34,10.2,,10.2,4.25,0.4167,0.2,17.58,4.2,0,0,0,0,0,,,,,,0,0,0,12,5,51,1
394,Shedrick Jackson,WR,WR162,LV,LV,3,3,15.9,5.3,13.9,4.63,11.9,3.97,,162,,,390,383,-5.3,-15.9,,2.72,8.4,4.0,3.72,0.7027,9.5,2.4,0,0.0,3,1.0,1,0.3333,0,34.0,5,1.67,6,2.0,0.0604,59,19.67,59,1,0.33,2,0,0,0,3.18,2.65,11.8,3.0,14.0,11.2,0.8,0.2,16.2,1.0,0,0,0,0,0,,,,,,1,3,0,5,4,56,1
395,Adam Prentice,FB,FB4,DEN,DEN,13,12,15.7,1.21,12.7,0.98,9.7,0.75,429.0,4,6.0,-34.0,402,401,,,,0.0,2.4,0.4,1.55,1.2856,5.3,-0.1,0,0.0,0,0.0,0,0.0,11,1.0,16,1.23,18,1.38,0.0168,97,7.46,97,0,0.0,10,0,0,0,0.98,0.87,6.06,4.4,8.83,6.62,0.75,0.0,1.12,7.17,0,0,0,0,0,,,,,,10,44,0,8,6,53,0
396,C.J. Ham,FB,FB5,MIN,MIN,8,4,15.6,1.95,14.6,1.82,13.6,1.7,393.0,5,4.0,3.0,386,373,,,,0.0,6.58,0.15,3.13,1.6033,7.7,0.0,0,0.0,0,0.0,0,0.0,8,1.0,5,0.62,5,0.62,0.0073,16,2.0,16,2,0.25,3,0,0,0,3.12,3.12,3.2,1.67,5.5,5.5,1.0,0.4,1.0,4.5,0,0,0,0,0,,,,,,3,5,2,2,2,11,0
397,Casey Washington,WR,WR163,ATL,ATL,5,5,15.4,3.08,12.4,2.48,9.4,1.88,337.0,163,139.0,60.0,404,407,-7.52,-37.6,4.0,1.08,5.18,2.9,2.25,0.7298,6.3,0.0,0,0.0,5,1.0,0,0.0,0,58.0,6,1.2,14,2.8,0.0823,94,18.8,94,0,0.0,6,0,0,0,2.57,1.1,15.67,,15.67,6.71,0.4286,0.0,18.71,2.0,0,0,0,0,0,,,,,,0,0,0,14,6,94,0
398,Braelon Allen,RB,RB95,NYJ,NYJ,4,4,15.3,3.82,14.3,3.58,13.3,3.32,308.0,95,76.0,90.0,389,377,-7.1,-28.42,3.0,0.75,6.84,3.9,3.44,0.8999,6.9,0.6,0,0.0,4,1.0,0,0.0,0,35.0,20,5.0,21,5.25,0.0262,93,23.25,93,1,0.25,5,1,1,0,0.76,0.73,4.65,4.22,8.5,5.67,0.6667,0.05,2.67,4.5,0,0,0,0,0,,,,,,18,76,1,3,2,17,0
399,Terrell Jennings,RB,RB96,NE,NE,6,5,15.2,2.53,14.7,2.45,14.2,2.37,365.0,96,87.0,34.0,385,367,-8.4,-50.38,3.0,0.0,6.6,1.0,4.41,1.7404,11.4,0.0,0,0.0,5,0.8333,1,0.1667,0,19.0,24,4.0,24,4.0,0.006,82,13.67,82,1,0.17,8,0,0,0,0.63,0.63,3.42,3.17,9.0,9.0,1.0,0.0417,2.0,7.0,0,0,0,0,0,,,,,,23,73,1,1,1,9,0
400,Scott Miller,WR,WR164,PIT,PIT,5,5,15.2,3.04,10.7,2.14,6.2,1.24,338.0,164,140.0,62.0,414,435,-7.56,-37.8,4.0,0.76,5.26,2.9,2.24,0.7369,5.5,0.0,0,0.0,5,1.0,0,0.0,0,59.0,9,1.8,14,2.8,0.0779,62,12.4,62,0,0.0,4,0,0,0,1.69,1.09,6.89,,6.89,4.43,0.6429,0.0,5.29,3.44,0,0,0,0,0,,,,,,0,0,0,14,9,62,0
401,Mason Rudolph,QB,QB54,PIT,PIT,5,5,15.0,3.0,15.0,3.0,15.0,3.0,342.0,54,53.0,59.0,380,362,-14.47,-72.37,3.0,-1.2,8.4,0.48,4.92,1.6391,8.98,-2.0,0,0.0,5,1.0,0,0.0,0,23.0,7,1.4,7,1.4,0.0,6,1.2,316,2,0.4,19,3,1,0,2.14,2.14,0.86,0.86,,,,0.0,,,38,52,310,2,2,0.7308,5.96,5.23,1.0,0.037,7,6,0,0,0,0,0
401,Michael Bandy,WR,WR165,DEN,DEN,4,3,15.0,3.75,13.0,3.25,11.0,2.75,311.0,165,129.0,90.0,401,389,-6.85,-27.4,4.0,0.78,7.32,3.0,3.79,1.0104,9.0,0.0,0,0.0,4,1.0,0,0.0,0,42.0,4,1.0,4,1.0,0.0287,50,12.5,50,1,0.25,3,0,0,0,3.75,3.75,12.5,,12.5,12.5,1.0,0.25,6.0,6.5,0,0,0,0,0,,,,,,0,0,0,4,4,50,1
403,Skyy Moore,WR,WR166,SF,SF,17,9,14.8,0.87,12.3,0.72,9.8,0.58,449.0,166,185.0,-46.0,405,400,-9.73,-165.4,4.0,0.0,2.92,0.0,1.29,1.4843,3.3,0.0,0,0.0,17,1.0,0,0.0,0,73.0,7,0.41,9,0.53,0.0133,98,5.76,98,0,0.0,6,0,0,0,2.11,1.64,14.0,5.5,17.4,12.43,0.7143,0.0,15.71,5.8,0,0,0,0,0,,,,,,2,11,0,7,5,87,0
404,Josh Whyle,TE,TE83,GB,GB,6,6,14.6,2.43,12.1,2.02,9.6,1.6,370.0,83,76.0,34.0,407,405,-8.15,-48.89,3.0,0.55,5.15,1.6,2.54,1.0451,7.2,0.0,0,0.0,5,0.8333,0,0.0,0,16.0,5,0.83,6,1.0,0.0509,36,6.0,36,1,0.17,2,0,0,0,2.92,2.43,7.2,,7.2,6.0,0.8333,0.2,3.83,4.2,0,0,0,0,0,,,,,,0,0,0,6,5,36,1
404,Malik Heath,WR,WR167,GB,GB,7,5,14.6,2.09,11.6,1.66,8.6,1.23,385.0,167,159.0,19.0,408,417,-8.51,-59.6,4.0,0.0,5.18,1.9,2.4,1.1492,5.9,0.0,0,0.0,7,1.0,0,0.0,0,58.0,6,0.86,7,1.0,0.0305,86,12.29,86,0,0.0,4,0,0,0,2.43,2.09,14.33,,14.33,12.29,0.8571,0.0,9.29,4.83,0,0,0,0,0,,,,,,0,0,0,7,6,86,0
406,Tylan Wallace,WR,WR168,BAL,BAL,11,6,14.5,1.32,12.5,1.14,10.5,0.95,423.0,168,172.0,-17.0,403,396,-9.28,-102.1,4.0,0.0,2.4,0.0,3.15,2.3924,10.5,0.0,0,0.0,10,0.9091,0,0.0,0,44.0,4,0.36,8,0.73,0.0281,45,4.09,45,1,0.09,3,0,0,0,3.62,1.81,11.25,,11.25,5.62,0.5,0.25,13.38,4.25,0,0,0,0,0,,,,,,0,0,0,8,4,45,1
407,Gage Larvadain,WR,WR169,CLE,CLE,13,7,14.4,1.11,10.9,0.84,7.4,0.57,434.0,169,179.0,-27.0,411,427,-9.49,-123.4,4.0,0.0,4.12,0.0,1.78,1.6054,4.3,0.0,0,0.0,13,1.0,0,0.0,0,67.0,8,0.62,15,1.15,0.0345,74,5.69,74,0,0.0,3,0,0,0,1.8,0.96,9.25,3.0,10.14,5.07,0.5,0.0,8.93,4.0,0,0,0,0,0,,,,,,1,3,0,14,7,71,0
408,Alec Ingold,FB,FB6,MIA,MIA,9,9,14.1,1.57,10.1,1.12,6.1,0.68,414.0,6,5.0,-6.0,421,437,,,,0.48,3.34,1.3,1.17,0.7444,3.5,0.0,0,0.0,0,0.0,0,0.0,9,1.0,10,1.11,13,1.44,0.0426,61,6.78,61,0,0.0,5,0,0,0,1.41,1.08,6.1,4.5,6.5,4.73,0.7273,0.0,3.73,5.62,0,0,0,0,0,,,,,,2,9,0,11,8,52,0
409,Ray-Ray McCloud,WR,WR170,NYG,ATL/NYG,6,5,13.9,2.32,10.4,1.73,6.9,1.15,375.0,170,154.0,34.0,417,430,-8.28,-49.7,4.0,0.0,6.05,0.9,3.22,1.3887,8.1,0.0,0,0.0,6,1.0,0,0.0,0,51.0,7,1.17,15,2.5,0.0741,69,11.5,69,0,0.0,4,0,0,0,1.99,0.93,9.86,,9.86,4.6,0.4667,0.0,5.6,6.57,0,0,0,0,0,,,,,,0,0,0,15,7,69,0
410,Tanner McKee,QB,QB55,PHI,PHI,4,4,13.76,3.44,13.76,3.44,13.76,3.44,324.0,55,51.0,86.0,394,370,-14.03,-56.14,3.0,-0.2,9.02,1.01,5.78,1.6803,11.94,-0.2,0,0.0,4,1.0,0,0.0,0,18.0,8,2.0,8,2.0,0.0,8,2.0,282,1,0.25,17,1,0,0,1.72,1.72,1.0,1.0,,,,0.0,,,24,43,274,1,1,0.5581,6.37,9.56,1.0,0.0652,8,8,0,0,0,0,0
411,Trevor Etienne,RB,RB97,CAR,CAR,17,8,13.7,0.81,12.2,0.72,10.7,0.63,451.0,97,107.0,-40.0,406,392,-10.12,-172.1,3.0,0.0,2.34,0.0,1.23,1.5232,3.9,0.0,0,0.0,17,1.0,0,0.0,0,43.0,23,1.35,23,1.35,0.0062,107,6.29,107,0,0.0,7,0,0,0,0.6,0.6,4.65,4.7,4.33,4.33,1.0,0.0,0.67,3.67,0,0,0,0,0,,,,,,20,94,0,3,3,13,0
412,Xavier Weaver,WR,WR171,ARI,ARI,7,6,13.7,1.96,10.2,1.46,6.7,0.96,391.0,171,163.0,21.0,420,431,-8.64,-60.5,4.0,0.0,4.1,1.9,1.98,1.0137,4.4,0.0,0,0.0,7,1.0,0,0.0,0,71.0,7,1.0,13,1.86,0.0465,67,9.57,67,0,0.0,2,0,0,0,1.96,1.05,9.57,,9.57,5.15,0.5385,0.0,14.77,2.86,0,0,0,0,0,,,,,,0,0,0,13,7,67,0
413,Trey Lance,QB,QB56,LAC,LAC,4,4,13.54,3.38,13.54,3.38,13.54,3.38,327.0,56,52.0,86.0,399,374,-14.09,-56.36,3.0,1.01,6.7,2.22,3.41,1.0087,8.34,0.76,0,0.0,4,1.0,0,0.0,0,25.0,17,4.25,17,4.25,0.0,85,21.25,311,0,0.0,15,2,1,0,0.8,0.8,5.0,5.0,,,,0.0,,,27,57,226,0,1,0.4737,3.96,9.39,0.0,0.0952,17,85,0,0,0,0,0
414,Arian Smith,WR,WR172,NYJ,NYJ,13,12,13.5,1.04,10.0,0.77,6.5,0.5,439.0,172,182.0,-25.0,423,433,-9.56,-124.3,4.0,0.0,2.36,0.8,1.07,1.0301,3.3,0.0,0,0.0,13,1.0,0,0.0,0,72.0,11,0.85,20,1.54,0.0448,65,5.0,65,0,0.0,5,0,0,0,1.23,0.68,5.91,3.25,7.43,3.25,0.4375,0.0,13.5,4.71,0,0,0,0,0,,,,,,4,13,0,16,7,52,0
415,Anthony Firkser,TE,TE84,DET,DET,5,5,13.3,2.66,9.3,1.86,5.3,1.06,356.0,84,72.0,59.0,431,447,-7.92,-39.61,3.0,0.56,5.68,1.7,3.09,1.1635,8.0,0.0,0,0.0,4,0.8,0,0.0,0,18.0,8,1.6,10,2.0,0.0528,53,10.6,53,0,0.0,4,0,0,0,1.66,1.33,6.62,,6.62,5.3,0.8,0.0,3.5,1.5,0,0,0,0,0,,,,,,0,0,0,10,8,53,0
415,Noah Brown,WR,WR173,WAS,WAS,4,4,13.3,3.32,10.8,2.7,8.3,2.08,331.0,173,137.0,84.0,413,419,-7.28,-29.1,4.0,2.2,4.43,3.35,1.2,0.3612,4.7,1.9,0,0.0,4,1.0,0,0.0,0,69.0,5,1.25,10,2.5,0.0915,83,20.75,83,0,0.0,3,0,0,0,2.66,1.33,16.6,,16.6,8.3,0.5,0.0,14.5,2.2,0,0,0,0,0,,,,,,0,0,0,10,5,83,0
417,Austin Ekeler,RB,RB98,WAS,WAS,2,2,13.1,6.55,10.6,5.3,8.1,4.05,,98,,,416,421,-4.38,-8.76,,4.83,8.27,6.55,3.04,0.4642,8.7,4.4,0,0.0,2,1.0,0,0.0,0,28.0,19,9.5,21,10.5,0.1017,81,40.5,81,0,0.0,5,0,0,0,0.69,0.62,4.26,3.07,7.6,5.43,0.7143,0.0,1.71,9.8,0,0,0,0,0,,,,,,14,43,0,7,5,38,0
418,David Martin-Robinson,TE,TE85,TEN,TEN,11,4,13.0,1.18,11.0,1.0,9.0,0.82,430.0,85,91.0,-12.0,410,413,-9.4,-103.41,3.0,0.0,2.4,0.0,2.17,1.834,7.1,0.0,0,0.0,10,0.9091,0,0.0,0,24.0,4,0.36,6,0.55,0.0172,30,2.73,30,1,0.09,3,0,0,0,3.25,2.17,7.5,,7.5,5.0,0.6667,0.25,3.83,4.0,0,0,0,0,0,,,,,,0,0,0,6,4,30,1
419,Foster Moreau,TE,TE86,NO,NO,7,7,12.9,1.84,9.4,1.34,5.9,0.84,402.0,86,84.0,17.0,430,441,-8.74,-61.18,3.0,0.0,3.42,1.9,1.45,0.7894,3.6,0.0,0,0.0,7,1.0,0,0.0,0,33.0,7,1.0,10,1.43,0.0467,59,8.43,59,0,0.0,2,0,0,0,1.84,1.29,8.43,,8.43,5.9,0.7,0.0,1.0,6.29,0,0,0,0,0,,,,,,0,0,0,10,7,59,0
420,Charlie Woerner,TE,TE87,ATL,ATL,7,6,12.8,1.83,8.8,1.26,4.8,0.69,403.0,87,85.0,17.0,433,452,-8.75,-61.28,3.0,0.0,4.08,1.3,1.99,1.0868,5.4,0.0,0,0.0,7,1.0,0,0.0,0,28.0,8,1.14,9,1.29,0.0458,48,6.86,48,0,0.0,2,0,0,0,1.6,1.42,6.0,,6.0,5.33,0.8889,0.0,1.33,4.38,0,0,0,0,0,,,,,,0,0,0,9,8,48,0
421,Andrew Ogletree,TE,TE88,IND,IND,11,4,12.7,1.15,10.7,0.97,8.7,0.79,431.0,88,92.0,-10.0,414,416,-9.43,-103.71,3.0,0.0,2.1,0.0,2.65,2.2986,8.8,0.0,0,0.0,10,0.9091,0,0.0,0,14.0,4,0.36,6,0.55,0.0178,27,2.45,27,1,0.09,2,0,0,0,3.18,2.12,6.75,,6.75,4.5,0.6667,0.25,7.0,2.25,0,0,0,0,0,,,,,,0,0,0,6,4,27,1
422,James Proche,WR,WR174,TEN,TEN,6,6,12.5,2.08,9.5,1.58,6.5,1.08,386.0,174,160.0,36.0,429,433,-8.52,-51.1,4.0,0.0,4.75,1.5,2.67,1.2806,7.2,0.0,0,0.0,6,1.0,0,0.0,0,43.0,6,1.0,12,2.0,0.0596,65,10.83,65,0,0.0,2,0,0,0,2.08,1.04,10.83,,10.83,5.42,0.5,0.0,14.58,0.33,0,0,0,0,0,,,,,,0,0,0,12,6,65,0
423,Stone Smartt,TE,TE89,NYJ,NYJ,6,3,12.2,2.03,8.7,1.45,5.2,0.87,389.0,89,80.0,34.0,434,449,-8.55,-51.29,3.0,0.0,6.1,0.0,3.47,1.7064,8.4,0.0,0,0.0,5,0.8333,0,0.0,0,17.0,7,1.17,9,1.5,0.0453,52,8.67,52,0,0.0,3,0,0,0,1.74,1.36,7.43,,7.43,5.78,0.7778,0.0,4.67,3.86,0,0,0,0,0,,,,,,0,0,0,9,7,52,0
424,Najee Harris,RB,RB99,LAC,LAC,3,3,11.6,3.87,10.1,3.37,8.6,2.87,,99,,,422,417,-7.06,-21.19,,2.16,6.0,2.8,2.57,0.6651,6.8,2.0,0,0.0,3,1.0,0,0.0,0,38.0,18,6.0,18,6.0,0.0345,86,28.67,86,0,0.0,4,0,0,0,0.64,0.64,4.78,4.07,8.33,8.33,1.0,0.0,3.33,5.0,0,0,0,0,0,,,,,,15,61,0,3,3,25,0
425,Ryan Miller,WR,WR175,TB,TB,9,4,11.4,1.27,10.4,1.16,9.4,1.04,427.0,175,175.0,-2.0,417,407,-9.33,-84.0,4.0,0.0,3.72,0.0,3.01,2.3737,9.0,0.0,0,0.0,9,1.0,0,0.0,0,54.0,2,0.22,4,0.44,0.0128,34,3.78,34,1,0.11,1,0,0,0,5.7,2.85,17.0,,17.0,8.5,0.5,0.5,17.5,0.0,0,0,0,0,0,,,,,,0,0,0,4,2,34,1
426,Chris Oladokun,QB,QB57,KC,KC,3,3,11.2,3.73,11.2,3.73,11.2,3.73,,57,,,409,386,-13.74,-41.22,,-0.32,7.22,5.14,4.86,1.3031,7.74,-1.68,0,0.0,3,1.0,0,0.0,0,26.0,5,1.67,5,1.67,0.0,18,6.0,253,1,0.33,10,2,2,0,2.24,2.24,3.6,3.6,,,,0.0,,,35,55,235,1,0,0.6364,4.27,5.04,,0.127,5,18,0,0,0,0,0
427,Dylan Drummond,WR,WR176,ATL,ATL,6,3,11.2,1.87,7.7,1.28,4.2,0.7,399.0,176,164.0,28.0,442,461,-8.73,-52.4,4.0,0.0,4.95,0.65,2.44,1.3086,5.1,0.0,0,0.0,6,1.0,0,0.0,0,57.0,7,1.17,11,1.83,0.0709,42,7.0,42,0,0.0,2,0,0,0,1.6,1.02,6.0,,6.0,3.82,0.6364,0.0,7.73,2.0,0,0,0,0,0,,,,,,0,0,0,11,7,42,0
428,Josiah Deguara,TE,TE90,ARI,ARI,7,4,11.1,1.59,9.6,1.37,8.1,1.16,413.0,90,89.0,15.0,427,421,-9.0,-62.98,3.0,0.0,4.76,0.0,3.54,2.2327,9.5,0.0,0,0.0,6,0.8571,0,0.0,0,14.0,3,0.43,5,0.71,0.0215,21,3.0,21,1,0.14,2,0,0,0,3.7,2.22,7.0,,7.0,4.2,0.6,0.3333,4.6,1.67,0,0,0,0,0,,,,,,0,0,0,5,3,21,1
429,Kylen Granson,TE,TE91,PHI,PHI,12,4,11.0,0.92,7.5,0.62,4.0,0.33,445.0,91,96.0,-16.0,445,463,-9.67,-115.99,3.0,0.0,1.49,0.0,2.01,2.1901,7.0,0.0,0,0.0,12,1.0,0,0.0,0,24.0,7,0.58,9,0.75,0.0266,40,3.33,40,0,0.0,3,0,0,0,1.57,1.22,5.71,,5.71,4.44,0.7778,0.0,7.56,1.86,0,0,0,0,0,,,,,,0,0,0,9,7,40,0
430,Phil Mafah,RB,RB100,DAL,DAL,1,1,10.9,10.9,9.9,9.9,8.9,8.9,,100,,,424,414,-0.03,-0.03,,10.9,10.9,10.9,,,10.9,10.9,0,0.0,0,0.0,1,1.0,0,20.0,7,7.0,7,7.0,0.087,29,29.0,29,1,1.0,3,0,0,0,1.56,1.56,4.14,3.6,5.5,5.5,1.0,0.1429,-5.5,11.0,0,0,0,0,0,,,,,,5,18,1,2,2,11,0
430,Kene Nwangwu,RB,RB100,NYJ,NYJ,10,2,10.9,1.09,10.9,1.09,10.9,1.09,435.0,100,102.0,-5.0,411,390,-9.84,-98.39,3.0,0.0,3.39,0.0,2.03,1.8594,6.0,0.0,0,0.0,10,1.0,0,0.0,0,40.0,13,1.3,14,1.4,0.0045,49,4.9,49,1,0.1,2,0,0,0,0.84,0.78,3.77,3.77,,0.0,0.0,0.0,-6.0,,0,0,0,0,0,,,,,,13,49,0,1,0,0,0
432,Joe Milton III,QB,QB58,DAL,DAL,4,4,10.32,2.58,10.32,2.58,10.32,2.58,362.0,58,54.0,70.0,419,398,-14.89,-59.58,3.0,-0.71,5.99,2.43,3.72,1.4405,6.32,-0.86,0,0.0,4,1.0,0,0.0,0,24.0,5,1.25,5,1.25,0.0,50,12.5,233,1,0.25,10,3,1,0,2.06,2.06,10.0,10.0,,,,0.0,,,15,24,183,1,2,0.625,7.62,10.83,0.5,0.0,5,50,0,0,0,0,0
433,Robbie Chosen,WR,WR177,WAS,WAS,3,3,10.3,3.43,7.8,2.6,5.3,1.77,,177,,,439,447,-7.17,-21.5,,0.54,6.62,2.7,3.85,1.1221,7.6,0.0,0,0.0,3,1.0,0,0.0,0,49.0,5,1.67,9,3.0,0.1151,53,17.67,53,0,0.0,2,0,0,0,2.06,1.14,10.6,,10.6,5.89,0.5556,0.0,14.56,1.0,0,0,0,0,0,,,,,,0,0,0,9,5,53,0
433,Ronnie Bell,WR,WR177,NO,NO,2,1,10.3,5.15,9.3,4.65,8.3,4.15,,177,,,431,419,-5.45,-10.9,,1.03,9.27,5.15,7.28,1.4142,10.3,0.0,0,0.0,1,0.5,1,0.5,0,25.0,2,1.0,4,2.0,0.0588,23,11.5,23,1,0.5,1,0,0,0,5.15,2.58,11.5,,11.5,5.75,0.5,0.5,19.5,0.5,0,0,0,0,0,,,,,,0,0,0,4,2,23,1
435,Dee Eskridge,WR,WR179,MIA,MIA,11,5,10.2,0.93,8.2,0.75,6.2,0.56,444.0,179,183.0,-9.0,437,435,-9.67,-106.4,4.0,0.0,1.9,0.0,1.99,2.1472,6.5,0.0,0,0.0,11,1.0,0,0.0,0,57.0,4,0.36,7,0.64,0.0203,62,5.64,62,0,0.0,3,0,0,0,2.55,1.46,15.5,,15.5,8.86,0.5714,0.0,14.0,2.25,0,0,0,0,0,,,,,,0,0,0,7,4,62,0
436,Hassan Haskins,RB,RB102,LAC,LAC,11,5,10.0,0.91,8.0,0.73,6.0,0.55,446.0,102,105.0,-10.0,438,439,-10.02,-110.22,3.0,0.0,2.5,0.0,1.28,1.4065,3.3,0.0,0,0.0,11,1.0,0,0.0,0,50.0,21,1.91,21,1.91,0.0086,60,5.45,60,0,0.0,4,0,0,0,0.48,0.48,2.86,2.76,3.25,3.25,1.0,0.0,-0.75,4.0,0,0,0,0,0,,,,,,17,47,0,4,4,13,0
437,Brittain Brown,RB,RB103,CHI,CHI,2,1,9.7,4.85,9.7,4.85,9.7,4.85,,103,,,425,403,-6.08,-12.16,,0.97,8.73,4.85,6.86,1.4142,9.7,0.0,0,0.0,2,1.0,1,0.5,0,23.0,5,2.5,6,3.0,0.0147,37,18.5,37,1,0.5,2,0,0,0,1.94,1.62,7.4,7.4,,0.0,0.0,0.2,4.0,,0,0,0,0,0,,,,,,5,37,1,1,0,0,0
437,Braxton Berrios,WR,WR180,HOU,HOU,4,2,9.7,2.42,6.7,1.67,3.7,0.92,371.0,180,152.0,66.0,452,467,-8.18,-32.7,4.0,0.0,6.43,0.45,4.27,1.7613,8.8,0.0,0,0.0,4,1.0,0,0.0,0,44.0,6,1.5,8,2.0,0.0492,37,9.25,37,0,0.0,3,0,0,0,1.62,1.21,6.17,,6.17,4.62,0.75,0.0,3.0,3.0,0,0,0,0,0,,,,,,0,0,0,8,6,37,0
439,Zamir White,RB,RB104,LV,LV,5,5,9.6,1.92,7.6,1.52,5.6,1.12,396.0,104,93.0,43.0,443,443,-9.01,-45.05,3.0,0.44,3.3,2.0,1.42,0.7379,3.3,0.2,0,0.0,5,1.0,0,0.0,0,54.0,16,3.2,18,3.6,0.0365,56,11.2,56,0,0.0,1,0,0,0,0.6,0.53,3.5,2.67,6.0,4.0,0.6667,0.0,-0.5,6.0,0,0,0,0,0,,,,,,12,32,0,6,4,24,0
439,DJ Giddens,RB,RB104,IND,IND,5,5,9.6,1.92,9.6,1.92,9.6,1.92,396.0,104,93.0,43.0,426,404,-9.01,-45.05,3.0,0.12,3.66,2.2,1.75,0.9136,4.1,0.0,0,0.0,5,1.0,0,0.0,0,45.0,26,5.2,28,5.6,0.0125,96,19.2,96,0,0.0,5,0,0,0,0.37,0.34,3.69,3.69,,0.0,0.0,0.0,-3.0,,0,0,0,0,0,,,,,,26,96,0,2,0,0,0
441,Andy Dalton,QB,QB59,CAR,CAR,4,4,9.52,2.38,9.52,2.38,9.52,2.38,373.0,59,55.0,68.0,428,406,-15.09,-60.38,3.0,0.26,5.08,1.65,2.79,1.1721,6.32,-0.1,0,0.0,4,1.0,0,0.0,0,28.0,5,1.25,5,1.25,0.0,-2,-0.5,291,1,0.25,17,3,2,0,1.9,1.9,-0.4,-0.4,,,,0.0,,,25,37,293,1,1,0.6757,7.92,9.41,1.0,0.1778,5,-2,0,0,0,0,0
442,Cedrick Wilson Jr.,WR,WR181,MIA,MIA,6,6,9.4,1.57,6.9,1.15,4.4,0.73,415.0,181,169.0,27.0,450,459,-9.03,-54.2,4.0,0.6,2.35,1.75,0.9,0.5719,2.6,0.0,0,0.0,6,1.0,0,0.0,0,84.0,5,0.83,9,1.5,0.0621,44,7.33,44,0,0.0,3,0,0,0,1.88,1.04,8.8,,8.8,4.89,0.5556,0.0,8.78,5.0,0,0,0,0,0,,,,,,0,0,0,9,5,44,0
443,Corey Kiner,RB,RB106,ARI,ARI,4,4,9.3,2.33,8.3,2.08,7.3,1.83,374.0,106,89.0,69.0,435,428,-8.6,-34.42,3.0,0.47,4.32,2.15,2.07,0.8921,4.8,0.2,0,0.0,4,1.0,0,0.0,0,48.0,14,3.5,15,3.75,0.0268,73,18.25,73,0,0.0,5,0,0,0,0.66,0.62,5.21,4.83,7.5,5.0,0.6667,0.0,3.67,3.0,0,0,0,0,0,,,,,,12,58,0,3,2,15,0
444,Eric Saubert,TE,TE92,SEA,SEA,9,4,9.1,1.01,7.1,0.79,5.1,0.57,440.0,92,93.0,4.0,448,451,-9.57,-86.14,3.0,0.0,2.36,0.0,1.24,1.2238,3.0,0.0,0,0.0,9,1.0,0,0.0,0,41.0,4,0.44,7,0.78,0.0303,31,3.44,31,0,0.0,2,0,0,1,2.28,1.3,7.75,,7.75,4.43,0.5714,0.0,4.0,4.0,0,0,0,0,0,,,,,,0,0,0,7,4,31,0
444,AJ Dillon,RB,RB107,PHI,PHI,6,6,9.1,1.52,7.6,1.27,6.1,1.02,418.0,107,99.0,26.0,444,438,-9.41,-56.48,3.0,1.1,1.95,1.5,0.41,0.2684,2.0,1.0,0,0.0,6,1.0,0,0.0,0,57.0,15,2.5,15,2.5,0.0153,81,13.5,81,0,0.0,4,1,1,0,0.61,0.61,5.4,5.0,7.0,7.0,1.0,0.0,4.0,3.0,0,0,0,0,0,,,,,,12,60,0,3,3,21,0
446,Brenden Bates,TE,TE93,CLE,HOU/CLE,5,4,8.8,1.76,6.8,1.36,4.8,0.96,405.0,93,86.0,41.0,451,452,-8.82,-44.11,3.0,0.0,3.74,1.6,1.87,1.0619,4.3,0.0,0,0.0,5,1.0,0,0.0,0,32.0,4,0.8,5,1.0,0.0385,48,9.6,48,0,0.0,3,0,0,0,2.2,1.76,12.0,,12.0,9.6,0.8,0.0,7.8,2.5,0,0,0,0,0,,,,,,0,0,0,5,4,48,0
446,Kaleb Johnson,RB,RB108,PIT,PIT,10,10,8.8,0.88,8.3,0.83,7.8,0.78,448.0,108,106.0,-2.0,435,424,-10.05,-100.49,3.0,0.07,2.21,0.4,0.91,1.0329,2.3,-0.2,0,0.0,10,1.0,0,0.0,0,51.0,29,2.9,30,3.0,0.0074,78,7.8,78,0,0.0,2,0,0,0,0.3,0.29,2.69,2.46,9.0,4.5,0.5,0.0,-4.0,14.0,0,0,0,0,0,,,,,,28,69,0,2,1,9,0
446,Ty Chandler,RB,RB108,MIN,MIN,3,2,8.8,2.93,7.3,2.43,5.8,1.93,,108,,,446,442,-8.0,-23.99,,0.48,5.6,2.4,3.23,1.1022,6.4,0.0,0,0.0,3,1.0,0,0.0,0,38.0,20,6.67,21,7.0,0.0444,58,19.33,58,0,0.0,2,0,0,0,0.44,0.42,2.9,2.76,3.67,2.75,0.75,0.0,-5.0,9.0,0,0,0,0,0,,,,,,17,47,0,4,3,11,0
449,Albert Okwuegbunam,TE,TE94,LV,LV,1,1,8.6,8.6,6.1,6.1,3.6,3.6,,94,,,456,468,-1.98,-1.98,,8.6,8.6,8.6,,,8.6,8.6,0,0.0,0,0.0,0,0.0,0,23.0,5,5.0,6,6.0,0.1667,36,36.0,36,0,0.0,2,0,0,0,1.72,1.43,7.2,,7.2,6.0,0.8333,0.0,3.0,6.8,0,0,0,0,0,,,,,,0,0,0,6,5,36,0
450,Jalin Hyatt,WR,WR182,NYG,NYG,6,5,8.5,1.42,6.0,1.0,3.5,0.58,420.0,182,171.0,30.0,457,471,-9.18,-55.1,4.0,0.0,4.25,0.0,2.21,1.5622,4.7,0.0,0,0.0,6,1.0,0,0.0,0,68.0,5,0.83,14,2.33,0.0775,35,5.83,35,0,0.0,2,0,0,0,1.7,0.61,7.0,,7.0,2.5,0.3571,0.0,20.0,0.4,0,0,0,0,0,,,,,,0,0,0,14,5,35,0
451,Jalen Brooks,WR,WR183,ARI,DAL/ARI,5,2,8.1,1.62,6.6,1.32,5.1,1.02,409.0,183,167.0,42.0,453,450,-8.98,-44.9,4.0,0.0,4.28,0.0,2.36,1.4584,5.2,0.0,0,0.0,5,1.0,0,0.0,0,55.0,3,0.6,6,1.2,0.0294,51,10.2,51,0,0.0,3,0,0,0,2.7,1.35,17.0,,17.0,8.5,0.5,0.0,11.33,6.33,0,0,0,0,0,,,,,,0,0,0,6,3,51,0
452,British Brooks,RB,RB110,HOU,HOU,8,3,7.8,0.98,7.8,0.98,7.8,0.98,441.0,110,104.0,11.0,439,424,-9.95,-79.64,3.0,0.0,2.94,0.0,2.21,2.2715,6.3,0.0,0,0.0,8,1.0,0,0.0,0,40.0,17,2.12,17,2.12,0.0,78,9.75,78,0,0.0,5,0,0,0,0.46,0.46,4.59,4.59,,,,0.0,,,0,0,0,0,0,,,,,,17,78,0,0,0,0,0
453,Kenny Pickett,QB,QB60,LV,LV,6,6,7.72,1.29,7.72,1.29,7.72,1.29,424.0,60,56.0,29.0,441,426,-16.19,-97.12,3.0,-1.33,4.87,0.32,3.68,2.8611,8.48,-1.68,0,0.0,6,1.0,0,0.0,0,24.0,5,0.83,5,0.83,0.0,22,3.67,210,1,0.17,11,3,1,0,1.54,1.54,4.4,4.4,,,,0.0,,,28,45,188,1,2,0.6222,4.18,5.82,0.5,0.1509,5,22,0,0,0,0,0
454,Austin Trammell,WR,WR184,JAX,JAX,6,5,7.6,1.27,6.1,1.02,4.6,0.77,426.0,184,174.0,28.0,454,457,-9.33,-56.0,4.0,0.0,3.8,0.0,2.18,1.7207,5.3,0.0,0,0.0,6,1.0,0,0.0,0,56.0,3,0.5,10,1.67,0.0666,46,7.67,46,0,0.0,2,0,0,0,2.53,0.76,15.33,,15.33,4.6,0.3,0.0,13.0,0.67,0,0,0,0,0,,,,,,0,0,0,10,3,46,0
455,Tom Kennedy,WR,WR185,DET,DET,6,1,7.6,1.27,5.6,0.93,3.6,0.6,427.0,185,175.0,28.0,464,468,-9.33,-56.0,4.0,0.0,3.8,0.0,3.1,2.4495,7.6,0.0,0,0.0,6,1.0,0,0.0,0,44.0,4,0.67,4,0.67,0.0247,36,6.0,36,0,0.0,2,0,0,0,1.9,1.9,9.0,,9.0,9.0,1.0,0.0,8.0,1.0,0,0,0,0,0,,,,,,0,0,0,4,4,36,0
455,Devin Culp,TE,TE95,TB,TB,4,1,7.6,1.9,7.1,1.78,6.6,1.65,398.0,95,82.0,57.0,448,432,-8.68,-34.73,3.0,0.0,5.32,0.0,3.8,2.0,7.6,0.0,0,0.0,3,0.75,0,0.0,0,19.0,1,0.25,1,0.25,0.0078,6,1.5,6,1,0.25,1,0,0,0,7.6,7.6,6.0,,6.0,6.0,1.0,1.0,6.0,0.0,0,0,0,0,0,,,,,,0,0,0,1,1,6,1
457,Keleki Latu,TE,TE96,BUF,BUF,3,2,7.5,2.5,5.5,1.83,3.5,1.17,,96,,,465,471,-8.08,-24.25,,0.28,5.16,1.4,3.2,1.2781,6.1,0.0,0,0.0,3,1.0,0,0.0,0,26.0,4,1.33,4,1.33,0.0468,35,11.67,35,0,0.0,3,0,0,0,1.88,1.88,8.75,,8.75,8.75,1.0,0.0,3.0,5.75,0,0,0,0,0,,,,,,0,0,0,4,4,35,0
458,Cam Akers,RB,RB111,SEA,MIN/SEA,4,2,7.18,1.8,7.18,1.8,7.18,1.8,404.0,111,95.0,54.0,447,429,-9.13,-36.54,3.0,0.0,4.27,0.95,2.49,1.3872,5.28,0.0,0,0.0,4,1.0,0,0.0,0,39.0,5,1.25,6,1.5,0.0104,19,4.75,51,1,0.25,2,0,0,0,1.44,1.2,3.8,3.8,,0.0,0.0,0.0,-6.0,,1,1,32,1,0,1.0,32.0,15.0,,0.0,5,19,0,1,0,0,0
459,Xavier Restrepo,WR,WR186,TEN,TEN,2,2,7.1,3.55,5.6,2.8,4.1,2.05,,186,,,463,462,-7.05,-14.1,,2.71,4.39,3.55,1.48,0.4183,4.6,2.5,0,0.0,2,1.0,0,0.0,0,59.0,3,1.5,7,3.5,0.0932,41,20.5,41,0,0.0,3,0,0,0,2.37,1.01,13.67,,13.67,5.86,0.4286,0.0,11.0,3.0,0,0,0,0,0,,,,,,0,0,0,7,3,41,0
460,Dareke Young,WR,WR187,SEA,SEA,8,3,6.8,0.85,5.8,0.73,4.8,0.6,450.0,187,186.0,10.0,461,452,-9.75,-78.0,4.0,0.0,2.92,0.0,1.7,1.9995,4.6,0.0,0,0.0,8,1.0,0,0.0,0,69.0,2,0.25,3,0.38,0.0147,48,6.0,48,0,0.0,2,0,0,0,3.4,2.27,24.0,,24.0,16.0,0.6667,0.0,19.0,0.0,0,0,0,0,0,,,,,,0,0,0,3,2,48,0
460,Mason Kinsey,WR,WR187,TEN,TEN,6,2,6.8,1.13,5.8,0.97,4.8,0.8,432.0,187,177.0,28.0,461,452,-9.47,-56.8,4.0,0.0,3.4,0.0,1.87,1.6466,4.4,0.0,0,0.0,6,1.0,0,0.0,0,72.0,2,0.33,4,0.67,0.0187,48,8.0,48,0,0.0,2,0,0,0,3.4,1.7,24.0,,24.0,12.0,0.5,0.0,23.0,1.5,0,0,0,0,0,,,,,,0,0,0,4,2,48,0
462,Khalil Herbert,RB,RB112,NYJ,NYJ,5,3,6.6,1.32,6.1,1.22,5.6,1.12,422.0,112,101.0,40.0,454,443,-9.61,-48.05,3.0,0.0,3.56,0.5,2.41,1.8224,5.6,0.0,0,0.0,5,1.0,0,0.0,0,47.0,17,3.4,20,4.0,0.0307,56,11.2,56,0,0.0,2,0,0,0,0.39,0.33,3.29,3.25,4.0,1.0,0.25,0.0,-3.25,9.0,0,0,0,0,0,,,,,,16,52,0,4,1,4,0
463,Durham Smythe,TE,TE97,CHI,CHI,7,4,6.5,0.93,4.5,0.64,2.5,0.36,443.0,97,95.0,20.0,470,488,-9.65,-67.58,3.0,0.0,1.92,1.2,0.91,0.9845,2.1,0.0,0,0.0,7,1.0,0,0.0,0,45.0,4,0.57,6,0.86,0.0288,25,3.57,25,0,0.0,1,0,0,0,1.62,1.08,6.25,,6.25,4.17,0.6667,0.0,4.0,3.75,0,0,0,0,0,,,,,,0,0,0,6,4,25,0
464,Evan Hull,RB,RB113,NO,NO,6,6,6.4,1.07,5.9,0.98,5.4,0.9,436.0,113,103.0,28.0,459,445,-9.86,-59.18,3.0,0.3,1.75,1.15,0.67,0.6294,2.0,0.3,0,0.0,6,1.0,0,0.0,0,59.0,20,3.33,20,3.33,0.0083,54,9.0,54,0,0.0,2,0,0,0,0.32,0.32,2.7,2.53,6.0,6.0,1.0,0.0,-4.0,10.0,0,0,0,0,0,,,,,,19,48,0,1,1,6,0
464,Tahj Brooks,RB,RB113,CIN,CIN,12,6,6.4,0.53,5.9,0.49,5.4,0.45,464.0,113,110.0,0.0,459,445,-10.4,-124.75,3.0,0.0,1.6,0.05,0.9,1.6853,2.9,0.0,0,0.0,12,1.0,0,0.0,0,56.0,17,1.42,18,1.5,0.005,54,4.5,54,0,0.0,1,0,0,0,0.38,0.36,3.18,2.81,9.0,4.5,0.5,0.0,-2.5,11.0,0,0,0,0,0,,,,,,16,45,0,2,1,9,0
466,Deven Thompkins,WR,WR189,ATL,ATL,7,2,6.2,0.89,4.7,0.67,3.2,0.46,447.0,189,184.0,19.0,467,473,-9.71,-68.0,4.0,0.0,2.76,0.0,1.8,2.0358,4.8,0.0,0,0.0,7,1.0,0,0.0,0,66.0,4,0.57,4,0.57,0.0143,32,4.57,32,0,0.0,1,0,0,0,1.55,1.55,8.0,5.0,9.0,9.0,1.0,0.0,2.33,6.67,0,0,0,0,0,,,,,,1,5,0,3,3,27,0
467,KhaDarel Hodge,WR,WR190,ATL,ATL,8,3,6.1,0.76,4.6,0.57,3.1,0.39,454.0,190,188.0,13.0,469,477,-9.84,-78.7,4.0,0.0,1.83,0.0,2.16,2.8284,6.1,0.0,0,0.0,8,1.0,0,0.0,0,56.0,3,0.38,10,1.25,0.0406,31,3.88,31,0,0.0,2,0,0,0,2.03,0.61,10.33,,10.33,3.1,0.3,0.0,15.0,3.0,0,0,0,0,0,,,,,,0,0,0,10,3,31,0
468,Justin Watson,WR,WR191,HOU,HOU,3,2,6.0,2.0,4.5,1.5,3.0,1.0,,191,,,470,478,-8.6,-25.8,,0.26,4.02,1.3,2.43,1.2135,4.7,0.0,0,0.0,3,1.0,0,0.0,0,69.0,3,1.0,4,1.33,0.0537,30,10.0,30,0,0.0,1,0,0,0,2.0,1.5,10.0,,10.0,7.5,0.75,0.0,8.25,4.67,0,0,0,0,0,,,,,,0,0,0,4,3,30,0
468,Ben Sims,TE,TE98,MIN,MIN,3,3,6.0,2.0,4.5,1.5,3.0,1.0,,98,,,470,478,-8.58,-25.75,,1.42,2.62,1.9,0.75,0.3775,2.8,1.3,0,0.0,3,1.0,0,0.0,0,42.0,3,1.0,6,2.0,0.0827,30,10.0,30,0,0.0,2,0,0,0,2.0,1.0,10.0,,10.0,5.0,0.5,0.0,12.17,1.67,0,0,0,0,0,,,,,,0,0,0,6,3,30,0
468,Charlie Jones,WR,WR191,CIN,CIN,14,1,6.0,0.43,6.0,0.43,6.0,0.43,472.0,191,195.0,-4.0,457,439,-10.17,-142.4,4.0,0.0,0.0,0.0,1.6,3.7417,6.0,0.0,0,0.0,14,1.0,0,0.0,0,57.0,0,0.0,1,0.07,0.0021,0,0.0,0,1,0.07,0,0,0,0,,6.0,,,,0.0,0.0,,42.0,,0,0,0,0,0,,,,,,0,0,0,1,0,0,0
471,James Mitchell,TE,TE99,CAR,CAR,2,2,5.8,2.9,4.3,2.15,2.8,1.4,,99,,,473,482,-7.68,-15.36,,2.26,3.54,2.9,1.13,0.3901,3.7,2.1,0,0.0,2,1.0,0,0.0,0,34.0,3,1.5,3,1.5,0.0498,28,14.0,28,0,0.0,2,0,0,0,1.93,1.93,9.33,,9.33,9.33,1.0,0.0,2.33,7.0,0,0,0,0,0,,,,,,0,0,0,3,3,28,0
472,Dylan Laube,RB,RB115,LV,LV,17,4,5.7,0.34,4.2,0.25,2.7,0.16,479.0,115,116.0,-7.0,475,484,-10.59,-180.1,3.0,0.0,0.8,0.0,0.93,2.7837,3.7,0.0,0,0.0,17,1.0,0,0.0,0,52.0,10,0.59,11,0.65,0.0084,27,1.59,27,0,0.0,1,0,0,0,0.57,0.52,2.7,1.29,6.0,4.5,0.75,0.0,-1.5,8.0,0,0,0,0,0,,,,,,7,9,0,4,3,18,0
473,Tai Felton,WR,WR193,MIN,MIN,12,3,5.5,0.46,4.0,0.33,2.5,0.21,468.0,193,193.0,5.0,477,488,-10.14,-121.7,4.0,0.0,1.87,0.0,0.83,1.8194,2.0,0.0,0,0.0,12,1.0,0,0.0,0,85.0,3,0.25,3,0.25,0.0107,25,2.08,25,0,0.0,2,0,0,0,1.83,1.83,8.33,,8.33,8.33,1.0,0.0,3.67,4.67,0,0,0,0,0,,,,,,0,0,0,3,3,25,0
474,Tyler Goodson,RB,RB116,IND,IND,10,7,5.2,0.52,4.2,0.42,3.2,0.32,466.0,116,111.0,8.0,475,473,-10.41,-104.09,3.0,0.0,1.08,0.35,0.58,1.1095,1.8,0.0,0,0.0,10,1.0,0,0.0,0,55.0,11,1.1,12,1.2,0.0073,32,3.2,32,0,0.0,0,0,0,0,0.47,0.43,2.91,2.67,4.0,2.67,0.6667,0.0,-1.0,5.0,0,0,0,0,0,,,,,,9,24,0,3,2,8,0
475,Trent Sherfield,WR,WR194,ARI,DEN/ARI,4,4,5.1,1.27,3.6,0.9,2.1,0.52,425.0,194,173.0,50.0,484,496,-9.33,-37.3,4.0,0.39,2.14,1.3,1.02,0.8008,2.5,0.0,0,0.0,4,1.0,0,0.0,0,86.0,3,0.75,5,1.25,0.0347,21,5.25,21,0,0.0,1,0,0,0,1.7,1.02,7.0,,7.0,4.2,0.6,0.0,9.0,4.67,0,0,0,0,0,,,,,,0,0,0,5,3,21,0
476,Shane Zylstra,TE,TE100,DET,DET,1,1,5.0,5.0,3.5,3.5,2.0,2.0,,100,,,487,499,-5.58,-5.58,,5.0,5.0,5.0,,,5.0,5.0,0,0.0,1,1.0,0,0.0,0,32.0,3,3.0,5,5.0,0.0962,20,20.0,20,0,0.0,1,0,0,0,1.67,1.0,6.67,,6.67,4.0,0.6,0.0,7.4,0.67,0,0,0,0,0,,,,,,0,0,0,5,3,20,0
477,Reggie Gilliam,RB,RB117,BUF,BUF,11,2,4.8,0.44,3.8,0.35,2.8,0.25,469.0,117,113.0,8.0,481,482,-10.49,-115.42,3.0,0.0,1.2,0.0,1.11,2.5421,3.6,0.0,0,0.0,11,1.0,0,0.0,0,56.0,4,0.36,4,0.36,0.0061,28,2.55,28,0,0.0,2,0,0,0,1.2,1.2,7.0,2.0,12.0,12.0,1.0,0.0,11.0,1.0,0,0,0,0,0,,,,,,2,4,0,2,2,24,0
478,Tip Reiman,TE,TE101,ARI,ARI,3,3,4.8,1.6,3.3,1.1,1.8,0.6,,101,,,491,506,-8.98,-26.95,,0.4,2.64,2.0,1.44,0.9014,2.8,0.0,0,0.0,3,1.0,0,0.0,0,41.0,3,1.0,5,1.67,0.052,18,6.0,18,0,0.0,1,0,0,0,1.6,0.96,6.0,,6.0,3.6,0.6,0.0,5.2,2.33,0,0,0,0,0,,,,,,0,0,0,5,3,18,0
479,Aidan O'Connell,QB,QB61,LV,LV,1,1,4.78,4.78,4.78,4.78,4.78,4.78,,61,,,466,456,-12.69,-12.69,,4.78,4.78,4.78,,,4.78,4.78,0,0.0,1,1.0,0,0.0,0,30.0,1,1.0,1,1.0,0.0,7,7.0,109,0,0.0,5,0,0,0,4.78,4.78,7.0,7.0,,,,0.0,,,10,22,102,0,0,0.4545,4.64,8.36,,0.0435,1,7,0,0,0,0,0
480,Tahj Washington,WR,WR195,MIA,MIA,2,2,4.7,2.35,3.2,1.6,1.7,0.85,,195,,,492,509,-8.25,-16.5,,0.55,4.15,2.35,3.18,1.354,4.6,0.1,0,0.0,2,1.0,0,0.0,0,61.0,3,1.5,5,2.5,0.0895,37,18.5,37,0,0.0,1,1,1,0,1.57,0.94,12.33,,12.33,7.4,0.6,0.0,24.8,2.67,0,0,0,0,0,,,,,,0,0,0,5,3,37,0
481,Ronnie Rivers,RB,RB118,LA,LA,6,2,4.6,0.77,4.6,0.77,4.6,0.77,453.0,118,108.0,28.0,468,457,-10.16,-60.98,3.0,0.0,2.3,0.0,1.65,2.1459,4.1,0.0,0,0.0,6,1.0,0,0.0,0,47.0,9,1.5,9,1.5,0.0,46,7.67,46,0,0.0,3,0,0,0,0.51,0.51,5.11,5.11,,,,0.0,,,0,0,0,0,0,,,,,,9,46,0,0,0,0,0
482,Devin Duvernay,WR,WR196,CHI,CHI,17,3,4.6,0.27,3.6,0.21,2.6,0.15,484.0,196,199.0,-2.0,484,485,-10.33,-175.6,4.0,0.0,0.48,0.0,0.86,3.1677,3.4,0.0,0,0.0,17,1.0,0,0.0,0,72.0,2,0.12,5,0.29,0.0087,26,1.53,26,0,0.0,1,0,0,0,2.3,0.92,13.0,,13.0,5.2,0.4,0.0,15.0,0.0,0,0,0,0,0,,,,,,0,0,0,5,2,26,0
482,Jordan Watkins,WR,WR196,SF,SF,2,2,4.6,2.3,3.6,1.8,2.6,1.3,,196,,,484,485,-8.3,-16.6,,1.82,2.78,2.3,0.85,0.3689,2.9,1.7,0,0.0,2,1.0,0,0.0,0,75.0,2,1.0,3,1.5,0.054,26,13.0,26,0,0.0,1,0,0,0,2.3,1.53,13.0,,13.0,8.67,0.6667,0.0,14.33,0.5,0,0,0,0,0,,,,,,0,0,0,3,2,26,0
484,Beaux Collins,WR,WR198,NYG,NYG,4,3,4.5,1.12,3.5,0.88,2.5,0.62,433.0,198,178.0,51.0,487,488,-9.48,-37.9,4.0,0.0,2.47,0.85,1.37,1.2218,2.8,0.0,0,0.0,4,1.0,0,0.0,0,74.0,2,0.5,6,1.5,0.0495,25,6.25,25,0,0.0,1,0,0,0,2.25,0.75,12.5,,12.5,4.17,0.3333,0.0,12.17,3.0,0,0,0,0,0,,,,,,0,0,0,6,2,25,0
485,Tay Martin,WR,WR199,WAS,WAS,2,2,4.3,2.15,3.3,1.65,2.3,1.15,,199,,,490,494,-8.45,-16.9,,1.95,2.35,2.15,0.35,0.1644,2.4,1.9,0,0.0,2,1.0,0,0.0,0,89.0,2,1.0,2,1.0,0.0426,23,11.5,23,0,0.0,1,0,0,0,2.15,2.15,11.5,,11.5,11.5,1.0,0.0,9.0,2.5,0,0,0,0,0,,,,,,0,0,0,2,2,23,0
486,Max Brosmer,QB,QB62,MIN,MIN,7,7,4.22,0.6,4.22,0.6,4.22,0.6,461.0,62,57.0,25.0,474,460,-16.87,-118.1,3.0,-1.28,2.52,0.52,2.04,3.382,3.64,-3.06,0,0.0,7,1.0,0,0.0,0,30.0,7,1.0,7,1.0,0.0,11,1.57,339,0,0.0,19,5,1,0,0.6,0.6,1.57,1.57,,,,0.0,,,47,71,328,0,4,0.662,4.62,4.39,0.0,0.1647,7,11,0,0,0,0,0
487,Clyde Edwards-Helaire,RB,RB119,KC,KC,2,2,4.2,2.1,3.2,1.6,2.2,1.1,,119,,,492,495,-8.83,-17.66,,0.82,3.38,2.1,2.26,1.0775,3.7,0.5,0,0.0,2,1.0,0,0.0,0,45.0,9,4.5,9,4.5,0.0233,22,11.0,22,0,0.0,1,0,0,0,0.47,0.47,2.44,1.86,4.5,4.5,1.0,0.0,-2.0,6.5,0,0,0,0,0,,,,,,7,13,0,2,2,9,0
487,Nikko Remigio,WR,WR200,KC,KC,14,2,4.2,0.3,3.7,0.26,3.2,0.23,481.0,200,197.0,6.0,482,473,-10.3,-144.2,4.0,0.0,0.77,0.0,0.86,2.8585,3.1,0.0,0,0.0,14,1.0,0,0.0,0,96.0,2,0.14,2,0.14,0.0025,32,2.29,32,0,0.0,2,0,0,0,2.1,2.1,16.0,11.0,21.0,21.0,1.0,0.0,18.0,3.0,0,0,0,0,0,,,,,,1,11,0,1,1,21,0
489,Quentin Skinner,WR,WR201,NYJ,NYJ,1,1,4.0,4.0,3.5,3.5,3.0,3.0,,201,,,487,478,-6.6,-6.6,,4.0,4.0,4.0,,,4.0,4.0,0,0.0,1,1.0,0,0.0,0,67.0,1,1.0,1,1.0,0.0455,10,10.0,10,0,0.0,1,0,0,1,4.0,4.0,10.0,,10.0,10.0,1.0,0.0,4.0,6.0,0,0,0,0,0,,,,,,0,0,0,1,1,10,0
489,Julius Chestnut,RB,RB120,TEN,TEN,16,7,4.0,0.25,4.0,0.25,4.0,0.25,487.0,120,118.0,2.0,477,463,-10.68,-170.87,3.0,0.0,0.4,0.0,0.64,2.5799,2.6,0.0,0,0.0,16,1.0,0,0.0,0,59.0,11,0.69,13,0.81,0.0044,40,2.5,40,0,0.0,4,0,0,0,0.36,0.31,3.64,3.64,,0.0,0.0,0.0,11.0,,0,0,0,0,0,,,,,,11,40,0,2,0,0,0
489,Jake Bobo,WR,WR201,SEA,SEA,5,2,4.0,0.8,3.0,0.6,2.0,0.4,452.0,201,187.0,37.0,495,499,-9.8,-49.0,4.0,0.0,2.14,0.0,1.2,1.5026,2.7,0.0,0,0.0,5,1.0,0,0.0,0,91.0,2,0.4,2,0.4,0.0152,20,4.0,20,0,0.0,1,0,0,0,2.0,2.0,10.0,,10.0,10.0,1.0,0.0,7.0,3.0,0,0,0,0,0,,,,,,0,0,0,2,2,20,0
489,Jared Wayne,WR,WR201,HOU,HOU,1,1,4.0,4.0,3.0,3.0,2.0,2.0,,201,,,495,499,-6.6,-6.6,,4.0,4.0,4.0,,,4.0,4.0,0,0.0,1,1.0,0,0.0,0,67.0,2,2.0,2,2.0,0.0526,20,20.0,20,0,0.0,1,0,0,0,2.0,2.0,10.0,,10.0,10.0,1.0,0.0,8.5,1.5,0,0,0,0,0,,,,,,0,0,0,2,2,20,0
489,Britain Covey,WR,WR201,PHI,PHI,6,1,4.0,0.67,3.0,0.5,2.0,0.33,459.0,201,191.0,30.0,495,499,-9.93,-59.6,4.0,0.0,2.0,0.0,1.63,2.4495,4.0,0.0,0,0.0,6,1.0,0,0.0,0,67.0,2,0.33,4,0.67,0.0196,20,3.33,20,0,0.0,2,0,0,0,2.0,1.0,10.0,,10.0,5.0,0.5,0.0,2.0,10.0,0,0,0,0,0,,,,,,0,0,0,4,2,20,0
489,Nate Carter,RB,RB120,ATL,ATL,2,2,4.0,2.0,4.0,2.0,4.0,2.0,,120,,,477,463,-8.93,-17.86,,1.52,2.48,2.0,0.85,0.4243,2.6,1.4,0,0.0,2,1.0,0,0.0,0,58.0,9,4.5,9,4.5,0.0,60,30.0,60,0,0.0,3,1,1,0,0.44,0.44,6.67,6.67,,,,0.0,,,0,0,0,0,0,,,,,,9,60,0,0,0,0,0
495,Shane Buechele,QB,QB63,KC,KC,1,1,3.92,3.92,3.92,3.92,3.92,3.92,,63,,,480,466,-13.55,-13.55,,3.92,3.92,3.92,,,3.92,3.92,0,0.0,1,1.0,0,0.0,0,31.0,1,1.0,1,1.0,0.0,4,4.0,92,0,0.0,4,0,0,0,3.92,3.92,4.0,4.0,,,,0.0,,,7,14,88,0,0,0.5,6.29,9.86,,0.2632,1,4,0,0,0,0,0
496,Tucker Fisk,TE,TE102,LAC,LAC,4,4,3.9,0.98,2.9,0.73,1.9,0.48,441.0,102,94.0,55.0,500,505,-9.61,-38.43,3.0,0.0,2.05,0.85,1.14,1.1735,2.2,0.0,0,0.0,4,1.0,0,0.0,0,46.0,2,0.5,4,1.0,0.0286,19,4.75,19,0,0.0,1,0,0,0,1.95,0.98,9.5,,9.5,4.75,0.5,0.0,5.5,10.5,0,0,0,0,0,,,,,,0,0,0,4,2,19,0
497,Colson Yankoff,TE,TE103,WAS,WAS,10,3,3.8,0.38,2.8,0.28,1.8,0.18,477.0,103,102.0,20.0,502,506,-10.2,-102.02,3.0,0.0,1.5,0.0,0.84,2.1975,2.4,0.0,0,0.0,10,1.0,0,0.0,0,45.0,2,0.2,3,0.3,0.0107,18,1.8,18,0,0.0,2,0,0,0,1.9,1.27,9.0,,9.0,6.0,0.6667,0.0,6.0,2.0,0,0,0,0,0,,,,,,0,0,0,3,2,18,0
498,Zaire Mitchell-Paden,TE,TE104,NO,BAL/NO,3,3,3.7,1.23,2.7,0.9,1.7,0.57,,104,,,503,509,-9.35,-28.05,,0.26,2.18,1.3,1.2,0.9741,2.4,0.0,0,0.0,3,1.0,0,0.0,0,40.0,2,0.67,3,1.0,0.0414,17,5.67,17,0,0.0,1,0,0,0,1.85,1.23,8.5,,8.5,5.67,0.6667,0.0,4.33,2.5,0,0,0,0,0,,,,,,0,0,0,3,2,17,0
499,Dameon Pierce,RB,RB122,KC,HOU/KC,5,3,3.6,0.72,3.6,0.72,3.6,0.72,455.0,122,109.0,44.0,483,468,-10.21,-51.05,3.0,0.0,1.66,0.5,0.88,1.2164,2.1,0.0,0,0.0,5,1.0,0,0.0,0,56.0,14,2.8,15,3.0,0.0074,36,7.2,36,0,0.0,1,0,0,0,0.26,0.24,2.57,2.57,,0.0,0.0,0.0,-4.0,,0,0,0,0,0,,,,,,14,36,0,1,0,0,0
500,Jacoby Jones,WR,WR205,WAS,WAS,1,1,3.5,3.5,3.0,3.0,2.5,2.5,,205,,,495,488,-7.1,-7.1,,3.5,3.5,3.5,,,3.5,3.5,0,0.0,1,1.0,0,0.0,0,71.0,1,1.0,1,1.0,0.0345,25,25.0,25,0,0.0,1,0,0,0,3.5,3.5,25.0,,25.0,25.0,1.0,0.0,3.0,22.0,0,0,0,0,0,,,,,,0,0,0,1,1,25,0
500,Jakobie Keeney-James,WR,WR205,GB,GB,1,1,3.5,3.5,2.5,2.5,1.5,1.5,,205,,,505,514,-7.1,-7.1,,3.5,3.5,3.5,,,3.5,3.5,0,0.0,1,1.0,0,0.0,0,69.0,2,2.0,2,2.0,0.2,15,15.0,15,0,0.0,0,0,0,0,1.75,1.75,7.5,,7.5,7.5,1.0,0.0,7.5,0.0,0,0,0,0,0,,,,,,0,0,0,2,2,15,0
500,Derius Davis,WR,WR205,LAC,LAC,11,5,3.5,0.32,2.5,0.23,1.5,0.14,480.0,205,196.0,20.0,505,514,-10.28,-113.1,4.0,0.0,1.3,0.0,0.6,1.8848,1.7,0.0,0,0.0,11,1.0,0,0.0,0,88.0,4,0.36,5,0.45,0.0089,15,1.36,15,0,0.0,0,0,0,0,0.88,0.7,3.75,2.5,5.0,3.33,0.6667,0.0,11.0,4.0,0,0,0,0,0,,,,,,2,5,0,3,2,10,0
500,Lucas Krull,TE,TE105,DEN,DEN,2,2,3.5,1.75,2.5,1.25,1.5,0.75,,105,,,505,514,-8.83,-17.66,,1.63,1.87,1.75,0.21,0.1212,1.9,1.6,0,0.0,2,1.0,0,0.0,0,45.0,2,1.0,4,2.0,0.0705,15,7.5,15,0,0.0,0,0,0,0,1.75,0.88,7.5,,7.5,3.75,0.5,0.0,5.0,2.0,0,0,0,0,0,,,,,,0,0,0,4,2,15,0
500,Jonathan Mingo,WR,WR205,DAL,DAL,5,5,3.5,0.7,3.0,0.6,2.5,0.5,456.0,205,189.0,44.0,495,488,-9.9,-49.5,4.0,0.0,2.1,0.0,1.57,2.2361,3.5,0.0,0,0.0,5,1.0,0,0.0,0,82.0,1,0.2,5,1.0,0.0305,25,5.0,25,0,0.0,1,0,0,0,3.5,0.7,25.0,,25.0,5.0,0.2,0.0,19.4,4.0,0,0,0,0,0,,,,,,0,0,0,5,1,25,0
505,Ben Yurosek,TE,TE106,MIN,MIN,6,2,3.4,0.57,2.4,0.4,1.4,0.23,462.0,106,98.0,43.0,509,519,-10.02,-60.09,3.0,0.0,1.7,0.0,0.89,1.5652,1.9,0.0,0,0.0,6,1.0,0,0.0,0,44.0,2,0.33,3,0.5,0.0167,14,2.33,14,0,0.0,1,0,0,0,1.7,1.13,7.0,,7.0,4.67,0.6667,0.0,3.67,4.5,0,0,0,0,0,,,,,,0,0,0,3,2,14,0
506,Velus Jones Jr.,WR,WR209,SEA,NO/SEA,5,1,3.2,0.64,3.2,0.64,3.2,0.64,460.0,209,192.0,46.0,492,473,-9.96,-49.8,4.0,0.0,1.92,0.0,1.43,2.2361,3.2,0.0,0,0.0,5,1.0,0,0.0,0,76.0,4,0.8,4,0.8,0.0,32,6.4,32,0,0.0,1,0,0,0,0.8,0.8,8.0,8.0,,,,0.0,,,0,0,0,0,0,,,,,,4,32,0,0,0,0,0
506,Alex Bachman,WR,WR209,LV,LV,11,3,3.2,0.29,2.2,0.2,1.2,0.11,482.0,209,198.0,24.0,510,521,-10.31,-113.4,4.0,0.0,1.3,0.0,0.66,2.2722,1.9,0.0,0,0.0,11,1.0,0,0.0,0,89.0,2,0.18,3,0.27,0.0094,12,1.09,12,0,0.0,2,0,0,0,1.6,1.07,6.0,,6.0,4.0,0.6667,0.0,4.67,1.0,0,0,0,0,0,,,,,,0,0,0,3,2,12,0
508,Sal Cannella,TE,TE107,CLE,CLE,2,2,3.1,1.55,2.1,1.05,1.1,0.55,,107,,,512,523,-9.03,-18.06,,0.31,2.79,1.55,2.19,1.4142,3.1,0.0,0,0.0,2,1.0,0,0.0,0,40.0,2,1.0,5,2.5,0.1108,11,5.5,11,0,0.0,1,0,0,0,1.55,0.62,5.5,,5.5,2.2,0.4,0.0,11.0,2.5,0,0,0,0,0,,,,,,0,0,0,5,2,11,0
509,Moliki Matavao,TE,TE108,NO,NO,1,1,3.0,3.0,2.0,2.0,1.0,1.0,,108,,,516,528,-7.58,-7.58,,3.0,3.0,3.0,,,3.0,3.0,0,0.0,1,1.0,0,0.0,0,42.0,2,2.0,2,2.0,0.0741,10,10.0,10,0,0.0,0,0,0,0,1.5,1.5,5.0,,5.0,5.0,1.0,0.0,2.5,2.5,0,0,0,0,0,,,,,,0,0,0,2,2,10,0
510,Teddy Bridgewater,QB,QB64,TB,TB,3,3,2.88,0.96,2.88,0.96,2.88,0.96,,64,,,501,481,-16.51,-49.54,,-0.1,2.44,-0.1,1.84,1.9125,3.08,-0.1,0,0.0,3,1.0,0,0.0,0,28.0,3,1.0,3,1.0,0.0,4,1.33,66,0,0.0,2,0,0,0,0.96,0.96,1.33,1.33,,,,0.0,,,8,15,62,0,0,0.5333,4.13,6.53,,0.1176,3,4,0,0,0,0,0
511,Andre Baccellia,WR,WR211,ARI,ARI,4,2,2.8,0.7,1.8,0.45,0.8,0.2,456.0,211,189.0,55.0,521,530,-9.9,-39.6,4.0,0.0,1.44,0.65,0.81,1.1606,1.5,0.0,0,0.0,4,1.0,0,0.0,0,96.0,2,0.5,4,1.0,0.0215,8,2.0,8,0,0.0,0,0,0,0,1.4,0.7,4.0,,4.0,2.0,0.5,0.0,1.75,3.5,0,0,0,0,0,,,,,,0,0,0,4,2,8,0
512,Harrison Bryant,TE,TE109,HOU,HOU,5,4,2.7,0.54,1.7,0.34,0.7,0.14,463.0,109,99.0,49.0,523,533,-10.04,-50.21,3.0,0.0,1.38,0.0,0.75,1.3833,1.5,0.0,0,0.0,5,1.0,0,0.0,0,48.0,2,0.4,6,1.2,0.0371,7,1.4,7,0,0.0,1,0,0,0,1.35,0.45,3.5,,3.5,1.17,0.3333,0.0,9.67,0.0,0,0,0,0,0,,,,,,0,0,0,6,2,7,0
512,Cam Grandy,TE,TE109,CIN,CIN,2,2,2.7,1.35,1.7,0.85,0.7,0.35,,109,,,523,533,-9.23,-18.46,,1.15,1.55,1.35,0.35,0.2619,1.6,1.1,0,0.0,2,1.0,0,0.0,0,50.0,2,1.0,2,1.0,0.0354,7,3.5,7,0,0.0,0,0,0,0,1.35,1.35,3.5,,3.5,3.5,1.0,0.0,-3.0,6.5,0,0,0,0,0,,,,,,0,0,0,2,2,7,0
512,Ross Dwelley,TE,TE109,DET,DET,4,3,2.7,0.68,1.7,0.43,0.7,0.18,458.0,109,97.0,54.0,523,533,-9.91,-39.63,3.0,0.0,1.37,0.65,0.78,1.1563,1.4,0.0,0,0.0,4,1.0,0,0.0,0,54.0,2,0.5,5,1.25,0.0437,7,1.75,7,0,0.0,0,0,0,0,1.35,0.54,3.5,,3.5,1.4,0.4,0.0,0.2,3.5,0,0,0,0,0,,,,,,0,0,0,5,2,7,0
512,David Moore,WR,WR212,CAR,CAR,3,2,2.7,0.9,2.2,0.73,1.7,0.57,,212,,,510,509,-9.7,-29.1,,0.24,1.44,1.2,0.79,0.8819,1.5,0.0,0,0.0,3,1.0,0,0.0,0,108.0,2,0.67,2,0.67,0.0139,17,5.67,17,0,0.0,1,0,0,0,1.35,1.35,8.5,12.0,5.0,5.0,1.0,0.0,5.0,0.0,0,0,0,0,0,,,,,,1,12,0,1,1,5,0
516,Will Mallory,TE,TE112,IND,IND,1,1,2.6,2.6,2.1,2.1,1.6,1.6,,112,,,512,513,-7.98,-7.98,,2.6,2.6,2.6,,,2.6,2.6,0,0.0,1,1.0,0,0.0,0,44.0,1,1.0,1,1.0,0.0345,16,16.0,16,0,0.0,1,0,0,0,2.6,2.6,16.0,,16.0,16.0,1.0,0.0,16.0,0.0,0,0,0,0,0,,,,,,0,0,0,1,1,16,0
516,Xavier Gipson,WR,WR213,PHI,NYJ/PHI,6,2,2.6,0.43,1.6,0.27,0.6,0.1,470.0,213,194.0,46.0,528,538,-10.17,-61.0,4.0,0.0,1.3,0.0,0.67,1.5492,1.3,0.0,0,0.0,6,1.0,0,0.0,0,88.0,2,0.33,2,0.33,0.013,6,1.0,6,0,0.0,0,0,0,0,1.3,1.3,3.0,,3.0,3.0,1.0,0.0,-4.5,7.5,0,0,0,0,0,,,,,,0,0,0,2,2,6,0
516,Anthony Gould,WR,WR213,IND,IND,11,2,2.6,0.24,1.6,0.15,0.6,0.05,489.0,213,200.0,27.0,528,538,-10.36,-114.0,4.0,0.0,1.3,0.0,0.53,2.2249,1.3,0.0,0,0.0,11,1.0,0,0.0,0,96.0,2,0.18,2,0.18,0.0054,6,0.55,6,0,0.0,0,0,0,0,1.3,1.3,3.0,,3.0,3.0,1.0,0.0,-1.0,4.0,0,0,0,0,0,,,,,,0,0,0,2,2,6,0
519,Tyson Bagent,QB,QB65,CHI,CHI,2,2,2.58,1.29,2.58,1.29,2.58,1.29,,65,,,504,487,-16.18,-32.37,,0.9,1.68,1.29,0.69,0.5372,1.78,0.8,0,0.0,2,1.0,0,0.0,0,30.0,2,1.0,2,1.0,0.0,7,3.5,54,0,0.0,2,0,0,0,1.29,1.29,3.5,3.5,,,,0.0,,,3,4,47,0,0,0.75,11.75,7.5,,0.0,2,7,0,0,0,0,0
520,Ke'Shawn Williams,WR,WR215,CIN,PIT/CIN,11,3,2.5,0.23,2.0,0.18,1.5,0.14,490.0,215,201.0,30.0,516,514,-10.37,-114.1,4.0,0.0,0.9,0.0,0.5,2.2008,1.5,0.0,0,0.0,11,1.0,0,0.0,0,94.0,3,0.27,3,0.27,0.0028,15,1.36,15,0,0.0,0,0,0,0,0.83,0.83,5.0,5.0,5.0,5.0,1.0,0.0,5.0,0.0,0,0,0,0,0,,,,,,2,10,0,1,1,5,0
520,Tim Jones,WR,WR215,JAX,JAX,2,1,2.5,1.25,2.0,1.0,1.5,0.75,,215,,,516,514,-9.35,-18.7,,0.25,2.25,1.25,1.77,1.4142,2.5,0.0,0,0.0,2,1.0,0,0.0,0,81.0,1,0.5,1,0.5,0.0152,15,7.5,15,0,0.0,1,0,0,0,2.5,2.5,15.0,,15.0,15.0,1.0,0.0,4.0,11.0,0,0,0,0,0,,,,,,0,0,0,1,1,15,0
520,D'Ernest Johnson,RB,RB123,NE,ARI/NE,5,5,2.5,0.5,2.5,0.5,2.5,0.5,467.0,123,112.0,53.0,505,488,-10.43,-52.15,3.0,0.04,1.02,0.5,0.51,1.0296,1.3,0.0,0,0.0,5,1.0,0,0.0,0,68.0,14,2.8,14,2.8,0.0,25,5.0,25,0,0.0,0,0,0,0,0.18,0.18,1.79,1.79,,,,0.0,,,0,0,0,0,0,,,,,,14,25,0,0,0,0,0
523,Blake Whiteheart,TE,TE113,CLE,CLE,9,6,2.4,0.27,1.4,0.16,0.4,0.04,485.0,113,103.0,38.0,532,542,-10.32,-92.84,3.0,0.0,1.08,0.0,0.54,2.0194,1.4,0.0,0,0.0,9,1.0,0,0.0,0,48.0,2,0.22,6,0.67,0.0247,4,0.44,4,0,0.0,0,0,0,0,1.2,0.4,2.0,,2.0,0.67,0.3333,0.0,7.17,0.5,0,0,0,0,0,,,,,,0,0,0,6,2,4,0
523,Jalen Royals,WR,WR217,KC,KC,2,1,2.4,1.2,1.4,0.7,0.4,0.2,,217,,,532,542,-9.4,-18.8,,0.24,2.16,1.2,1.7,1.4142,2.4,0.0,0,0.0,2,1.0,0,0.0,0,83.0,2,1.0,3,1.5,0.05,4,2.0,4,0,0.0,0,0,0,0,1.2,0.8,2.0,,2.0,1.33,0.6667,0.0,7.33,2.0,0,0,0,0,0,,,,,,0,0,0,3,2,4,0
525,Anthony Richardson,QB,QB66,IND,IND,2,2,2.16,1.08,1.66,0.83,1.16,0.58,,66,,,527,522,-16.39,-32.79,,0.14,2.02,1.08,1.67,1.5452,2.26,-0.1,0,0.0,2,1.0,0,0.0,0,29.0,5,2.5,5,2.5,0.0161,8,4.0,17,0,0.0,3,0,0,0,0.43,0.43,1.6,-0.25,9.0,9.0,1.0,0.0,2.0,7.0,1,2,9,0,0,0.5,4.5,15.5,,0.0,4,-1,0,1,1,9,0
526,Patrick Ricard,RB,RB124,BAL,BAL,5,3,2.1,0.42,1.6,0.32,1.1,0.22,474.0,124,114.0,52.0,528,523,-10.51,-52.55,3.0,0.0,1.2,0.0,0.78,1.8626,1.8,0.0,0,0.0,5,1.0,0,0.0,0,66.0,2,0.4,3,0.6,0.0178,11,2.2,11,0,0.0,1,0,0,0,1.05,0.7,5.5,3.0,8.0,4.0,0.5,0.0,3.0,2.0,0,0,0,0,0,,,,,,1,3,0,2,1,8,0
526,Pharaoh Brown,TE,TE114,ARI,ARI,5,1,2.1,0.42,1.1,0.22,0.1,0.02,474.0,114,101.0,52.0,537,553,-10.16,-50.81,3.0,0.0,1.26,0.0,0.94,2.2361,2.1,0.0,0,0.0,5,1.0,0,0.0,0,50.0,2,0.4,2,0.4,0.0105,1,0.2,1,0,0.0,0,0,0,0,1.05,1.05,0.5,,0.5,0.5,1.0,0.0,0.5,0.0,0,0,0,0,0,,,,,,0,0,0,2,2,1,0
526,Payne Durham,TE,TE114,TB,TB,8,4,2.1,0.26,1.6,0.2,1.1,0.14,486.0,114,104.0,40.0,528,523,-10.32,-82.56,3.0,0.0,0.63,0.0,0.74,2.8284,2.1,0.0,0,0.0,8,1.0,0,0.0,0,48.0,1,0.12,4,0.5,0.0169,11,1.38,11,0,0.0,1,0,0,0,2.1,0.52,11.0,,11.0,2.75,0.25,0.0,4.0,11.0,0,0,0,0,0,,,,,,0,0,0,4,1,11,0
526,DeeJay Dallas,RB,RB124,JAX,CAR/JAX,5,2,2.1,0.42,2.1,0.42,2.1,0.42,474.0,124,114.0,52.0,512,496,-10.51,-52.55,3.0,0.0,1.26,0.0,0.94,2.2361,2.1,0.0,0,0.0,5,1.0,0,0.0,0,62.0,3,0.6,4,0.8,0.0054,21,4.2,21,0,0.0,1,0,0,0,0.7,0.52,7.0,7.0,,0.0,0.0,0.0,-1.0,,0,0,0,0,0,,,,,,3,21,0,1,0,0,0
526,Joshua Dobbs,QB,QB67,NE,NE,4,4,2.1,0.52,2.1,0.52,2.1,0.52,465.0,67,58.0,61.0,512,496,-16.95,-67.8,3.0,-0.06,1.05,0.6,0.6,1.1388,1.1,-0.2,0,0.0,4,1.0,0,0.0,0,34.0,10,2.5,10,2.5,0.0,-5,-1.25,60,0,0.0,3,0,0,0,0.21,0.21,-0.5,-0.5,,,,0.0,,,7,10,65,0,0,0.7,6.5,11.9,,0.0,10,-5,0,0,0,0,0
531,Jacardia Wright,RB,RB126,SEA,SEA,1,1,2.0,2.0,2.0,2.0,2.0,2.0,,126,,,516,499,-8.93,-8.93,,2.0,2.0,2.0,,,2.0,2.0,0,0.0,1,1.0,0,0.0,0,63.0,5,5.0,5,5.0,0.0,20,20.0,20,0,0.0,1,0,0,0,0.4,0.4,4.0,4.0,,,,0.0,,,0,0,0,0,0,,,,,,5,20,0,0,0,0,0
532,Clayton Tune,QB,QB68,GB,GB,2,2,1.98,0.99,1.98,0.99,1.98,0.99,,68,,,520,504,-16.48,-32.97,,-1.15,3.13,0.99,3.78,3.8141,3.66,-1.68,0,0.0,2,1.0,0,0.0,0,32.0,5,2.5,5,2.5,0.0,23,11.5,65,0,0.0,4,1,0,0,0.4,0.4,4.6,4.6,,,,0.0,,,7,15,42,0,1,0.4667,2.8,3.87,0.0,0.25,5,23,0,0,0,0,0
533,Bryce Oliver,WR,WR218,TEN,TEN,2,1,1.8,0.9,1.3,0.65,0.8,0.4,,218,,,535,530,-9.7,-19.4,,0.18,1.62,0.9,1.27,1.4142,1.8,0.0,0,0.0,2,1.0,0,0.0,0,99.0,1,0.5,1,0.5,0.02,8,4.0,8,0,0.0,0,0,0,0,1.8,1.8,8.0,,8.0,8.0,1.0,0.0,6.0,2.0,0,0,0,0,0,,,,,,0,0,0,1,1,8,0
534,Cooper Rush,QB,QB69,BAL,BAL,4,4,1.72,0.43,1.72,0.43,1.72,0.43,471.0,69,59.0,63.0,522,508,-17.04,-68.18,3.0,-0.9,1.8,0.38,1.45,3.3826,2.08,-1.12,0,0.0,4,1.0,0,0.0,0,31.0,4,1.0,4,1.0,0.0,-4,-1.0,299,0,0.0,13,5,1,0,0.43,0.43,-1.0,-1.0,,,,0.0,,,34,52,303,0,4,0.6538,5.83,6.44,0.0,0.0189,4,-4,0,0,0,0,0
535,Chris Manhertz,TE,TE116,NYG,NYG,4,2,1.7,0.43,1.2,0.3,0.7,0.18,473.0,116,100.0,62.0,536,533,-10.16,-40.63,3.0,0.0,1.19,0.0,0.85,2.0,1.7,0.0,0,0.0,4,1.0,0,0.0,0,47.0,1,0.25,2,0.5,0.0161,7,1.75,7,0,0.0,0,0,0,0,1.7,0.85,7.0,,7.0,3.5,0.5,0.0,5.5,6.0,0,0,0,0,0,,,,,,0,0,0,2,1,7,0
535,Roschon Johnson,RB,RB127,CHI,CHI,6,2,1.7,0.28,1.7,0.28,1.7,0.28,483.0,127,117.0,52.0,523,509,-10.65,-63.88,3.0,0.0,0.85,0.0,0.47,1.6466,1.1,0.0,0,0.0,6,1.0,0,0.0,0,65.0,2,0.33,2,0.33,0.0,17,2.83,17,0,0.0,1,0,0,0,0.85,0.85,8.5,8.5,,,,0.0,,,0,0,0,0,0,,,,,,2,17,0,0,0,0,0
537,Jelani Woods,TE,TE117,NYJ,NYJ,2,2,1.4,0.7,0.9,0.45,0.4,0.2,,117,,,540,542,-9.88,-19.76,,0.14,1.26,0.7,0.99,1.4142,1.4,0.0,0,0.0,2,1.0,0,0.0,0,53.0,1,0.5,3,1.5,0.045,4,2.0,4,0,0.0,0,0,0,0,1.4,0.47,4.0,,4.0,1.33,0.3333,0.0,2.0,1.0,0,0,0,0,0,,,,,,0,0,0,3,1,4,0
537,Jared Wiley,TE,TE117,KC,KC,2,1,1.4,0.7,0.9,0.45,0.4,0.2,,117,,,540,542,-9.88,-19.76,,0.14,1.26,0.7,0.99,1.4142,1.4,0.0,0,0.0,2,1.0,0,0.0,0,54.0,1,0.5,1,0.5,0.0156,4,2.0,4,0,0.0,1,0,0,0,1.4,1.4,4.0,,4.0,4.0,1.0,0.0,-4.0,8.0,0,0,0,0,0,,,,,,0,0,0,1,1,4,0
539,Zach Wilson,QB,QB70,MIA,MIA,4,4,1.38,0.34,1.38,0.34,1.38,0.34,478.0,70,60.0,61.0,534,520,-17.13,-68.52,3.0,-0.14,1.11,0.0,0.83,2.4021,1.58,-0.2,0,0.0,4,1.0,0,0.0,0,32.0,3,0.75,3,0.75,0.0,1,0.25,33,0,0.0,3,0,0,0,0.46,0.46,0.33,0.33,,,,0.0,,,6,11,32,0,0,0.5455,2.91,5.55,,0.0,3,1,0,0,0,0,0
540,Carter Runyon,TE,TE119,LV,LV,3,1,1.3,0.43,0.8,0.27,0.3,0.1,,119,,,543,549,-10.15,-30.45,,0.0,1.04,0.0,0.75,1.7321,1.3,0.0,0,0.0,3,1.0,0,0.0,0,50.0,1,0.33,1,0.33,0.0196,3,1.0,3,0,0.0,0,0,0,0,1.3,1.3,3.0,,3.0,3.0,1.0,0.0,-3.0,6.0,0,0,0,0,0,,,,,,0,0,0,1,1,3,0
540,Samori Toure,WR,WR219,NO,NO,1,1,1.3,1.3,0.8,0.8,0.3,0.3,,219,,,543,549,-9.3,-9.3,,1.3,1.3,1.3,,,1.3,1.3,0,0.0,1,1.0,0,0.0,0,101.0,1,1.0,3,3.0,0.0882,3,3.0,3,0,0.0,0,0,0,0,1.3,0.43,3.0,,3.0,1.0,0.3333,0.0,10.0,0.0,0,0,0,0,0,,,,,,0,0,0,3,1,3,0
540,Drake Dabney,TE,TE119,GB,GB,1,1,1.3,1.3,0.8,0.8,0.3,0.3,,119,,,543,549,-9.28,-9.28,,1.3,1.3,1.3,,,1.3,1.3,0,0.0,1,1.0,0,0.0,0,60.0,1,1.0,2,2.0,0.2,3,3.0,3,0,0.0,0,0,0,0,1.3,0.65,3.0,,3.0,1.5,0.5,0.0,5.0,0.0,0,0,0,0,0,,,,,,0,0,0,2,1,3,0
543,Jacob Saylors,RB,RB128,DET,DET,11,1,1.1,0.1,1.1,0.1,1.1,0.1,492.0,128,120.0,51.0,537,523,-10.83,-119.12,3.0,0.0,0.0,0.0,0.33,3.3166,1.1,0.0,0,0.0,11,1.0,0,0.0,0,63.0,2,0.18,2,0.18,0.0,11,1.0,11,0,0.0,1,0,0,0,0.55,0.55,5.5,5.5,,,,0.0,,,0,0,0,0,0,,,,,,2,11,0,0,0,0,0
543,Josh Williams,RB,RB128,TB,TB,2,1,1.1,0.55,1.1,0.55,1.1,0.55,,128,,,537,523,-10.38,-20.76,,0.11,0.99,0.55,0.78,1.4142,1.1,0.0,0,0.0,2,1.0,0,0.0,0,59.0,4,2.0,4,2.0,0.0,11,5.5,11,0,0.0,0,0,0,0,0.28,0.28,2.75,2.75,,,,0.0,,,0,0,0,0,0,,,,,,4,11,0,0,0,0,0
543,Robert Tonyan,TE,TE121,KC,KC,2,1,1.1,0.55,0.6,0.3,0.1,0.05,,121,,,548,553,-10.03,-20.06,,0.11,0.99,0.55,0.78,1.4142,1.1,0.0,0,0.0,2,1.0,0,0.0,0,53.0,1,0.5,1,0.5,0.0116,1,0.5,1,0,0.0,0,0,0,0,1.1,1.1,1.0,,1.0,1.0,1.0,0.0,1.0,0.0,0,0,0,0,0,,,,,,0,0,0,1,1,1,0
546,Jack Westover,TE,TE122,NE,NE,4,2,1.0,0.25,0.5,0.12,0.0,0.0,487.0,122,105.0,59.0,551,557,-10.33,-41.33,3.0,0.0,0.7,0.0,0.5,2.0,1.0,0.0,0,0.0,4,1.0,0,0.0,0,54.0,1,0.25,2,0.5,0.0211,0,0.0,0,0,0.0,0,0,0,0,1.0,0.5,0.0,,0.0,0.0,0.5,0.0,1.0,0.0,0,0,0,0,0,,,,,,0,0,0,2,1,0,0
547,Brandon Allen,QB,QB71,TEN,TEN,1,1,0.88,0.88,0.88,0.88,0.88,0.88,,71,,,542,529,-16.59,-16.59,,0.88,0.88,0.88,,,0.88,0.88,0,0.0,1,1.0,0,0.0,0,35.0,0,0.0,0,0.0,0.0,0,0.0,72,0,0.0,3,1,0,0,,,,,,,,,,,17,30,72,0,1,0.5667,2.4,3.63,0.0,0.0323,0,0,0,0,0,0,0
548,Amar Johnson,RB,RB130,LAC,LAC,1,1,0.8,0.8,0.8,0.8,0.8,0.8,,130,,,543,530,-10.13,-10.13,,0.8,0.8,0.8,,,0.8,0.8,0,0.0,1,1.0,0,0.0,0,67.0,2,2.0,3,3.0,0.0417,8,8.0,8,0,0.0,0,0,0,0,0.4,0.27,4.0,4.0,,0.0,0.0,0.0,-2.0,,0,0,0,0,0,,,,,,2,8,0,1,0,0,0
549,Kalel Mullings,RB,RB131,TEN,TEN,4,3,0.7,0.18,0.7,0.18,0.7,0.18,491.0,131,119.0,58.0,547,533,-10.75,-43.02,3.0,0.0,0.37,0.15,0.21,1.178,0.4,0.0,0,0.0,4,1.0,0,0.0,0,63.0,3,0.75,3,0.75,0.0,7,1.75,7,0,0.0,2,0,0,0,0.23,0.23,2.33,2.33,,,,0.0,,,0,0,0,0,0,,,,,,3,7,0,0,0,0,0
550,Owen Wright,RB,RB132,TB,TB,2,1,0.6,0.3,0.6,0.3,0.6,0.3,,132,,,548,538,-10.63,-21.26,,0.06,0.54,0.3,0.42,1.4142,0.6,0.0,0,0.0,2,1.0,0,0.0,0,59.0,3,1.5,3,1.5,0.0,6,3.0,6,0,0.0,0,0,0,0,0.2,0.2,2.0,2.0,,,,0.0,,,0,0,0,0,0,,,,,,3,6,0,0,0,0,0
550,Myles Gaskin,RB,RB132,SEA,SEA,1,1,0.6,0.6,0.6,0.6,0.6,0.6,,132,,,548,538,-10.33,-10.33,,0.6,0.6,0.6,,,0.6,0.6,0,0.0,1,1.0,0,0.0,0,71.0,3,3.0,3,3.0,0.0,6,6.0,6,0,0.0,0,0,0,0,0.2,0.2,2.0,2.0,,,,0.0,,,0,0,0,0,0,,,,,,3,6,0,0,0,0,0
552,Sione Vaki,RB,RB134,DET,DET,8,1,0.4,0.05,0.4,0.05,0.4,0.05,494.0,134,122.0,58.0,552,542,-10.88,-87.04,3.0,0.0,0.12,0.0,0.14,2.8284,0.4,0.0,0,0.0,8,1.0,0,0.0,0,63.0,1,0.12,1,0.12,0.0,4,0.5,4,0,0.0,0,0,0,0,0.4,0.4,4.0,4.0,,,,0.0,,,0,0,0,0,0,,,,,,1,4,0,0,0,0,0
552,Craig Reynolds,RB,RB134,DET,DET,5,1,0.4,0.08,0.4,0.08,0.4,0.08,493.0,134,121.0,59.0,552,542,-10.85,-54.25,3.0,0.0,0.24,0.0,0.18,2.2361,0.4,0.0,0,0.0,5,1.0,0,0.0,0,69.0,3,0.6,3,0.6,0.0,4,0.8,4,0,0.0,0,0,0,0,0.13,0.13,1.33,1.33,,,,0.0,,,0,0,0,0,0,,,,,,3,4,0,0,0,0,0
552,Feleipe Franks,TE,TE123,ATL,ATL,10,2,0.4,0.04,0.4,0.04,0.4,0.04,495.0,123,106.0,57.0,552,542,-10.54,-105.42,3.0,0.0,0.2,0.0,0.08,2.1082,0.2,0.0,0,0.0,10,1.0,0,0.0,0,48.0,2,0.2,2,0.2,0.0,4,0.4,4,0,0.0,2,0,0,0,0.2,0.2,2.0,2.0,,,,0.0,,,0,0,0,0,0,,,,,,2,4,0,0,0,0,0
555,Kendall Milton,RB,RB136,CIN,CIN,1,1,0.2,0.2,0.2,0.2,0.2,0.2,,136,,,555,552,-10.73,-10.73,,0.2,0.2,0.2,,,0.2,0.2,0,0.0,1,1.0,0,0.0,0,73.0,2,2.0,2,2.0,0.0,2,2.0,2,0,0.0,0,0,0,0,0.1,0.1,1.0,1.0,,,,0.0,,,0,0,0,0,0,,,,,,2,2,0,0,0,0,0
556,Malik Cunningham,WR,WR220,DET,DET,1,1,0.1,0.1,0.1,0.1,0.1,0.1,,220,,,556,553,-10.5,-10.5,,0.1,0.1,0.1,,,0.1,0.1,0,0.0,1,1.0,0,0.0,0,101.0,1,1.0,1,1.0,0.0,1,1.0,1,0,0.0,0,0,0,0,0.1,0.1,1.0,1.0,,,,0.0,,,0,0,0,0,0,,,,,,1,1,0,0,0,0,0
557,Drew Lock,QB,QB72,SEA,SEA,3,3,0.1,0.03,0.1,0.03,0.1,0.03,,72,,,557,556,-17.44,-52.32,,-0.32,0.4,0.0,0.45,13.5277,0.5,-0.4,0,0.0,3,1.0,0,0.0,0,32.0,6,2.0,6,2.0,0.0,-5,-1.67,10,0,0.0,1,0,0,0,0.02,0.02,-0.83,-0.83,,,,0.0,,,2,3,15,0,0,0.6667,5.0,1.67,,0.0,6,-5,0,0,0,0,0
558,Travis Vokolek,TE,TE124,ARI,ARI,1,0,0.0,0.0,0.0,0.0,0.0,0.0,,124,,,558,557,-10.58,-10.58,,0.0,0.0,0.0,,,0.0,0.0,0,0.0,1,1.0,0,0.0,0,58.0,0,0.0,0,0.0,0.0,0,0.0,0,0,0.0,0,0,0,0,,,,,,,,,,,0,0,0,0,0,,,,,,0,0,0,0,0,0,0
558,E.J. Jenkins,TE,TE124,PHI,PHI,1,0,0.0,0.0,0.0,0.0,0.0,0.0,,124,,,558,557,-10.58,-10.58,,0.0,0.0,0.0,,,0.0,0.0,0,0.0,1,1.0,0,0.0,0,54.0,0,0.0,0,0.0,0.0,0,0.0,0,0,0.0,0,0,0,0,,,,,,,,,,,0,0,0,0,0,,,,,,0,0,0,0,0,0,0
558,Ko Kieft,TE,TE124,TB,TB,2,0,0.0,0.0,0.0,0.0,0.0,0.0,,124,,,558,557,-10.58,-21.16,,0.0,0.0,0.0,0.0,,0.0,0.0,0,0.0,2,1.0,0,0.0,0,58.0,0,0.0,0,0.0,0.0,0,0.0,0,0,0.0,0,0,0,0,,,,,,,,,,,0,0,0,0,0,,,,,,0,0,0,0,0,0,0
558,Mecole Hardman,WR,WR221,BUF,BUF,2,1,0.0,0.0,0.0,0.0,0.0,0.0,,221,,,558,557,-10.6,-21.2,,0.0,0.0,0.0,0.0,,0.0,0.0,0,0.0,2,1.0,0,0.0,0,107.0,0,0.0,1,0.5,0.0167,0,0.0,0,0,0.0,0,0,0,0,,0.0,,,,0.0,0.0,,46.0,,0,0,0,0,0,,,,,,0,0,0,1,0,0,0
558,Giovanni Ricci,TE,TE124,DET,DET,2,1,0.0,0.0,0.0,0.0,0.0,0.0,,124,,,558,557,-10.58,-21.16,,0.0,0.0,0.0,0.0,,0.0,0.0,0,0.0,2,1.0,0,0.0,0,59.0,0,0.0,1,0.5,0.0172,0,0.0,0,0,0.0,0,0,0,0,,0.0,,,,0.0,0.0,,3.0,,0,0,0,0,0,,,,,,0,0,0,1,0,0,0
558,Gary Brightwell,RB,RB137,CIN,CIN,2,0,0.0,0.0,0.0,0.0,0.0,0.0,,137,,,558,557,-10.93,-21.86,,0.0,0.0,0.0,0.0,,0.0,0.0,0,0.0,2,1.0,0,0.0,0,63.0,0,0.0,0,0.0,0.0,0,0.0,0,0,0.0,0,0,0,0,,,,,,,,,,,0,0,0,0,0,,,,,,0,0,0,0,0,0,0
558,Jordan Mims,RB,RB137,TEN,TEN,1,0,0.0,0.0,0.0,0.0,0.0,0.0,,137,,,558,557,-10.93,-10.93,,0.0,0.0,0.0,,,0.0,0.0,0,0.0,1,1.0,0,0.0,0,75.0,0,0.0,0,0.0,0.0,0,0.0,0,0,0.0,0,0,0,0,,,,,,,,,,,0,0,0,0,0,,,,,,0,0,0,0,0,0,0
558,Jamal Agnew,WR,WR221,ATL,ATL,11,0,0.0,0.0,0.0,0.0,0.0,0.0,496.0,221,202.0,62.0,558,557,-10.6,-116.6,4.0,0.0,0.0,0.0,0.0,,0.0,0.0,0,0.0,11,1.0,0,0.0,0,94.0,0,0.0,0,0.0,0.0,0,0.0,0,0,0.0,0,0,0,0,,,,,,,,,,,0,0,0,0,0,,,,,,0,0,0,0,0,0,0
558,Cameron Latu,TE,TE124,PHI,PHI,10,0,0.0,0.0,0.0,0.0,0.0,0.0,496.0,124,107.0,62.0,558,557,-10.58,-105.82,3.0,0.0,0.0,0.0,0.0,,0.0,0.0,0,0.0,10,1.0,0,0.0,0,48.0,0,0.0,0,0.0,0.0,0,0.0,0,0,0.0,0,0,0,0,,,,,,,,,,,0,0,0,0,0,,,,,,0,0,0,0,0,0,0
558,Laquon Treadwell,WR,WR221,IND,IND,6,0,0.0,0.0,0.0,0.0,0.0,0.0,496.0,221,202.0,62.0,558,557,-10.6,-63.6,4.0,0.0,0.0,0.0,0.0,,0.0,0.0,0,0.0,6,1.0,0,0.0,0,94.0,0,0.0,0,0.0,0.0,0,0.0,0,0,0.0,0,0,0,0,,,,,,,,,,,0,0,0,0,0,,,,,,0,0,0,0,0,0,0
558,Jason Brownlee,WR,WR221,KC,KC,3,1,0.0,0.0,0.0,0.0,0.0,0.0,,221,,,558,557,-10.6,-31.8,,0.0,0.0,0.0,0.0,,0.0,0.0,0,0.0,3,1.0,0,0.0,0,100.0,0,0.0,1,0.33,0.0088,0,0.0,0,0,0.0,0,0,0,0,,0.0,,,,0.0,0.0,,9.0,,0,0,0,0,0,,,,,,0,0,0,1,0,0,0
558,Brayden Willis,TE,TE124,SF,SF,6,1,0.0,0.0,0.0,0.0,0.0,0.0,496.0,124,107.0,62.0,558,557,-10.58,-63.49,3.0,0.0,0.0,0.0,0.0,,0.0,0.0,0,0.0,6,1.0,0,0.0,0,56.0,0,0.0,1,0.17,0.0044,0,0.0,0,0,0.0,0,0,0,0,,0.0,,,,0.0,0.0,,2.0,,0,0,0,0,0,,,,,,0,0,0,1,0,0,0
558,Marcedes Lewis,TE,TE124,DEN,DEN,1,0,0.0,0.0,0.0,0.0,0.0,0.0,,124,,,558,557,-10.58,-10.58,,0.0,0.0,0.0,,,0.0,0.0,0,0.0,1,1.0,0,0.0,0,55.0,0,0.0,0,0.0,0.0,0,0.0,0,0,0.0,0,0,0,0,,,,,,,,,,,0,0,0,0,0,,,,,,0,0,0,0,0,0,0
558,Robbie Ouzts,RB,RB137,SEA,SEA,4,0,0.0,0.0,0.0,0.0,0.0,0.0,496.0,137,123.0,62.0,558,557,-10.93,-43.72,3.0,0.0,0.0,0.0,0.0,,0.0,0.0,0,0.0,4,1.0,0,0.0,0,67.0,0,0.0,0,0.0,0.0,0,0.0,0,0,0.0,0,0,0,0,,,,,,,,,,,0,0,0,0,0,,,,,,0,0,0,0,0,0,0
558,Princeton Fant,TE,TE124,DAL,DAL,1,0,0.0,0.0,0.0,0.0,0.0,0.0,,124,,,558,557,-10.58,-10.58,,0.0,0.0,0.0,,,0.0,0.0,0,0.0,1,1.0,0,0.0,0,54.0,0,0.0,0,0.0,0.0,0,0.0,0,0,0.0,0,0,0,0,,,,,,,,,,,0,0,0,0,0,,,,,,0,0,0,0,0,0,0
558,Dalevon Campbell,WR,WR221,CAR,CAR,1,0,0.0,0.0,0.0,0.0,0.0,0.0,,221,,,558,557,-10.6,-10.6,,0.0,0.0,0.0,,,0.0,0.0,0,0.0,1,1.0,0,0.0,0,120.0,0,0.0,0,0.0,0.0,0,0.0,0,0,0.0,0,0,0,0,,,,,,,,,,,0,0,0,0,0,,,,,,0,0,0,0,0,0,0
558,Eric Gray,RB,RB137,NYG,NYG,1,0,0.0,0.0,0.0,0.0,0.0,0.0,,137,,,558,557,-10.93,-10.93,,0.0,0.0,0.0,,,0.0,0.0,0,0.0,1,1.0,0,0.0,0,63.0,0,0.0,0,0.0,0.0,0,0.0,0,0,0.0,0,0,0,0,,,,,,,,,,,0,0,0,0,0,,,,,,0,0,0,0,0,0,0
558,Lew Nichols III,RB,RB137,PIT,PIT,1,0,0.0,0.0,0.0,0.0,0.0,0.0,,137,,,558,557,-10.93,-10.93,,0.0,0.0,0.0,,,0.0,0.0,0,0.0,1,1.0,0,0.0,0,67.0,0,0.0,0,0.0,0.0,0,0.0,0,0,0.0,0,0,0,0,,,,,,,,,,,0,0,0,0,0,,,,,,0,0,0,0,0,0,0
558,Isaac Guerendo,RB,RB137,SF,SF,7,0,0.0,0.0,0.0,0.0,0.0,0.0,496.0,137,123.0,62.0,558,557,-10.93,-76.51,3.0,0.0,0.0,0.0,0.0,,0.0,0.0,0,0.0,7,1.0,0,0.0,0,67.0,0,0.0,0,0.0,0.0,0,0.0,0,0,0.0,0,0,0,0,,,,,,,,,,,0,0,0,0,0,,,,,,0,0,0,0,0,0,0
558,Brady Russell,RB,RB137,SEA,SEA,10,1,0.0,0.0,0.0,0.0,0.0,0.0,496.0,137,123.0,62.0,558,557,-10.93,-109.29,3.0,0.0,0.0,0.0,0.0,,0.0,0.0,0,0.0,10,1.0,0,0.0,0,63.0,0,0.0,1,0.1,0.003,0,0.0,0,0,0.0,0,0,0,0,,0.0,,,,0.0,0.0,,0.0,,0,0,0,0,0,,,,,,0,0,0,1,0,0,0
558,Justin Shorter,TE,TE124,LV,LV,3,0,0.0,0.0,0.0,0.0,0.0,0.0,,124,,,558,557,-10.58,-31.75,,0.0,0.0,0.0,0.0,,0.0,0.0,0,0.0,3,1.0,0,0.0,0,56.0,0,0.0,0,0.0,0.0,0,0.0,0,0,0.0,0,0,0,0,,,,,,,,,,,0,0,0,0,0,,,,,,0,0,0,0,0,0,0
558,Jalen Moreno-Cropper,WR,WR221,DAL,DAL,2,0,0.0,0.0,0.0,0.0,0.0,0.0,,221,,,558,557,-10.6,-21.2,,0.0,0.0,0.0,0.0,,0.0,0.0,0,0.0,2,1.0,0,0.0,0,100.0,0,0.0,0,0.0,0.0,0,0.0,0,0,0.0,0,0,0,0,,,,,,,,,,,0,0,0,0,0,,,,,,0,0,0,0,0,0,0
558,Teagan Quitoriano,TE,TE124,ATL,ATL,2,0,0.0,0.0,0.0,0.0,0.0,0.0,,124,,,558,557,-10.58,-21.16,,0.0,0.0,0.0,0.0,,0.0,0.0,0,0.0,2,1.0,0,0.0,0,59.0,0,0.0,0,0.0,0.0,0,0.0,0,0,0.0,0,0,0,0,,,,,,,,,,,0,0,0,0,0,,,,,,0,0,0,0,0,0,0
558,Trey Sermon,RB,RB137,PIT,PIT,3,0,0.0,0.0,0.0,0.0,0.0,0.0,,137,,,558,557,-10.93,-32.79,,0.0,0.0,0.0,0.0,,0.0,0.0,0,0.0,3,1.0,0,0.0,0,67.0,0,0.0,0,0.0,0.0,0,0.0,0,0,0.0,0,0,0,0,,,,,,,,,,,0,0,0,0,0,,,,,,0,0,0,0,0,0,0
558,Jeshaun Jones,WR,WR221,MIN,MIN,1,0,0.0,0.0,0.0,0.0,0.0,0.0,,221,,,558,557,-10.6,-10.6,,0.0,0.0,0.0,,,0.0,0.0,0,0.0,1,1.0,0,0.0,0,109.0,0,0.0,0,0.0,0.0,0,0.0,0,0,0.0,0,0,0,0,,,,,,,,,,,0,0,0,0,0,,,,,,0,0,0,0,0,0,0
558,Avery Williams,RB,RB137,NYJ,NYJ,1,0,0.0,0.0,0.0,0.0,0.0,0.0,,137,,,558,557,-10.93,-10.93,,0.0,0.0,0.0,,,0.0,0.0,0,0.0,1,1.0,0,0.0,0,71.0,0,0.0,0,0.0,0.0,0,0.0,0,0,0.0,0,0,0,0,,,,,,,,,,,0,0,0,0,0,,,,,,0,0,0,0,0,0,0
558,Elijah Mitchell,RB,RB137,KC,KC,1,1,0.0,0.0,0.0,0.0,0.0,0.0,,137,,,558,557,-10.93,-10.93,,0.0,0.0,0.0,,,0.0,0.0,0,0.0,1,1.0,0,0.0,0,76.0,0,0.0,1,1.0,0.0233,0,0.0,0,0,0.0,0,0,0,0,,0.0,,,,0.0,0.0,,16.0,,0,0,0,0,0,,,,,,0,0,0,1,0,0,0
558,DeAndre Carter,WR,WR221,CLE,CLE,4,0,0.0,0.0,0.0,0.0,0.0,0.0,496.0,221,202.0,62.0,558,557,-10.6,-42.4,4.0,0.0,0.0,0.0,0.0,,0.0,0.0,0,0.0,4,1.0,0,0.0,0,114.0,0,0.0,0,0.0,0.0,0,0.0,0,0,0.0,0,0,0,0,,,,,,,,,,,0,0,0,0,0,,,,,,0,0,0,0,0,0,0
558,Brett Rypien,QB,QB73,CIN,CIN,1,0,0.0,0.0,0.0,0.0,0.0,0.0,,73,,,558,557,-17.47,-17.47,,0.0,0.0,0.0,,,0.0,0.0,0,0.0,1,1.0,0,0.0,0,38.0,0,0.0,0,0.0,0.0,0,0.0,0,0,0.0,0,0,0,0,,,,,,,,,,,0,0,0,0,0,,,,,1.0,0,0,0,0,0,0,0
558,Coleman Owen,WR,WR221,IND,IND,2,1,0.0,0.0,0.0,0.0,0.0,0.0,,221,,,558,557,-10.6,-21.2,,0.0,0.0,0.0,0.0,,0.0,0.0,0,0.0,2,1.0,0,0.0,0,104.0,0,0.0,1,0.5,0.0139,0,0.0,0,0,0.0,0,0,0,0,,0.0,,,,0.0,0.0,,2.0,,0,0,0,0,0,,,,,,0,0,0,1,0,0,0
558,LaJohntay Wester,WR,WR221,BAL,BAL,14,0,0.0,0.0,0.0,0.0,0.0,0.0,496.0,221,202.0,62.0,558,557,-10.6,-148.4,4.0,0.0,0.0,0.0,0.0,,0.0,0.0,0,0.0,14,1.0,0,0.0,0,94.0,0,0.0,0,0.0,0.0,0,0.0,0,0,0.0,0,0,0,0,,,,,,,,,,,0,0,0,0,0,,,,,,0,0,0,0,0,0,0
558,DJ Turner,WR,WR221,LV,LV,1,0,0.0,0.0,0.0,0.0,0.0,0.0,,221,,,558,557,-10.6,-10.6,,0.0,0.0,0.0,,,0.0,0.0,0,0.0,1,1.0,0,0.0,0,102.0,0,0.0,0,0.0,0.0,0,0.0,0,0,0.0,0,0,0,0,,,,,,,,,,,0,0,0,0,0,,,,,,0,0,0,0,0,0,0
558,Chris Blair,WR,WR221,ATL,ATL,1,0,0.0,0.0,0.0,0.0,0.0,0.0,,221,,,558,557,-10.6,-10.6,,0.0,0.0,0.0,,,0.0,0.0,0,0.0,1,1.0,0,0.0,0,120.0,0,0.0,0,0.0,0.0,0,0.0,0,0,0.0,0,0,0,0,,,,,,,,,,,0,0,0,0,0,,,,,,0,0,0,0,0,0,0
558,Simi Fehoko,WR,WR221,ARI,ARI,7,0,0.0,0.0,0.0,0.0,0.0,0.0,496.0,221,202.0,62.0,558,557,-10.6,-74.2,4.0,0.0,0.0,0.0,0.0,,0.0,0.0,0,0.0,7,1.0,0,0.0,0,94.0,0,0.0,0,0.0,0.0,0,0.0,0,0,0.0,0,0,0,0,,,,,,,,,,,0,0,0,0,0,,,,,,0,0,0,0,0,0,0
558,Nick Kallerup,TE,TE124,SEA,SEA,4,1,0.0,0.0,0.0,0.0,0.0,0.0,496.0,124,107.0,62.0,558,557,-10.58,-42.33,3.0,0.0,0.0,0.0,0.0,,0.0,0.0,0,0.0,4,1.0,0,0.0,0,55.0,0,0.0,1,0.25,0.0208,0,0.0,0,0,0.0,0,0,0,0,,0.0,,,,0.0,0.0,,8.0,,0,0,0,0,0,,,,,,0,0,0,1,0,0,0
558,Nikola Kalinic,TE,TE124,CHI,CHI,2,0,0.0,0.0,0.0,0.0,0.0,0.0,,124,,,558,557,-10.58,-21.16,,0.0,0.0,0.0,0.0,,0.0,0.0,0,0.0,2,1.0,0,0.0,0,59.0,0,0.0,0,0.0,0.0,0,0.0,0,0,0.0,0,0,0,0,,,,,,,,,,,0,0,0,0,0,,,,,,0,0,0,0,0,0,0
558,River Cracraft,WR,WR221,WAS,WAS,2,0,0.0,0.0,0.0,0.0,0.0,0.0,,221,,,558,557,-10.6,-21.2,,0.0,0.0,0.0,0.0,,0.0,0.0,0,0.0,2,1.0,0,0.0,0,109.0,0,0.0,0,0.0,0.0,0,0.0,0,0,0.0,0,0,0,0,,,,,,,,,,,0,0,0,0,0,,,,,,0,0,0,0,0,0,0
558,Kaden Davis,WR,WR221,CLE,CLE,1,0,0.0,0.0,0.0,0.0,0.0,0.0,,221,,,558,557,-10.6,-10.6,,0.0,0.0,0.0,,,0.0,0.0,0,0.0,1,1.0,0,0.0,0,120.0,0,0.0,0,0.0,0.0,0,0.0,0,0,0.0,0,0,0,0,,,,,,,,,,,0,0,0,0,0,,,,,,0,0,0,0,0,0,0
558,Hayden Rucci,TE,TE124,MIA,MIA,1,0,0.0,0.0,0.0,0.0,0.0,0.0,,124,,,558,557,-10.58,-10.58,,0.0,0.0,0.0,,,0.0,0.0,0,0.0,1,1.0,0,0.0,0,48.0,0,0.0,0,0.0,0.0,0,0.0,0,0,0.0,0,0,0,0,,,,,,,,,,,0,0,0,0,0,,,,,,0,0,0,0,0,0,0
558,Dominic Lovett,WR,WR221,DET,DET,2,0,0.0,0.0,0.0,0.0,0.0,0.0,,221,,,558,557,-10.6,-21.2,,0.0,0.0,0.0,0.0,,0.0,0.0,0,0.0,2,1.0,0,0.0,0,94.0,0,0.0,0,0.0,0.0,0,0.0,0,0,0.0,0,0,0,0,,,,,,,,,,,0,0,0,0,0,,,,,,0,0,0,0,0,0,0
558,Chase Edmonds,RB,RB137,WAS,WAS,3,0,0.0,0.0,0.0,0.0,0.0,0.0,,137,,,558,557,-10.93,-32.79,,0.0,0.0,0.0,0.0,,0.0,0.0,0,0.0,3,1.0,0,0.0,0,76.0,0,0.0,0,0.0,0.0,0,0.0,0,0,0.0,0,0,0,0,,,,,,,,,,,0,0,0,0,0,,,,,,0,0,0,0,0,0,0
558,Thomas Fidone II,TE,TE124,NYG,NYG,1,0,0.0,0.0,0.0,0.0,0.0,0.0,,124,,,558,557,-10.58,-10.58,,0.0,0.0,0.0,,,0.0,0.0,0,0.0,1,1.0,0,0.0,0,54.0,0,0.0,0,0.0,0.0,0,0.0,0,0,0.0,0,0,0,0,,,,,,,,,,,0,0,0,0,0,,,,,,0,0,0,0,0,0,0
558,Parris Campbell,WR,WR221,DAL,DAL,1,0,0.0,0.0,0.0,0.0,0.0,0.0,,221,,,558,557,-10.6,-10.6,,0.0,0.0,0.0,,,0.0,0.0,0,0.0,1,1.0,0,0.0,0,100.0,0,0.0,0,0.0,0.0,0,0.0,0,0,0.0,0,0,0,0,,,,,,,,,,,0,0,0,0,0,,,,,,0,0,0,0,0,0,0
558,Steven Sims,WR,WR221,ARI,ARI,3,1,0.0,0.0,0.0,0.0,0.0,0.0,,221,,,558,557,-10.6,-31.8,,0.0,0.0,0.0,0.0,,0.0,0.0,0,0.0,3,1.0,0,0.0,0,109.0,0,0.0,1,0.33,0.0115,0,0.0,0,0,0.0,0,0,0,0,,0.0,,,,0.0,0.0,,2.0,,0,0,0,0,0,,,,,,0,0,0,1,0,0,0
558,Ulysses Bentley IV,RB,RB137,IND,IND,1,1,0.0,0.0,0.0,0.0,0.0,0.0,,137,,,558,557,-10.93,-10.93,,0.0,0.0,0.0,,,0.0,0.0,0,0.0,1,1.0,0,0.0,0,81.0,1,1.0,1,1.0,0.0,0,0.0,0,0,0.0,0,0,0,0,0.0,0.0,0.0,0.0,,,,0.0,,,0,0,0,0,0,,,,,,1,0,0,0,0,0,0
558,Malik Turner,WR,WR221,SF,SF,2,1,0.0,0.0,0.0,0.0,0.0,0.0,,221,,,558,557,-10.6,-21.2,,0.0,0.0,0.0,0.0,,0.0,0.0,0,0.0,2,1.0,0,0.0,0,101.0,0,0.0,1,0.5,0.0104,0,0.0,0,0,0.0,0,0,0,0,,0.0,,,,0.0,0.0,,-5.0,,0,0,0,0,0,,,,,,0,0,0,1,0,0,0
558,Jakob Johnson,RB,RB137,HOU,HOU,2,0,0.0,0.0,0.0,0.0,0.0,0.0,,137,,,558,557,-10.93,-21.86,,0.0,0.0,0.0,0.0,,0.0,0.0,0,0.0,2,1.0,0,0.0,0,75.0,0,0.0,0,0.0,0.0,0,0.0,0,0,0.0,0,0,0,0,,,,,,,,,,,0,0,0,0,0,,,,,,0,0,0,0,0,0,0
558,Dalen Cambre,WR,WR221,NYG,NYG,3,0,0.0,0.0,0.0,0.0,0.0,0.0,,221,,,558,557,-10.6,-31.8,,0.0,0.0,0.0,0.0,,0.0,0.0,0,0.0,3,1.0,0,0.0,0,104.0,0,0.0,0,0.0,0.0,0,0.0,0,0,0.0,0,0,0,0,,,,,,,,,,,0,0,0,0,0,,,,,,0,0,0,0,0,0,0
558,Myles Price,WR,WR221,MIN,MIN,16,0,0.0,0.0,0.0,0.0,0.0,0.0,496.0,221,202.0,62.0,558,557,-10.6,-169.6,4.0,0.0,0.0,0.0,0.0,,0.0,0.0,0,0.0,16,1.0,0,0.0,0,94.0,0,0.0,0,0.0,0.0,0,0.0,0,0,0.0,0,0,0,0,,,,,,,,,,,0,0,0,0,0,,,,,,0,0,0,0,0,0,0
607,Nick Mullens,QB,QB74,JAX,JAX,4,4,-0.04,-0.01,-0.04,-0.01,-0.04,-0.01,508.0,74,61.0,99.0,607,607,-17.48,-69.94,3.0,-0.27,0.31,-0.09,0.33,-32.8431,0.44,-0.3,0,0.0,4,1.0,0,0.0,0,31.0,12,3.0,12,3.0,0.0,-8,-2.0,11,0,0.0,2,0,0,0,-0.0,-0.0,-0.67,-0.67,,,,0.0,,,3,3,19,0,0,1.0,6.33,1.33,,0.0,12,-8,0,0,0,0,0
608,Kedon Slovis,QB,QB75,ARI,ARI,2,2,-0.08,-0.04,-0.08,-0.04,-0.08,-0.04,,75,,,608,608,-17.51,-35.03,,-0.07,-0.01,-0.04,0.06,-1.4142,0.0,-0.08,0,0.0,2,1.0,0,0.0,0,31.0,0,0.0,0,0.0,0.0,0,0.0,-2,0,0.0,0,0,0,0,,,,,,,,,,,1,2,-2,0,0,0.5,-1.0,1.5,,0.0,0,0,0,0,0,0,0
609,Jarrett Stidham,QB,QB76,DEN,DEN,1,1,-0.1,-0.1,-0.1,-0.1,-0.1,-0.1,,76,,,609,609,-17.57,-17.57,,-0.1,-0.1,-0.1,,,-0.1,-0.1,0,0.0,1,1.0,0,0.0,0,33.0,1,1.0,1,1.0,0.0,-1,-1.0,-1,0,0.0,0,0,0,0,-0.1,-0.1,-1.0,-1.0,,,,0.0,,,0,0,0,0,0,,,,,,1,-1,0,0,0,0,0
609,Adrian Martinez,QB,QB76,SF,SF,1,1,-0.1,-0.1,-0.1,-0.1,-0.1,-0.1,,76,,,609,609,-17.57,-17.57,,-0.1,-0.1,-0.1,,,-0.1,-0.1,0,0.0,1,1.0,0,0.0,0,31.0,1,1.0,1,1.0,0.0,-1,-1.0,-1,0,0.0,0,0,0,0,-0.1,-0.1,-1.0,-1.0,,,,0.0,,,0,0,0,0,0,,,,,,1,-1,0,0,0,0,0
611,Travis Homer,RB,RB150,CHI,CHI,8,1,-0.2,-0.02,-0.2,-0.02,-0.2,-0.02,509.0,150,126.0,102.0,611,611,-10.95,-87.64,3.0,-0.06,0.0,0.0,0.07,-2.8284,0.0,-0.2,0,0.0,8,1.0,0,0.0,0,67.0,1,0.12,1,0.12,0.0,-2,-0.25,-2,0,0.0,0,0,0,0,-0.2,-0.2,-2.0,-2.0,,,,0.0,,,0,0,0,0,0,,,,,,1,-2,0,0,0,0,0
611,Nyheim Hines,RB,RB150,NO,LAC/NO,4,1,-0.2,-0.05,-0.2,-0.05,-0.2,-0.05,510.0,150,127.0,101.0,611,611,-10.98,-43.92,3.0,-0.14,0.0,0.0,0.1,-2.0,0.0,-0.2,0,0.0,4,1.0,0,0.0,0,69.0,2,0.5,2,0.5,0.0,-2,-0.5,-2,0,0.0,0,0,0,0,-0.1,-0.1,-1.0,-1.0,,,,0.0,,,0,0,0,0,0,,,,,,2,-2,0,0,0,0,0
613,Kyle Allen,QB,QB78,DET,DET,2,2,-0.3,-0.15,-0.3,-0.15,-0.3,-0.15,,78,,,613,613,-17.62,-35.25,,-0.19,-0.11,-0.15,0.07,-0.4714,-0.1,-0.2,0,0.0,2,1.0,0,0.0,0,33.0,3,1.5,3,1.5,0.0,-3,-1.5,-3,0,0.0,0,0,0,0,-0.1,-0.1,-1.0,-1.0,,,,0.0,,,0,2,0,0,0,0.0,0.0,5.0,,0.0,3,-3,0,0,0,0,0
614,Gardner Minshew,QB,QB79,KC,KC,4,4,-0.32,-0.08,-0.32,-0.08,-0.32,-0.08,511.0,79,62.0,103.0,614,614,-17.55,-70.22,3.0,-0.87,0.89,-0.3,1.06,-13.2461,1.4,-1.12,0,0.0,4,1.0,0,0.0,0,35.0,6,1.5,6,1.5,0.0,2,0.5,39,0,0.0,2,1,0,0,-0.05,-0.05,0.33,0.33,,,,0.0,,,6,13,37,0,1,0.4615,2.85,5.23,0.0,0.0,6,2,0,0,0,0,0
615,Jimmy Garoppolo,QB,QB80,LA,LA,3,3,-1.0,-0.33,-1.0,-0.33,-1.0,-0.33,,80,,,615,615,-17.81,-53.42,,-0.38,-0.3,-0.3,0.06,-0.1732,-0.3,-0.4,0,0.0,3,1.0,0,0.0,0,34.0,9,3.0,9,3.0,0.0,-10,-3.33,-10,0,0.0,0,0,0,0,-0.11,-0.11,-1.11,-1.11,,,,0.0,,,0,0,0,0,0,,,,,,9,-10,0,0,0,0,0
616,Jalen Milroe,QB,QB81,SEA,SEA,3,3,-1.6,-0.53,-1.6,-0.53,-1.6,-0.53,,81,,,616,616,-18.01,-54.02,,-1.58,0.26,0.1,1.27,-2.3889,0.3,-2.0,0,0.0,3,1.0,0,0.0,0,34.0,3,1.0,3,1.0,0.0,4,1.33,4,0,0.0,0,1,1,0,-0.53,-0.53,1.33,1.33,,,,0.0,,,0,0,0,0,0,,,,,,3,4,0,0,0,0,0
